experiment,dataset,model,cell,seed,RMSE,fold
main_5fold,LFP,R0,7,0,1.0755934715270996,0
main_5fold,LFP,R0,9,0,0.6820836067199707,0
main_5fold,LFP,R0,19,0,2.315469741821289,0
main_5fold,LFP,R0,20,0,1.0817853212356567,0
main_5fold,LFP,R0,26,0,0.8346023559570312,0
main_5fold,LFP,R0,29,0,1.1071449518203735,0
main_5fold,LFP,R0,31,0,1.3173762559890747,0
main_5fold,LFP,R0,44,0,1.480922818183899,0
main_5fold,LFP,R0,46,0,2.6301510334014893,0
main_5fold,LFP,R0,48,0,1.6398661136627197,0
main_5fold,LFP,R0,56,0,0.6747673153877258,0
main_5fold,LFP,R0,63,0,0.7786725163459778,0
main_5fold,LFP,R0,65,0,1.5563442707061768,0
main_5fold,LFP,R0,7,1,1.0767900943756104,0
main_5fold,LFP,R0,9,1,0.9231990575790405,0
main_5fold,LFP,R0,19,1,2.3380000591278076,0
main_5fold,LFP,R0,20,1,1.1909990310668945,0
main_5fold,LFP,R0,26,1,0.9767228364944458,0
main_5fold,LFP,R0,29,1,1.2979260683059692,0
main_5fold,LFP,R0,31,1,1.5401018857955933,0
main_5fold,LFP,R0,44,1,1.712937355041504,0
main_5fold,LFP,R0,46,1,2.890082836151123,0
main_5fold,LFP,R0,48,1,1.856513261795044,0
main_5fold,LFP,R0,56,1,0.802581787109375,0
main_5fold,LFP,R0,63,1,1.0472720861434937,0
main_5fold,LFP,R0,65,1,1.8239692449569702,0
main_5fold,LFP,R0,7,2,1.1102367639541626,0
main_5fold,LFP,R0,9,2,0.7470747232437134,0
main_5fold,LFP,R0,19,2,2.255676507949829,0
main_5fold,LFP,R0,20,2,1.112203598022461,0
main_5fold,LFP,R0,26,2,0.7655100226402283,0
main_5fold,LFP,R0,29,2,1.0839290618896484,0
main_5fold,LFP,R0,31,2,1.2863335609436035,0
main_5fold,LFP,R0,44,2,1.3623754978179932,0
main_5fold,LFP,R0,46,2,2.7339141368865967,0
main_5fold,LFP,R0,48,2,1.6452513933181763,0
main_5fold,LFP,R0,56,2,0.636993408203125,0
main_5fold,LFP,R0,63,2,0.7572023868560791,0
main_5fold,LFP,R0,65,2,1.6166542768478394,0
main_5fold,LFP,R0,6,0,1.01295804977417,1
main_5fold,LFP,R0,17,0,2.2708258628845215,1
main_5fold,LFP,R0,22,0,0.787588357925415,1
main_5fold,LFP,R0,23,0,0.7344778180122375,1
main_5fold,LFP,R0,27,0,0.6804443001747131,1
main_5fold,LFP,R0,28,0,1.1792880296707153,1
main_5fold,LFP,R0,34,0,1.7087008953094482,1
main_5fold,LFP,R0,52,0,0.8106211423873901,1
main_5fold,LFP,R0,53,0,1.4010097980499268,1
main_5fold,LFP,R0,57,0,1.7746816873550415,1
main_5fold,LFP,R0,58,0,1.4278314113616943,1
main_5fold,LFP,R0,60,0,0.8494434952735901,1
main_5fold,LFP,R0,62,0,0.9755434393882751,1
main_5fold,LFP,R0,6,1,0.8820361495018005,1
main_5fold,LFP,R0,17,1,2.0547118186950684,1
main_5fold,LFP,R0,22,1,1.094637393951416,1
main_5fold,LFP,R0,23,1,1.0165910720825195,1
main_5fold,LFP,R0,27,1,0.7615372538566589,1
main_5fold,LFP,R0,28,1,1.3219141960144043,1
main_5fold,LFP,R0,34,1,1.554279088973999,1
main_5fold,LFP,R0,52,1,1.0256743431091309,1
main_5fold,LFP,R0,53,1,1.516798973083496,1
main_5fold,LFP,R0,57,1,1.7550853490829468,1
main_5fold,LFP,R0,58,1,1.4519286155700684,1
main_5fold,LFP,R0,60,1,0.8952836990356445,1
main_5fold,LFP,R0,62,1,1.141080379486084,1
main_5fold,LFP,R0,6,2,0.9891490340232849,1
main_5fold,LFP,R0,17,2,2.2221219539642334,1
main_5fold,LFP,R0,22,2,1.0428448915481567,1
main_5fold,LFP,R0,23,2,1.0173301696777344,1
main_5fold,LFP,R0,27,2,0.8352606892585754,1
main_5fold,LFP,R0,28,2,1.2095379829406738,1
main_5fold,LFP,R0,34,2,1.668761968612671,1
main_5fold,LFP,R0,52,2,0.8758170008659363,1
main_5fold,LFP,R0,53,2,1.5310919284820557,1
main_5fold,LFP,R0,57,2,1.8791537284851074,1
main_5fold,LFP,R0,58,2,1.5406992435455322,1
main_5fold,LFP,R0,60,2,0.9782461524009705,1
main_5fold,LFP,R0,62,2,1.2018650770187378,1
main_5fold,LFP,R0,5,0,1.792481780052185,2
main_5fold,LFP,R0,11,0,1.2032828330993652,2
main_5fold,LFP,R0,12,0,0.5198806524276733,2
main_5fold,LFP,R0,18,0,2.1264865398406982,2
main_5fold,LFP,R0,25,0,0.8053442239761353,2
main_5fold,LFP,R0,30,0,1.2934015989303589,2
main_5fold,LFP,R0,32,0,1.8022634983062744,2
main_5fold,LFP,R0,33,0,2.51526141166687,2
main_5fold,LFP,R0,36,0,1.138513207435608,2
main_5fold,LFP,R0,39,0,0.7559447884559631,2
main_5fold,LFP,R0,41,0,0.7255331873893738,2
main_5fold,LFP,R0,42,0,1.0225633382797241,2
main_5fold,LFP,R0,61,0,0.8816832304000854,2
main_5fold,LFP,R0,5,1,1.4613664150238037,2
main_5fold,LFP,R0,11,1,0.8734884858131409,2
main_5fold,LFP,R0,12,1,0.5266611576080322,2
main_5fold,LFP,R0,18,1,1.8797242641448975,2
main_5fold,LFP,R0,25,1,1.0389461517333984,2
main_5fold,LFP,R0,30,1,1.621599555015564,2
main_5fold,LFP,R0,32,1,1.4839980602264404,2
main_5fold,LFP,R0,33,1,2.255793809890747,2
main_5fold,LFP,R0,36,1,0.9015163779258728,2
main_5fold,LFP,R0,39,1,1.0513880252838135,2
main_5fold,LFP,R0,41,1,1.0067503452301025,2
main_5fold,LFP,R0,42,1,1.0248310565948486,2
main_5fold,LFP,R0,61,1,0.8209194540977478,2
main_5fold,LFP,R0,5,2,1.5440672636032104,2
main_5fold,LFP,R0,11,2,1.0763685703277588,2
main_5fold,LFP,R0,12,2,0.5319972634315491,2
main_5fold,LFP,R0,18,2,1.8091835975646973,2
main_5fold,LFP,R0,25,2,0.8953335881233215,2
main_5fold,LFP,R0,30,2,1.2743161916732788,2
main_5fold,LFP,R0,32,2,1.5585607290267944,2
main_5fold,LFP,R0,33,2,2.409677505493164,2
main_5fold,LFP,R0,36,2,0.9115224480628967,2
main_5fold,LFP,R0,39,2,0.8625470399856567,2
main_5fold,LFP,R0,41,2,0.8990945816040039,2
main_5fold,LFP,R0,42,2,1.116609811782837,2
main_5fold,LFP,R0,61,2,0.8990715146064758,2
main_5fold,LFP,R0,2,0,1.582858681678772,3
main_5fold,LFP,R0,8,0,0.6143967509269714,3
main_5fold,LFP,R0,13,0,0.8544759154319763,3
main_5fold,LFP,R0,21,0,0.9851207733154297,3
main_5fold,LFP,R0,24,0,0.638566255569458,3
main_5fold,LFP,R0,37,0,1.9127734899520874,3
main_5fold,LFP,R0,40,0,0.6908020973205566,3
main_5fold,LFP,R0,43,0,0.796417236328125,3
main_5fold,LFP,R0,49,0,1.3323512077331543,3
main_5fold,LFP,R0,50,0,1.7641582489013672,3
main_5fold,LFP,R0,51,0,1.9497981071472168,3
main_5fold,LFP,R0,54,0,0.7425400018692017,3
main_5fold,LFP,R0,59,0,1.477919101715088,3
main_5fold,LFP,R0,2,1,1.313758134841919,3
main_5fold,LFP,R0,8,1,0.5716286897659302,3
main_5fold,LFP,R0,13,1,0.7660998106002808,3
main_5fold,LFP,R0,21,1,1.0637160539627075,3
main_5fold,LFP,R0,24,1,0.9112396836280823,3
main_5fold,LFP,R0,37,1,1.6777149438858032,3
main_5fold,LFP,R0,40,1,0.9791656732559204,3
main_5fold,LFP,R0,43,1,1.0060935020446777,3
main_5fold,LFP,R0,49,1,1.5774492025375366,3
main_5fold,LFP,R0,50,1,1.6736319065093994,3
main_5fold,LFP,R0,51,1,2.030880928039551,3
main_5fold,LFP,R0,54,1,0.9004270434379578,3
main_5fold,LFP,R0,59,1,1.4556306600570679,3
main_5fold,LFP,R0,2,2,1.2440732717514038,3
main_5fold,LFP,R0,8,2,0.5142272710800171,3
main_5fold,LFP,R0,13,2,0.6443402171134949,3
main_5fold,LFP,R0,21,2,1.02090585231781,3
main_5fold,LFP,R0,24,2,0.7233041524887085,3
main_5fold,LFP,R0,37,2,1.5771607160568237,3
main_5fold,LFP,R0,40,2,0.8809003233909607,3
main_5fold,LFP,R0,43,2,0.9549764394760132,3
main_5fold,LFP,R0,49,2,1.6375339031219482,3
main_5fold,LFP,R0,50,2,1.5096628665924072,3
main_5fold,LFP,R0,51,2,1.946907639503479,3
main_5fold,LFP,R0,54,2,0.7266086339950562,3
main_5fold,LFP,R0,59,2,1.449557900428772,3
main_5fold,LFP,R0,3,0,3.164409637451172,4
main_5fold,LFP,R0,4,0,1.3869097232818604,4
main_5fold,LFP,R0,10,0,1.6559693813323975,4
main_5fold,LFP,R0,14,0,2.443253755569458,4
main_5fold,LFP,R0,15,0,3.0141866207122803,4
main_5fold,LFP,R0,16,0,2.446733236312866,4
main_5fold,LFP,R0,35,0,2.0764527320861816,4
main_5fold,LFP,R0,38,0,0.7211360335350037,4
main_5fold,LFP,R0,45,0,1.3291813135147095,4
main_5fold,LFP,R0,47,0,1.2380949258804321,4
main_5fold,LFP,R0,55,0,1.466198205947876,4
main_5fold,LFP,R0,64,0,0.7859047651290894,4
main_5fold,LFP,R0,3,1,3.9042654037475586,4
main_5fold,LFP,R0,4,1,1.349363923072815,4
main_5fold,LFP,R0,10,1,1.5186738967895508,4
main_5fold,LFP,R0,14,1,2.3547003269195557,4
main_5fold,LFP,R0,15,1,2.7988641262054443,4
main_5fold,LFP,R0,16,1,2.32110333442688,4
main_5fold,LFP,R0,35,1,1.9491227865219116,4
main_5fold,LFP,R0,38,1,0.9457324743270874,4
main_5fold,LFP,R0,45,1,1.610234260559082,4
main_5fold,LFP,R0,47,1,1.4379428625106812,4
main_5fold,LFP,R0,55,1,2.052614450454712,4
main_5fold,LFP,R0,64,1,0.8821549415588379,4
main_5fold,LFP,R0,3,2,3.634758234024048,4
main_5fold,LFP,R0,4,2,1.293213963508606,4
main_5fold,LFP,R0,10,2,1.5734858512878418,4
main_5fold,LFP,R0,14,2,2.317704916000366,4
main_5fold,LFP,R0,15,2,2.8068363666534424,4
main_5fold,LFP,R0,16,2,2.2085676193237305,4
main_5fold,LFP,R0,35,2,1.9928507804870605,4
main_5fold,LFP,R0,38,2,0.8838617205619812,4
main_5fold,LFP,R0,45,2,1.499031901359558,4
main_5fold,LFP,R0,47,2,1.4017897844314575,4
main_5fold,LFP,R0,55,2,1.784285545349121,4
main_5fold,LFP,R0,64,2,0.94483482837677,4
main_5fold,LFP,A2,7,0,1.144936203956604,0
main_5fold,LFP,A2,9,0,0.9487907886505127,0
main_5fold,LFP,A2,19,0,2.4047746658325195,0
main_5fold,LFP,A2,20,0,1.3018710613250732,0
main_5fold,LFP,A2,26,0,0.9819579124450684,0
main_5fold,LFP,A2,29,0,1.1727910041809082,0
main_5fold,LFP,A2,31,0,1.352602243423462,0
main_5fold,LFP,A2,44,0,1.7224308252334595,0
main_5fold,LFP,A2,46,0,2.827688455581665,0
main_5fold,LFP,A2,48,0,1.9061663150787354,0
main_5fold,LFP,A2,56,0,0.7848324179649353,0
main_5fold,LFP,A2,63,0,1.1929872035980225,0
main_5fold,LFP,A2,65,0,1.8272866010665894,0
main_5fold,LFP,A2,7,1,1.1204078197479248,0
main_5fold,LFP,A2,9,1,0.9401872754096985,0
main_5fold,LFP,A2,19,1,2.5393505096435547,0
main_5fold,LFP,A2,20,1,1.0989069938659668,0
main_5fold,LFP,A2,26,1,0.8218713402748108,0
main_5fold,LFP,A2,29,1,1.119346261024475,0
main_5fold,LFP,A2,31,1,1.3949075937271118,0
main_5fold,LFP,A2,44,1,1.7276546955108643,0
main_5fold,LFP,A2,46,1,2.6051018238067627,0
main_5fold,LFP,A2,48,1,1.814954400062561,0
main_5fold,LFP,A2,56,1,0.6713113188743591,0
main_5fold,LFP,A2,63,1,1.0817652940750122,0
main_5fold,LFP,A2,65,1,1.8908673524856567,0
main_5fold,LFP,A2,7,2,1.132465124130249,0
main_5fold,LFP,A2,9,2,0.902201235294342,0
main_5fold,LFP,A2,19,2,2.4964077472686768,0
main_5fold,LFP,A2,20,2,1.1691721677780151,0
main_5fold,LFP,A2,26,2,0.9596897959709167,0
main_5fold,LFP,A2,29,2,1.1768596172332764,0
main_5fold,LFP,A2,31,2,1.441765546798706,0
main_5fold,LFP,A2,44,2,1.7197264432907104,0
main_5fold,LFP,A2,46,2,2.712360143661499,0
main_5fold,LFP,A2,48,2,1.8063796758651733,0
main_5fold,LFP,A2,56,2,0.8042132258415222,0
main_5fold,LFP,A2,63,2,1.0720140933990479,0
main_5fold,LFP,A2,65,2,1.9231359958648682,0
main_5fold,LFP,A2,6,0,1.0279088020324707,1
main_5fold,LFP,A2,17,0,2.2480275630950928,1
main_5fold,LFP,A2,22,0,1.0677934885025024,1
main_5fold,LFP,A2,23,0,1.086351752281189,1
main_5fold,LFP,A2,27,0,0.9174282550811768,1
main_5fold,LFP,A2,28,0,1.2488958835601807,1
main_5fold,LFP,A2,34,0,1.7733972072601318,1
main_5fold,LFP,A2,52,0,1.0609506368637085,1
main_5fold,LFP,A2,53,0,1.6826308965682983,1
main_5fold,LFP,A2,57,0,1.9891417026519775,1
main_5fold,LFP,A2,58,0,1.6646325588226318,1
main_5fold,LFP,A2,60,0,1.1562473773956299,1
main_5fold,LFP,A2,62,0,1.3373082876205444,1
main_5fold,LFP,A2,6,1,1.0036072731018066,1
main_5fold,LFP,A2,17,1,2.195943593978882,1
main_5fold,LFP,A2,22,1,0.9653961062431335,1
main_5fold,LFP,A2,23,1,0.9670323133468628,1
main_5fold,LFP,A2,27,1,0.8423581123352051,1
main_5fold,LFP,A2,28,1,1.1692421436309814,1
main_5fold,LFP,A2,34,1,1.7370424270629883,1
main_5fold,LFP,A2,52,1,0.7410035133361816,1
main_5fold,LFP,A2,53,1,1.542162537574768,1
main_5fold,LFP,A2,57,1,1.894762396812439,1
main_5fold,LFP,A2,58,1,1.536592721939087,1
main_5fold,LFP,A2,60,1,0.9584883451461792,1
main_5fold,LFP,A2,62,1,1.1793546676635742,1
main_5fold,LFP,A2,6,2,1.1677688360214233,1
main_5fold,LFP,A2,17,2,2.262728452682495,1
main_5fold,LFP,A2,22,2,1.0094059705734253,1
main_5fold,LFP,A2,23,2,1.1171200275421143,1
main_5fold,LFP,A2,27,2,1.121054768562317,1
main_5fold,LFP,A2,28,2,1.1610066890716553,1
main_5fold,LFP,A2,34,2,1.9057132005691528,1
main_5fold,LFP,A2,52,2,0.7735012769699097,1
main_5fold,LFP,A2,53,2,1.8063879013061523,1
main_5fold,LFP,A2,57,2,2.134767770767212,1
main_5fold,LFP,A2,58,2,1.802948236465454,1
main_5fold,LFP,A2,60,2,1.1636089086532593,1
main_5fold,LFP,A2,62,2,1.34235680103302,1
main_5fold,LFP,A2,5,0,1.7602781057357788,2
main_5fold,LFP,A2,11,0,1.302074909210205,2
main_5fold,LFP,A2,12,0,0.7675104737281799,2
main_5fold,LFP,A2,18,0,2.210270881652832,2
main_5fold,LFP,A2,25,0,1.175028681755066,2
main_5fold,LFP,A2,30,0,1.3328438997268677,2
main_5fold,LFP,A2,32,0,1.8857152462005615,2
main_5fold,LFP,A2,33,0,2.5692710876464844,2
main_5fold,LFP,A2,36,0,1.2203593254089355,2
main_5fold,LFP,A2,39,0,1.174576997756958,2
main_5fold,LFP,A2,41,0,1.193365454673767,2
main_5fold,LFP,A2,42,0,1.3797588348388672,2
main_5fold,LFP,A2,61,0,1.2039375305175781,2
main_5fold,LFP,A2,5,1,1.6358160972595215,2
main_5fold,LFP,A2,11,1,1.0637398958206177,2
main_5fold,LFP,A2,12,1,0.6357650756835938,2
main_5fold,LFP,A2,18,1,1.9268525838851929,2
main_5fold,LFP,A2,25,1,0.9549773335456848,2
main_5fold,LFP,A2,30,1,1.5087177753448486,2
main_5fold,LFP,A2,32,1,1.6505558490753174,2
main_5fold,LFP,A2,33,1,2.40529465675354,2
main_5fold,LFP,A2,36,1,0.9981588125228882,2
main_5fold,LFP,A2,39,1,0.9507026076316833,2
main_5fold,LFP,A2,41,1,1.0471789836883545,2
main_5fold,LFP,A2,42,1,1.185450553894043,2
main_5fold,LFP,A2,61,1,0.8765557408332825,2
main_5fold,LFP,A2,5,2,1.9651819467544556,2
main_5fold,LFP,A2,11,2,1.3534175157546997,2
main_5fold,LFP,A2,12,2,0.7086789011955261,2
main_5fold,LFP,A2,18,2,2.2448794841766357,2
main_5fold,LFP,A2,25,2,0.9173303246498108,2
main_5fold,LFP,A2,30,2,1.1838581562042236,2
main_5fold,LFP,A2,32,2,1.9326846599578857,2
main_5fold,LFP,A2,33,2,2.6987078189849854,2
main_5fold,LFP,A2,36,2,1.349907636642456,2
main_5fold,LFP,A2,39,2,0.8811911940574646,2
main_5fold,LFP,A2,41,2,0.8520530462265015,2
main_5fold,LFP,A2,42,2,1.2476329803466797,2
main_5fold,LFP,A2,61,2,1.0678333044052124,2
main_5fold,LFP,A2,2,0,1.4626983404159546,3
main_5fold,LFP,A2,8,0,0.7260032296180725,3
main_5fold,LFP,A2,13,0,0.9615552425384521,3
main_5fold,LFP,A2,21,0,1.2357274293899536,3
main_5fold,LFP,A2,24,0,0.8912238478660583,3
main_5fold,LFP,A2,37,0,1.7926290035247803,3
main_5fold,LFP,A2,40,0,1.06399405002594,3
main_5fold,LFP,A2,43,0,1.2076836824417114,3
main_5fold,LFP,A2,49,0,1.6152516603469849,3
main_5fold,LFP,A2,50,0,1.6987777948379517,3
main_5fold,LFP,A2,51,0,2.2083818912506104,3
main_5fold,LFP,A2,54,0,1.0315539836883545,3
main_5fold,LFP,A2,59,0,1.6484853029251099,3
main_5fold,LFP,A2,2,1,1.4411786794662476,3
main_5fold,LFP,A2,8,1,0.6011810302734375,3
main_5fold,LFP,A2,13,1,0.8013794422149658,3
main_5fold,LFP,A2,21,1,1.1477667093276978,3
main_5fold,LFP,A2,24,1,0.8785048723220825,3
main_5fold,LFP,A2,37,1,1.6367377042770386,3
main_5fold,LFP,A2,40,1,0.9937512874603271,3
main_5fold,LFP,A2,43,1,1.0760338306427002,3
main_5fold,LFP,A2,49,1,1.5930031538009644,3
main_5fold,LFP,A2,50,1,1.682710886001587,3
main_5fold,LFP,A2,51,1,2.125420331954956,3
main_5fold,LFP,A2,54,1,0.9013820886611938,3
main_5fold,LFP,A2,59,1,1.5429209470748901,3
main_5fold,LFP,A2,2,2,1.7491068840026855,3
main_5fold,LFP,A2,8,2,0.7777529358863831,3
main_5fold,LFP,A2,13,2,1.0522910356521606,3
main_5fold,LFP,A2,21,2,1.1139360666275024,3
main_5fold,LFP,A2,24,2,0.7766600847244263,3
main_5fold,LFP,A2,37,2,2.118528366088867,3
main_5fold,LFP,A2,40,2,0.9038985371589661,3
main_5fold,LFP,A2,43,2,0.9793144464492798,3
main_5fold,LFP,A2,49,2,1.4165359735488892,3
main_5fold,LFP,A2,50,2,1.842444896697998,3
main_5fold,LFP,A2,51,2,2.164764404296875,3
main_5fold,LFP,A2,54,2,0.865903377532959,3
main_5fold,LFP,A2,59,2,1.657867193222046,3
main_5fold,LFP,A2,3,0,3.7434656620025635,4
main_5fold,LFP,A2,4,0,1.280075192451477,4
main_5fold,LFP,A2,10,0,1.5039489269256592,4
main_5fold,LFP,A2,14,0,2.501126766204834,4
main_5fold,LFP,A2,15,0,2.9450600147247314,4
main_5fold,LFP,A2,16,0,2.566262722015381,4
main_5fold,LFP,A2,35,0,1.902756929397583,4
main_5fold,LFP,A2,38,0,1.0703940391540527,4
main_5fold,LFP,A2,45,0,1.6825706958770752,4
main_5fold,LFP,A2,47,0,1.4517091512680054,4
main_5fold,LFP,A2,55,0,2.2322819232940674,4
main_5fold,LFP,A2,64,0,0.9929953813552856,4
main_5fold,LFP,A2,3,1,4.147915363311768,4
main_5fold,LFP,A2,4,1,1.5060118436813354,4
main_5fold,LFP,A2,10,1,1.684340000152588,4
main_5fold,LFP,A2,14,1,2.6123428344726562,4
main_5fold,LFP,A2,15,1,3.0592689514160156,4
main_5fold,LFP,A2,16,1,2.5642013549804688,4
main_5fold,LFP,A2,35,1,2.1450743675231934,4
main_5fold,LFP,A2,38,1,0.9522713422775269,4
main_5fold,LFP,A2,45,1,1.4721217155456543,4
main_5fold,LFP,A2,47,1,1.2989124059677124,4
main_5fold,LFP,A2,55,1,2.0817859172821045,4
main_5fold,LFP,A2,64,1,0.9315590858459473,4
main_5fold,LFP,A2,3,2,2.9810292720794678,4
main_5fold,LFP,A2,4,2,1.5303727388381958,4
main_5fold,LFP,A2,10,2,1.767683744430542,4
main_5fold,LFP,A2,14,2,2.582209587097168,4
main_5fold,LFP,A2,15,2,3.1066508293151855,4
main_5fold,LFP,A2,16,2,2.6340365409851074,4
main_5fold,LFP,A2,35,2,2.169466972351074,4
main_5fold,LFP,A2,38,2,0.788814127445221,4
main_5fold,LFP,A2,45,2,1.3316465616226196,4
main_5fold,LFP,A2,47,2,1.163048267364502,4
main_5fold,LFP,A2,55,2,1.3476240634918213,4
main_5fold,LFP,A2,64,2,0.9662998914718628,4
2.1_nmc_5fold,NMC,R0,5,0,1.2769676446914673,0
2.1_nmc_5fold,NMC,R0,8,0,4.816251277923584,0
2.1_nmc_5fold,NMC,R0,21,0,2.481677532196045,0
2.1_nmc_5fold,NMC,R0,24,0,1.2523819208145142,0
2.1_nmc_5fold,NMC,R0,26,0,1.932687520980835,0
2.1_nmc_5fold,NMC,R0,29,0,1.3811289072036743,0
2.1_nmc_5fold,NMC,R0,41,0,1.8997372388839722,0
2.1_nmc_5fold,NMC,R0,42,0,3.414226531982422,0
2.1_nmc_5fold,NMC,R0,44,0,1.5740803480148315,0
2.1_nmc_5fold,NMC,R0,5,1,1.4162914752960205,0
2.1_nmc_5fold,NMC,R0,8,1,4.967541217803955,0
2.1_nmc_5fold,NMC,R0,21,1,2.4359805583953857,0
2.1_nmc_5fold,NMC,R0,24,1,1.5374085903167725,0
2.1_nmc_5fold,NMC,R0,26,1,1.8237025737762451,0
2.1_nmc_5fold,NMC,R0,29,1,2.112905740737915,0
2.1_nmc_5fold,NMC,R0,41,1,2.3024892807006836,0
2.1_nmc_5fold,NMC,R0,42,1,3.626096725463867,0
2.1_nmc_5fold,NMC,R0,44,1,2.052586078643799,0
2.1_nmc_5fold,NMC,R0,5,2,0.9732410311698914,0
2.1_nmc_5fold,NMC,R0,8,2,3.6701912879943848,0
2.1_nmc_5fold,NMC,R0,21,2,1.5810319185256958,0
2.1_nmc_5fold,NMC,R0,24,2,1.2862448692321777,0
2.1_nmc_5fold,NMC,R0,26,2,1.564776062965393,0
2.1_nmc_5fold,NMC,R0,29,2,1.47422456741333,0
2.1_nmc_5fold,NMC,R0,41,2,1.7889355421066284,0
2.1_nmc_5fold,NMC,R0,42,2,2.523296594619751,0
2.1_nmc_5fold,NMC,R0,44,2,1.3199728727340698,0
2.1_nmc_5fold,NMC,R0,6,0,3.46252179145813,1
2.1_nmc_5fold,NMC,R0,17,0,1.6612801551818848,1
2.1_nmc_5fold,NMC,R0,19,0,1.1818273067474365,1
2.1_nmc_5fold,NMC,R0,25,0,1.381803274154663,1
2.1_nmc_5fold,NMC,R0,28,0,1.4398115873336792,1
2.1_nmc_5fold,NMC,R0,30,0,1.715732455253601,1
2.1_nmc_5fold,NMC,R0,32,0,1.7778023481369019,1
2.1_nmc_5fold,NMC,R0,35,0,4.7761149406433105,1
2.1_nmc_5fold,NMC,R0,36,0,3.85495662689209,1
2.1_nmc_5fold,NMC,R0,6,1,3.28143048286438,1
2.1_nmc_5fold,NMC,R0,17,1,1.3656986951828003,1
2.1_nmc_5fold,NMC,R0,19,1,1.3061505556106567,1
2.1_nmc_5fold,NMC,R0,25,1,1.923940658569336,1
2.1_nmc_5fold,NMC,R0,28,1,1.769648790359497,1
2.1_nmc_5fold,NMC,R0,30,1,1.6684895753860474,1
2.1_nmc_5fold,NMC,R0,32,1,2.3489952087402344,1
2.1_nmc_5fold,NMC,R0,35,1,4.754526615142822,1
2.1_nmc_5fold,NMC,R0,36,1,4.119267463684082,1
2.1_nmc_5fold,NMC,R0,6,2,3.003525733947754,1
2.1_nmc_5fold,NMC,R0,17,2,1.3693064451217651,1
2.1_nmc_5fold,NMC,R0,19,2,1.0171061754226685,1
2.1_nmc_5fold,NMC,R0,25,2,1.7282946109771729,1
2.1_nmc_5fold,NMC,R0,28,2,1.4393023252487183,1
2.1_nmc_5fold,NMC,R0,30,2,1.5504828691482544,1
2.1_nmc_5fold,NMC,R0,32,2,1.9618488550186157,1
2.1_nmc_5fold,NMC,R0,35,2,4.423917293548584,1
2.1_nmc_5fold,NMC,R0,36,2,3.618877410888672,1
2.1_nmc_5fold,NMC,R0,4,0,1.9038758277893066,2
2.1_nmc_5fold,NMC,R0,7,0,2.5399651527404785,2
2.1_nmc_5fold,NMC,R0,11,0,1.0971380472183228,2
2.1_nmc_5fold,NMC,R0,18,0,1.2396759986877441,2
2.1_nmc_5fold,NMC,R0,22,0,1.225377082824707,2
2.1_nmc_5fold,NMC,R0,27,0,2.1695008277893066,2
2.1_nmc_5fold,NMC,R0,33,0,4.085936546325684,2
2.1_nmc_5fold,NMC,R0,38,0,1.6418040990829468,2
2.1_nmc_5fold,NMC,R0,39,0,1.6348497867584229,2
2.1_nmc_5fold,NMC,R0,4,1,1.9688359498977661,2
2.1_nmc_5fold,NMC,R0,7,1,2.2808032035827637,2
2.1_nmc_5fold,NMC,R0,11,1,1.0473544597625732,2
2.1_nmc_5fold,NMC,R0,18,1,0.9691938757896423,2
2.1_nmc_5fold,NMC,R0,22,1,1.4876444339752197,2
2.1_nmc_5fold,NMC,R0,27,1,2.045612096786499,2
2.1_nmc_5fold,NMC,R0,33,1,4.2167067527771,2
2.1_nmc_5fold,NMC,R0,38,1,1.6175789833068848,2
2.1_nmc_5fold,NMC,R0,39,1,1.864749789237976,2
2.1_nmc_5fold,NMC,R0,4,2,1.707131266593933,2
2.1_nmc_5fold,NMC,R0,7,2,1.5795239210128784,2
2.1_nmc_5fold,NMC,R0,11,2,0.9989762902259827,2
2.1_nmc_5fold,NMC,R0,18,2,0.9688373804092407,2
2.1_nmc_5fold,NMC,R0,22,2,1.5249942541122437,2
2.1_nmc_5fold,NMC,R0,27,2,1.7260373830795288,2
2.1_nmc_5fold,NMC,R0,33,2,3.9277026653289795,2
2.1_nmc_5fold,NMC,R0,38,2,1.6730842590332031,2
2.1_nmc_5fold,NMC,R0,39,2,1.872069239616394,2
2.1_nmc_5fold,NMC,R0,1,0,2.3362393379211426,3
2.1_nmc_5fold,NMC,R0,10,0,1.1728323698043823,3
2.1_nmc_5fold,NMC,R0,12,0,0.9410641193389893,3
2.1_nmc_5fold,NMC,R0,13,0,1.7078434228897095,3
2.1_nmc_5fold,NMC,R0,16,0,2.0439670085906982,3
2.1_nmc_5fold,NMC,R0,20,0,1.3453277349472046,3
2.1_nmc_5fold,NMC,R0,23,0,1.2738758325576782,3
2.1_nmc_5fold,NMC,R0,31,0,1.3139913082122803,3
2.1_nmc_5fold,NMC,R0,40,0,1.476613998413086,3
2.1_nmc_5fold,NMC,R0,1,1,1.5127612352371216,3
2.1_nmc_5fold,NMC,R0,10,1,1.1287293434143066,3
2.1_nmc_5fold,NMC,R0,12,1,1.0627200603485107,3
2.1_nmc_5fold,NMC,R0,13,1,1.3488191366195679,3
2.1_nmc_5fold,NMC,R0,16,1,1.7788373231887817,3
2.1_nmc_5fold,NMC,R0,20,1,1.262001395225525,3
2.1_nmc_5fold,NMC,R0,23,1,1.3413269519805908,3
2.1_nmc_5fold,NMC,R0,31,1,1.5588458776474,3
2.1_nmc_5fold,NMC,R0,40,1,1.5216152667999268,3
2.1_nmc_5fold,NMC,R0,1,2,1.968313217163086,3
2.1_nmc_5fold,NMC,R0,10,2,1.2086328268051147,3
2.1_nmc_5fold,NMC,R0,12,2,1.104082703590393,3
2.1_nmc_5fold,NMC,R0,13,2,1.8527846336364746,3
2.1_nmc_5fold,NMC,R0,16,2,2.199547529220581,3
2.1_nmc_5fold,NMC,R0,20,2,1.2533468008041382,3
2.1_nmc_5fold,NMC,R0,23,2,1.385040044784546,3
2.1_nmc_5fold,NMC,R0,31,2,1.5335639715194702,3
2.1_nmc_5fold,NMC,R0,40,2,1.9051940441131592,3
2.1_nmc_5fold,NMC,R0,2,0,1.0675469636917114,4
2.1_nmc_5fold,NMC,R0,3,0,1.3079278469085693,4
2.1_nmc_5fold,NMC,R0,9,0,1.0660278797149658,4
2.1_nmc_5fold,NMC,R0,14,0,2.5209414958953857,4
2.1_nmc_5fold,NMC,R0,15,0,2.120201587677002,4
2.1_nmc_5fold,NMC,R0,34,0,3.1138720512390137,4
2.1_nmc_5fold,NMC,R0,37,0,1.7676045894622803,4
2.1_nmc_5fold,NMC,R0,43,0,2.047609567642212,4
2.1_nmc_5fold,NMC,R0,2,1,1.3674627542495728,4
2.1_nmc_5fold,NMC,R0,3,1,1.4408531188964844,4
2.1_nmc_5fold,NMC,R0,9,1,1.6763228178024292,4
2.1_nmc_5fold,NMC,R0,14,1,2.217622995376587,4
2.1_nmc_5fold,NMC,R0,15,1,1.9920575618743896,4
2.1_nmc_5fold,NMC,R0,34,1,3.6354990005493164,4
2.1_nmc_5fold,NMC,R0,37,1,2.1302335262298584,4
2.1_nmc_5fold,NMC,R0,43,1,1.9276454448699951,4
2.1_nmc_5fold,NMC,R0,2,2,0.9791983366012573,4
2.1_nmc_5fold,NMC,R0,3,2,1.1479711532592773,4
2.1_nmc_5fold,NMC,R0,9,2,1.3985885381698608,4
2.1_nmc_5fold,NMC,R0,14,2,2.256402015686035,4
2.1_nmc_5fold,NMC,R0,15,2,1.9438927173614502,4
2.1_nmc_5fold,NMC,R0,34,2,3.1267857551574707,4
2.1_nmc_5fold,NMC,R0,37,2,1.7390518188476562,4
2.1_nmc_5fold,NMC,R0,43,2,1.8704394102096558,4
2.1_nmc_5fold,NMC,A2,5,0,1.5652039051055908,0
2.1_nmc_5fold,NMC,A2,8,0,4.666860580444336,0
2.1_nmc_5fold,NMC,A2,21,0,2.441948652267456,0
2.1_nmc_5fold,NMC,A2,24,0,1.5591678619384766,0
2.1_nmc_5fold,NMC,A2,26,0,1.7454814910888672,0
2.1_nmc_5fold,NMC,A2,29,0,1.7478032112121582,0
2.1_nmc_5fold,NMC,A2,41,0,2.007558584213257,0
2.1_nmc_5fold,NMC,A2,42,0,3.3972036838531494,0
2.1_nmc_5fold,NMC,A2,44,0,1.7558711767196655,0
2.1_nmc_5fold,NMC,A2,5,1,1.5561723709106445,0
2.1_nmc_5fold,NMC,A2,8,1,5.222846984863281,0
2.1_nmc_5fold,NMC,A2,21,1,2.6234941482543945,0
2.1_nmc_5fold,NMC,A2,24,1,1.516038179397583,0
2.1_nmc_5fold,NMC,A2,26,1,1.6923373937606812,0
2.1_nmc_5fold,NMC,A2,29,1,1.7752138376235962,0
2.1_nmc_5fold,NMC,A2,41,1,2.3364357948303223,0
2.1_nmc_5fold,NMC,A2,42,1,3.7519288063049316,0
2.1_nmc_5fold,NMC,A2,44,1,1.9470421075820923,0
2.1_nmc_5fold,NMC,A2,5,2,1.329434871673584,0
2.1_nmc_5fold,NMC,A2,8,2,4.9760050773620605,0
2.1_nmc_5fold,NMC,A2,21,2,2.7274622917175293,0
2.1_nmc_5fold,NMC,A2,24,2,1.2059036493301392,0
2.1_nmc_5fold,NMC,A2,26,2,1.8009600639343262,0
2.1_nmc_5fold,NMC,A2,29,2,1.7460037469863892,0
2.1_nmc_5fold,NMC,A2,41,2,2.1069796085357666,0
2.1_nmc_5fold,NMC,A2,42,2,3.6398606300354004,0
2.1_nmc_5fold,NMC,A2,44,2,1.8388205766677856,0
2.1_nmc_5fold,NMC,A2,6,0,3.0068612098693848,1
2.1_nmc_5fold,NMC,A2,17,0,1.3400425910949707,1
2.1_nmc_5fold,NMC,A2,19,0,1.310468077659607,1
2.1_nmc_5fold,NMC,A2,25,0,1.9389317035675049,1
2.1_nmc_5fold,NMC,A2,28,0,1.7888505458831787,1
2.1_nmc_5fold,NMC,A2,30,0,1.6620792150497437,1
2.1_nmc_5fold,NMC,A2,32,0,2.295431613922119,1
2.1_nmc_5fold,NMC,A2,35,0,5.256743907928467,1
2.1_nmc_5fold,NMC,A2,36,0,4.471077919006348,1
2.1_nmc_5fold,NMC,A2,6,1,3.4908411502838135,1
2.1_nmc_5fold,NMC,A2,17,1,1.7494741678237915,1
2.1_nmc_5fold,NMC,A2,19,1,1.3756232261657715,1
2.1_nmc_5fold,NMC,A2,25,1,2.249626874923706,1
2.1_nmc_5fold,NMC,A2,28,1,1.8829628229141235,1
2.1_nmc_5fold,NMC,A2,30,1,1.7109054327011108,1
2.1_nmc_5fold,NMC,A2,32,1,2.341334581375122,1
2.1_nmc_5fold,NMC,A2,35,1,4.963367938995361,1
2.1_nmc_5fold,NMC,A2,36,1,4.260747909545898,1
2.1_nmc_5fold,NMC,A2,6,2,3.677597761154175,1
2.1_nmc_5fold,NMC,A2,17,2,1.7064615488052368,1
2.1_nmc_5fold,NMC,A2,19,2,1.2611163854599,1
2.1_nmc_5fold,NMC,A2,25,2,1.6865959167480469,1
2.1_nmc_5fold,NMC,A2,28,2,1.3672221899032593,1
2.1_nmc_5fold,NMC,A2,30,2,1.8587759733200073,1
2.1_nmc_5fold,NMC,A2,32,2,1.9425495862960815,1
2.1_nmc_5fold,NMC,A2,35,2,4.634469509124756,1
2.1_nmc_5fold,NMC,A2,36,2,3.8117587566375732,1
2.1_nmc_5fold,NMC,A2,4,0,2.209390878677368,2
2.1_nmc_5fold,NMC,A2,7,0,2.565713882446289,2
2.1_nmc_5fold,NMC,A2,11,0,1.192826271057129,2
2.1_nmc_5fold,NMC,A2,18,0,1.2473225593566895,2
2.1_nmc_5fold,NMC,A2,22,0,1.5041080713272095,2
2.1_nmc_5fold,NMC,A2,27,0,2.062809467315674,2
2.1_nmc_5fold,NMC,A2,33,0,4.19709587097168,2
2.1_nmc_5fold,NMC,A2,38,0,1.7202764749526978,2
2.1_nmc_5fold,NMC,A2,39,0,2.001005172729492,2
2.1_nmc_5fold,NMC,A2,4,1,1.972804069519043,2
2.1_nmc_5fold,NMC,A2,7,1,2.62304425239563,2
2.1_nmc_5fold,NMC,A2,11,1,1.062853217124939,2
2.1_nmc_5fold,NMC,A2,18,1,1.16408371925354,2
2.1_nmc_5fold,NMC,A2,22,1,1.4064006805419922,2
2.1_nmc_5fold,NMC,A2,27,1,1.7429426908493042,2
2.1_nmc_5fold,NMC,A2,33,1,4.576651573181152,2
2.1_nmc_5fold,NMC,A2,38,1,1.5304116010665894,2
2.1_nmc_5fold,NMC,A2,39,1,2.249364137649536,2
2.1_nmc_5fold,NMC,A2,4,2,2.7253434658050537,2
2.1_nmc_5fold,NMC,A2,7,2,3.3133630752563477,2
2.1_nmc_5fold,NMC,A2,11,2,1.1119909286499023,2
2.1_nmc_5fold,NMC,A2,18,2,0.968600869178772,2
2.1_nmc_5fold,NMC,A2,22,2,1.874836802482605,2
2.1_nmc_5fold,NMC,A2,27,2,2.4486305713653564,2
2.1_nmc_5fold,NMC,A2,33,2,4.203397750854492,2
2.1_nmc_5fold,NMC,A2,38,2,2.058961868286133,2
2.1_nmc_5fold,NMC,A2,39,2,1.571475625038147,2
2.1_nmc_5fold,NMC,A2,1,0,2.48708438873291,3
2.1_nmc_5fold,NMC,A2,10,0,1.4251821041107178,3
2.1_nmc_5fold,NMC,A2,12,0,1.3489580154418945,3
2.1_nmc_5fold,NMC,A2,13,0,1.6161800622940063,3
2.1_nmc_5fold,NMC,A2,16,0,1.9446860551834106,3
2.1_nmc_5fold,NMC,A2,20,0,1.343969702720642,3
2.1_nmc_5fold,NMC,A2,23,0,1.6668208837509155,3
2.1_nmc_5fold,NMC,A2,31,0,2.1290879249572754,3
2.1_nmc_5fold,NMC,A2,40,0,1.7941309213638306,3
2.1_nmc_5fold,NMC,A2,1,1,1.848146677017212,3
2.1_nmc_5fold,NMC,A2,10,1,1.2245941162109375,3
2.1_nmc_5fold,NMC,A2,12,1,1.1487370729446411,3
2.1_nmc_5fold,NMC,A2,13,1,1.7566030025482178,3
2.1_nmc_5fold,NMC,A2,16,1,1.9631571769714355,3
2.1_nmc_5fold,NMC,A2,20,1,1.38651442527771,3
2.1_nmc_5fold,NMC,A2,23,1,1.4538549184799194,3
2.1_nmc_5fold,NMC,A2,31,1,1.5178799629211426,3
2.1_nmc_5fold,NMC,A2,40,1,1.8214384317398071,3
2.1_nmc_5fold,NMC,A2,1,2,2.3702800273895264,3
2.1_nmc_5fold,NMC,A2,10,2,1.2903025150299072,3
2.1_nmc_5fold,NMC,A2,12,2,0.9642345905303955,3
2.1_nmc_5fold,NMC,A2,13,2,1.5783478021621704,3
2.1_nmc_5fold,NMC,A2,16,2,1.9164910316467285,3
2.1_nmc_5fold,NMC,A2,20,2,1.297864556312561,3
2.1_nmc_5fold,NMC,A2,23,2,1.5604814291000366,3
2.1_nmc_5fold,NMC,A2,31,2,1.101938009262085,3
2.1_nmc_5fold,NMC,A2,40,2,1.5898828506469727,3
2.1_nmc_5fold,NMC,A2,2,0,1.1785805225372314,4
2.1_nmc_5fold,NMC,A2,3,0,1.2826212644577026,4
2.1_nmc_5fold,NMC,A2,9,0,1.3826826810836792,4
2.1_nmc_5fold,NMC,A2,14,0,2.1526639461517334,4
2.1_nmc_5fold,NMC,A2,15,0,1.956307053565979,4
2.1_nmc_5fold,NMC,A2,34,0,3.6982810497283936,4
2.1_nmc_5fold,NMC,A2,37,0,1.8280318975448608,4
2.1_nmc_5fold,NMC,A2,43,0,1.6866577863693237,4
2.1_nmc_5fold,NMC,A2,2,1,1.262913703918457,4
2.1_nmc_5fold,NMC,A2,3,1,1.2739932537078857,4
2.1_nmc_5fold,NMC,A2,9,1,1.3563075065612793,4
2.1_nmc_5fold,NMC,A2,14,1,2.299729108810425,4
2.1_nmc_5fold,NMC,A2,15,1,2.0521373748779297,4
2.1_nmc_5fold,NMC,A2,34,1,3.4934725761413574,4
2.1_nmc_5fold,NMC,A2,37,1,1.9008861780166626,4
2.1_nmc_5fold,NMC,A2,43,1,2.310800075531006,4
2.1_nmc_5fold,NMC,A2,2,2,1.0641162395477295,4
2.1_nmc_5fold,NMC,A2,3,2,1.2540795803070068,4
2.1_nmc_5fold,NMC,A2,9,2,1.120271921157837,4
2.1_nmc_5fold,NMC,A2,14,2,2.818969964981079,4
2.1_nmc_5fold,NMC,A2,15,2,2.3872463703155518,4
2.1_nmc_5fold,NMC,A2,34,2,3.0968995094299316,4
2.1_nmc_5fold,NMC,A2,37,2,1.784281611442566,4
2.1_nmc_5fold,NMC,A2,43,2,2.156776189804077,4
3.1_logo,LFP,R0,2,0,1.7780144214630127,1
3.1_logo,LFP,R0,3,0,3.267132043838501,1
3.1_logo,LFP,R0,4,0,1.444472074508667,1
3.1_logo,LFP,R0,5,0,1.776463508605957,1
3.1_logo,LFP,R0,6,0,1.3206781148910522,1
3.1_logo,LFP,R0,7,0,1.3375051021575928,1
3.1_logo,LFP,R0,2,1,1.315523624420166,1
3.1_logo,LFP,R0,3,1,3.5283844470977783,1
3.1_logo,LFP,R0,4,1,1.002119541168213,1
3.1_logo,LFP,R0,5,1,1.3614261150360107,1
3.1_logo,LFP,R0,6,1,0.9393306970596313,1
3.1_logo,LFP,R0,7,1,0.9170633554458618,1
3.1_logo,LFP,R0,2,2,1.4107015132904053,1
3.1_logo,LFP,R0,3,2,3.3095102310180664,1
3.1_logo,LFP,R0,4,2,1.1607023477554321,1
3.1_logo,LFP,R0,5,2,1.4435310363769531,1
3.1_logo,LFP,R0,6,2,1.0803993940353394,1
3.1_logo,LFP,R0,7,2,1.0666019916534424,1
3.1_logo,LFP,R0,8,0,0.5673652291297913,2
3.1_logo,LFP,R0,9,0,0.8933940529823303,2
3.1_logo,LFP,R0,10,0,1.5800319910049438,2
3.1_logo,LFP,R0,11,0,1.0059103965759277,2
3.1_logo,LFP,R0,12,0,0.5214150547981262,2
3.1_logo,LFP,R0,13,0,0.7322597503662109,2
3.1_logo,LFP,R0,8,1,0.5723848938941956,2
3.1_logo,LFP,R0,9,1,0.8957510590553284,2
3.1_logo,LFP,R0,10,1,1.5363116264343262,2
3.1_logo,LFP,R0,11,1,1.0147051811218262,2
3.1_logo,LFP,R0,12,1,0.6149668097496033,2
3.1_logo,LFP,R0,13,1,0.7713332772254944,2
3.1_logo,LFP,R0,8,2,0.5351684093475342,2
3.1_logo,LFP,R0,9,2,0.6835796236991882,2
3.1_logo,LFP,R0,10,2,1.6666736602783203,2
3.1_logo,LFP,R0,11,2,1.0894532203674316,2
3.1_logo,LFP,R0,12,2,0.6026771664619446,2
3.1_logo,LFP,R0,13,2,0.8322647213935852,2
3.1_logo,LFP,R0,14,0,3.0680530071258545,3
3.1_logo,LFP,R0,15,0,3.757375478744507,3
3.1_logo,LFP,R0,16,0,3.3039803504943848,3
3.1_logo,LFP,R0,17,0,3.052446126937866,3
3.1_logo,LFP,R0,18,0,2.7769031524658203,3
3.1_logo,LFP,R0,19,0,3.3376574516296387,3
3.1_logo,LFP,R0,14,1,2.769987106323242,3
3.1_logo,LFP,R0,15,1,3.269775867462158,3
3.1_logo,LFP,R0,16,1,2.8829185962677,3
3.1_logo,LFP,R0,17,1,2.7731196880340576,3
3.1_logo,LFP,R0,18,1,2.5052247047424316,3
3.1_logo,LFP,R0,19,1,3.026080846786499,3
3.1_logo,LFP,R0,14,2,2.8702552318573,3
3.1_logo,LFP,R0,15,2,3.382770538330078,3
3.1_logo,LFP,R0,16,2,2.8067429065704346,3
3.1_logo,LFP,R0,17,2,2.899710178375244,3
3.1_logo,LFP,R0,18,2,2.5797903537750244,3
3.1_logo,LFP,R0,19,2,3.048755168914795,3
3.1_logo,LFP,R0,20,0,1.3172883987426758,4
3.1_logo,LFP,R0,21,0,1.161492943763733,4
3.1_logo,LFP,R0,22,0,1.0909210443496704,4
3.1_logo,LFP,R0,23,0,1.0263594388961792,4
3.1_logo,LFP,R0,24,0,0.9071001410484314,4
3.1_logo,LFP,R0,25,0,1.0949026346206665,4
3.1_logo,LFP,R0,20,1,1.193527340888977,4
3.1_logo,LFP,R0,21,1,1.0555739402770996,4
3.1_logo,LFP,R0,22,1,1.161089301109314,4
3.1_logo,LFP,R0,23,1,1.0995038747787476,4
3.1_logo,LFP,R0,24,1,0.9696570038795471,4
3.1_logo,LFP,R0,25,1,1.1393444538116455,4
3.1_logo,LFP,R0,20,2,1.2124111652374268,4
3.1_logo,LFP,R0,21,2,1.0781892538070679,4
3.1_logo,LFP,R0,22,2,1.110047459602356,4
3.1_logo,LFP,R0,23,2,0.9988681077957153,4
3.1_logo,LFP,R0,24,2,0.8034966588020325,4
3.1_logo,LFP,R0,25,2,1.039777159690857,4
3.1_logo,LFP,R0,26,0,0.9423977136611938,5
3.1_logo,LFP,R0,27,0,0.7774009108543396,5
3.1_logo,LFP,R0,28,0,1.565029501914978,5
3.1_logo,LFP,R0,29,0,1.3063255548477173,5
3.1_logo,LFP,R0,30,0,1.7037228345870972,5
3.1_logo,LFP,R0,31,0,1.6996650695800781,5
3.1_logo,LFP,R0,26,1,1.131397008895874,5
3.1_logo,LFP,R0,27,1,0.885688304901123,5
3.1_logo,LFP,R0,28,1,1.7026071548461914,5
3.1_logo,LFP,R0,29,1,1.5152019262313843,5
3.1_logo,LFP,R0,30,1,1.868603229522705,5
3.1_logo,LFP,R0,31,1,1.8311221599578857,5
3.1_logo,LFP,R0,26,2,1.0943841934204102,5
3.1_logo,LFP,R0,27,2,0.8756815195083618,5
3.1_logo,LFP,R0,28,2,1.744749665260315,5
3.1_logo,LFP,R0,29,2,1.4736754894256592,5
3.1_logo,LFP,R0,30,2,1.943092703819275,5
3.1_logo,LFP,R0,31,2,1.920737862586975,5
3.1_logo,LFP,R0,32,0,1.8418846130371094,6
3.1_logo,LFP,R0,33,0,2.5796055793762207,6
3.1_logo,LFP,R0,34,0,1.9290695190429688,6
3.1_logo,LFP,R0,35,0,2.163278818130493,6
3.1_logo,LFP,R0,36,0,1.1687942743301392,6
3.1_logo,LFP,R0,37,0,2.0984745025634766,6
3.1_logo,LFP,R0,32,1,1.7292511463165283,6
3.1_logo,LFP,R0,33,1,2.513723611831665,6
3.1_logo,LFP,R0,34,1,1.89581298828125,6
3.1_logo,LFP,R0,35,1,2.0914242267608643,6
3.1_logo,LFP,R0,36,1,1.2869919538497925,6
3.1_logo,LFP,R0,37,1,2.073371648788452,6
3.1_logo,LFP,R0,32,2,1.6263474225997925,6
3.1_logo,LFP,R0,33,2,2.3639159202575684,6
3.1_logo,LFP,R0,34,2,1.7330819368362427,6
3.1_logo,LFP,R0,35,2,1.94553804397583,6
3.1_logo,LFP,R0,36,2,0.9614588618278503,6
3.1_logo,LFP,R0,37,2,1.8193953037261963,6
3.1_logo,LFP,R0,38,0,0.7909784913063049,7
3.1_logo,LFP,R0,39,0,1.0078016519546509,7
3.1_logo,LFP,R0,40,0,0.8868693709373474,7
3.1_logo,LFP,R0,41,0,0.907822847366333,7
3.1_logo,LFP,R0,42,0,1.1641063690185547,7
3.1_logo,LFP,R0,43,0,0.8764270544052124,7
3.1_logo,LFP,R0,38,1,1.0184515714645386,7
3.1_logo,LFP,R0,39,1,1.200268268585205,7
3.1_logo,LFP,R0,40,1,1.0837305784225464,7
3.1_logo,LFP,R0,41,1,1.1468883752822876,7
3.1_logo,LFP,R0,42,1,1.23136568069458,7
3.1_logo,LFP,R0,43,1,0.9978591203689575,7
3.1_logo,LFP,R0,38,2,0.8586695194244385,7
3.1_logo,LFP,R0,39,2,0.9960246682167053,7
3.1_logo,LFP,R0,40,2,0.9240096807479858,7
3.1_logo,LFP,R0,41,2,0.9828499555587769,7
3.1_logo,LFP,R0,42,2,1.0247349739074707,7
3.1_logo,LFP,R0,43,2,0.7974137663841248,7
3.1_logo,LFP,R0,44,0,1.4106366634368896,8
3.1_logo,LFP,R0,45,0,1.5718448162078857,8
3.1_logo,LFP,R0,46,0,2.260744333267212,8
3.1_logo,LFP,R0,47,0,1.4627269506454468,8
3.1_logo,LFP,R0,48,0,1.5389333963394165,8
3.1_logo,LFP,R0,49,0,1.6755645275115967,8
3.1_logo,LFP,R0,44,1,1.615129828453064,8
3.1_logo,LFP,R0,45,1,1.814013957977295,8
3.1_logo,LFP,R0,46,1,2.58322811126709,8
3.1_logo,LFP,R0,47,1,1.749688982963562,8
3.1_logo,LFP,R0,48,1,1.7929682731628418,8
3.1_logo,LFP,R0,49,1,1.8642878532409668,8
3.1_logo,LFP,R0,44,2,1.5365560054779053,8
3.1_logo,LFP,R0,45,2,1.6533044576644897,8
3.1_logo,LFP,R0,46,2,2.500704050064087,8
3.1_logo,LFP,R0,47,2,1.575278639793396,8
3.1_logo,LFP,R0,48,2,1.6544915437698364,8
3.1_logo,LFP,R0,49,2,1.7724955081939697,8
3.1_logo,LFP,R0,50,0,1.6942392587661743,9
3.1_logo,LFP,R0,51,0,2.130056858062744,9
3.1_logo,LFP,R0,52,0,1.027023196220398,9
3.1_logo,LFP,R0,53,0,1.5161614418029785,9
3.1_logo,LFP,R0,54,0,0.8769373893737793,9
3.1_logo,LFP,R0,55,0,1.324479103088379,9
3.1_logo,LFP,R0,50,1,1.330873727798462,9
3.1_logo,LFP,R0,51,1,1.9170247316360474,9
3.1_logo,LFP,R0,52,1,1.3818583488464355,9
3.1_logo,LFP,R0,53,1,1.3161817789077759,9
3.1_logo,LFP,R0,54,1,1.0054078102111816,9
3.1_logo,LFP,R0,55,1,1.6588331460952759,9
3.1_logo,LFP,R0,50,2,1.5207079648971558,9
3.1_logo,LFP,R0,51,2,2.0087356567382812,9
3.1_logo,LFP,R0,52,2,1.1053553819656372,9
3.1_logo,LFP,R0,53,2,1.41682767868042,9
3.1_logo,LFP,R0,54,2,0.8100679516792297,9
3.1_logo,LFP,R0,55,2,1.4512090682983398,9
3.1_logo,LFP,R0,56,0,0.8426370620727539,10
3.1_logo,LFP,R0,57,0,1.998697280883789,10
3.1_logo,LFP,R0,58,0,1.6121468544006348,10
3.1_logo,LFP,R0,59,0,1.7325578927993774,10
3.1_logo,LFP,R0,60,0,1.0131714344024658,10
3.1_logo,LFP,R0,61,0,1.3322300910949707,10
3.1_logo,LFP,R0,56,1,0.8798830509185791,10
3.1_logo,LFP,R0,57,1,1.9443912506103516,10
3.1_logo,LFP,R0,58,1,1.5853030681610107,10
3.1_logo,LFP,R0,59,1,1.701585054397583,10
3.1_logo,LFP,R0,60,1,1.0450330972671509,10
3.1_logo,LFP,R0,61,1,1.313079833984375,10
3.1_logo,LFP,R0,56,2,0.8512252569198608,10
3.1_logo,LFP,R0,57,2,2.012019157409668,10
3.1_logo,LFP,R0,58,2,1.6388609409332275,10
3.1_logo,LFP,R0,59,2,1.7172093391418457,10
3.1_logo,LFP,R0,60,2,1.0083520412445068,10
3.1_logo,LFP,R0,61,2,1.3594237565994263,10
3.1_logo,LFP,R0,62,0,0.9933490753173828,11
3.1_logo,LFP,R0,63,0,0.7898468971252441,11
3.1_logo,LFP,R0,64,0,0.8172749280929565,11
3.1_logo,LFP,R0,65,0,0.960101842880249,11
3.1_logo,LFP,R0,62,1,1.0392053127288818,11
3.1_logo,LFP,R0,63,1,0.9772652387619019,11
3.1_logo,LFP,R0,64,1,0.9600943326950073,11
3.1_logo,LFP,R0,65,1,1.3745105266571045,11
3.1_logo,LFP,R0,62,2,0.9867048859596252,11
3.1_logo,LFP,R0,63,2,0.8792713284492493,11
3.1_logo,LFP,R0,64,2,0.8747584819793701,11
3.1_logo,LFP,R0,65,2,1.300167441368103,11
3.1_logo,LFP,A2,2,0,1.661579966545105,1
3.1_logo,LFP,A2,3,0,4.131219863891602,1
3.1_logo,LFP,A2,4,0,1.4619864225387573,1
3.1_logo,LFP,A2,5,0,1.8774367570877075,1
3.1_logo,LFP,A2,6,0,1.352919101715088,1
3.1_logo,LFP,A2,7,0,1.2391729354858398,1
3.1_logo,LFP,A2,2,1,1.487152099609375,1
3.1_logo,LFP,A2,3,1,3.675605058670044,1
3.1_logo,LFP,A2,4,1,1.301514744758606,1
3.1_logo,LFP,A2,5,1,1.582000970840454,1
3.1_logo,LFP,A2,6,1,1.1631916761398315,1
3.1_logo,LFP,A2,7,1,1.1265337467193604,1
3.1_logo,LFP,A2,2,2,1.8884199857711792,1
3.1_logo,LFP,A2,3,2,2.7162258625030518,1
3.1_logo,LFP,A2,4,2,1.6819405555725098,1
3.1_logo,LFP,A2,5,2,1.9961150884628296,1
3.1_logo,LFP,A2,6,2,1.4916865825653076,1
3.1_logo,LFP,A2,7,2,1.6064554452896118,1
3.1_logo,LFP,A2,8,0,0.7207892537117004,2
3.1_logo,LFP,A2,9,0,0.862658679485321,2
3.1_logo,LFP,A2,10,0,1.5558174848556519,2
3.1_logo,LFP,A2,11,0,1.052790880203247,2
3.1_logo,LFP,A2,12,0,0.7006399035453796,2
3.1_logo,LFP,A2,13,0,0.9023423790931702,2
3.1_logo,LFP,A2,8,1,0.769554078578949,2
3.1_logo,LFP,A2,9,1,0.781359076499939,2
3.1_logo,LFP,A2,10,1,1.6789305210113525,2
3.1_logo,LFP,A2,11,1,1.2101075649261475,2
3.1_logo,LFP,A2,12,1,0.7395455837249756,2
3.1_logo,LFP,A2,13,1,1.015177845954895,2
3.1_logo,LFP,A2,8,2,0.8706645369529724,2
3.1_logo,LFP,A2,9,2,0.654929518699646,2
3.1_logo,LFP,A2,10,2,1.811119556427002,2
3.1_logo,LFP,A2,11,2,1.3760145902633667,2
3.1_logo,LFP,A2,12,2,0.7332626581192017,2
3.1_logo,LFP,A2,13,2,1.1866939067840576,2
3.1_logo,LFP,A2,14,0,2.752572774887085,3
3.1_logo,LFP,A2,15,0,3.488295078277588,3
3.1_logo,LFP,A2,16,0,3.0968017578125,3
3.1_logo,LFP,A2,17,0,2.841599941253662,3
3.1_logo,LFP,A2,18,0,2.628467559814453,3
3.1_logo,LFP,A2,19,0,3.0951199531555176,3
3.1_logo,LFP,A2,14,1,2.8124771118164062,3
3.1_logo,LFP,A2,15,1,3.4487874507904053,3
3.1_logo,LFP,A2,16,1,3.047396183013916,3
3.1_logo,LFP,A2,17,1,2.93921160697937,3
3.1_logo,LFP,A2,18,1,2.5950474739074707,3
3.1_logo,LFP,A2,19,1,3.0691823959350586,3
3.1_logo,LFP,A2,14,2,2.884286642074585,3
3.1_logo,LFP,A2,15,2,3.6088993549346924,3
3.1_logo,LFP,A2,16,2,3.131263256072998,3
3.1_logo,LFP,A2,17,2,2.8856406211853027,3
3.1_logo,LFP,A2,18,2,2.5338973999023438,3
3.1_logo,LFP,A2,19,2,3.064786195755005,3
3.1_logo,LFP,A2,20,0,1.334485650062561,4
3.1_logo,LFP,A2,21,0,1.222360372543335,4
3.1_logo,LFP,A2,22,0,1.2245146036148071,4
3.1_logo,LFP,A2,23,0,1.219607949256897,4
3.1_logo,LFP,A2,24,0,1.0205656290054321,4
3.1_logo,LFP,A2,25,0,1.2014333009719849,4
3.1_logo,LFP,A2,20,1,1.3434817790985107,4
3.1_logo,LFP,A2,21,1,1.2041348218917847,4
3.1_logo,LFP,A2,22,1,1.1928380727767944,4
3.1_logo,LFP,A2,23,1,1.1112438440322876,4
3.1_logo,LFP,A2,24,1,1.0203889608383179,4
3.1_logo,LFP,A2,25,1,1.1921535730361938,4
3.1_logo,LFP,A2,20,2,1.4577564001083374,4
3.1_logo,LFP,A2,21,2,1.316686749458313,4
3.1_logo,LFP,A2,22,2,1.1104661226272583,4
3.1_logo,LFP,A2,23,2,1.091589093208313,4
3.1_logo,LFP,A2,24,2,0.9715142846107483,4
3.1_logo,LFP,A2,25,2,1.1868510246276855,4
3.1_logo,LFP,A2,26,0,1.0442485809326172,5
3.1_logo,LFP,A2,27,0,0.8285830616950989,5
3.1_logo,LFP,A2,28,0,1.4989008903503418,5
3.1_logo,LFP,A2,29,0,1.3193943500518799,5
3.1_logo,LFP,A2,30,0,1.6339854001998901,5
3.1_logo,LFP,A2,31,0,1.6568145751953125,5
3.1_logo,LFP,A2,26,1,0.8447717428207397,5
3.1_logo,LFP,A2,27,1,0.6714475154876709,5
3.1_logo,LFP,A2,28,1,1.4431953430175781,5
3.1_logo,LFP,A2,29,1,1.2270582914352417,5
3.1_logo,LFP,A2,30,1,1.5613123178482056,5
3.1_logo,LFP,A2,31,1,1.5841782093048096,5
3.1_logo,LFP,A2,26,2,0.9381685256958008,5
3.1_logo,LFP,A2,27,2,0.8231061100959778,5
3.1_logo,LFP,A2,28,2,1.3054461479187012,5
3.1_logo,LFP,A2,29,2,1.0865943431854248,5
3.1_logo,LFP,A2,30,2,1.348466396331787,5
3.1_logo,LFP,A2,31,2,1.3769999742507935,5
3.1_logo,LFP,A2,32,0,2.04909348487854,6
3.1_logo,LFP,A2,33,0,2.6722986698150635,6
3.1_logo,LFP,A2,34,0,2.0837604999542236,6
3.1_logo,LFP,A2,35,0,2.284538507461548,6
3.1_logo,LFP,A2,36,0,1.461836576461792,6
3.1_logo,LFP,A2,37,0,2.2892935276031494,6
3.1_logo,LFP,A2,32,1,1.9750547409057617,6
3.1_logo,LFP,A2,33,1,2.664600372314453,6
3.1_logo,LFP,A2,34,1,2.0836098194122314,6
3.1_logo,LFP,A2,35,1,2.3024160861968994,6
3.1_logo,LFP,A2,36,1,1.3640064001083374,6
3.1_logo,LFP,A2,37,1,2.143423318862915,6
3.1_logo,LFP,A2,32,2,2.098456859588623,6
3.1_logo,LFP,A2,33,2,2.751985549926758,6
3.1_logo,LFP,A2,34,2,2.2373063564300537,6
3.1_logo,LFP,A2,35,2,2.3598530292510986,6
3.1_logo,LFP,A2,36,2,1.5152324438095093,6
3.1_logo,LFP,A2,37,2,2.3088037967681885,6
3.1_logo,LFP,A2,38,0,1.1766184568405151,7
3.1_logo,LFP,A2,39,0,1.3832918405532837,7
3.1_logo,LFP,A2,40,0,1.3129866123199463,7
3.1_logo,LFP,A2,41,0,1.3211807012557983,7
3.1_logo,LFP,A2,42,0,1.3014802932739258,7
3.1_logo,LFP,A2,43,0,1.1097831726074219,7
3.1_logo,LFP,A2,38,1,1.0287609100341797,7
3.1_logo,LFP,A2,39,1,0.9634189605712891,7
3.1_logo,LFP,A2,40,1,0.9763849377632141,7
3.1_logo,LFP,A2,41,1,1.0131421089172363,7
3.1_logo,LFP,A2,42,1,1.1785321235656738,7
3.1_logo,LFP,A2,43,1,0.900906503200531,7
3.1_logo,LFP,A2,38,2,0.7947221994400024,7
3.1_logo,LFP,A2,39,2,1.0264792442321777,7
3.1_logo,LFP,A2,40,2,0.9705361723899841,7
3.1_logo,LFP,A2,41,2,0.9923884272575378,7
3.1_logo,LFP,A2,42,2,1.152524709701538,7
3.1_logo,LFP,A2,43,2,0.9147984981536865,7
3.1_logo,LFP,A2,44,0,1.8571851253509521,8
3.1_logo,LFP,A2,45,0,1.9210197925567627,8
3.1_logo,LFP,A2,46,0,2.656672716140747,8
3.1_logo,LFP,A2,47,0,1.7015239000320435,8
3.1_logo,LFP,A2,48,0,1.902298092842102,8
3.1_logo,LFP,A2,49,0,2.001810312271118,8
3.1_logo,LFP,A2,44,1,1.7307406663894653,8
3.1_logo,LFP,A2,45,1,1.8584798574447632,8
3.1_logo,LFP,A2,46,1,2.65916109085083,8
3.1_logo,LFP,A2,47,1,1.7138620615005493,8
3.1_logo,LFP,A2,48,1,1.874733805656433,8
3.1_logo,LFP,A2,49,1,1.8863329887390137,8
3.1_logo,LFP,A2,44,2,1.3940619230270386,8
3.1_logo,LFP,A2,45,2,1.5267198085784912,8
3.1_logo,LFP,A2,46,2,2.4141721725463867,8
3.1_logo,LFP,A2,47,2,1.4100868701934814,8
3.1_logo,LFP,A2,48,2,1.5358284711837769,8
3.1_logo,LFP,A2,49,2,1.615697979927063,8
3.1_logo,LFP,A2,50,0,1.5389859676361084,9
3.1_logo,LFP,A2,51,0,2.1678078174591064,9
3.1_logo,LFP,A2,52,0,1.3145939111709595,9
3.1_logo,LFP,A2,53,0,1.6132620573043823,9
3.1_logo,LFP,A2,54,0,1.180227279663086,9
3.1_logo,LFP,A2,55,0,1.5803500413894653,9
3.1_logo,LFP,A2,50,1,1.218509554862976,9
3.1_logo,LFP,A2,51,1,1.8357199430465698,9
3.1_logo,LFP,A2,52,1,1.3582977056503296,9
3.1_logo,LFP,A2,53,1,1.1671370267868042,9
3.1_logo,LFP,A2,54,1,0.934760570526123,9
3.1_logo,LFP,A2,55,1,1.7880586385726929,9
3.1_logo,LFP,A2,50,2,1.8313534259796143,9
3.1_logo,LFP,A2,51,2,2.2749524116516113,9
3.1_logo,LFP,A2,52,2,0.9788509011268616,9
3.1_logo,LFP,A2,53,2,1.7002865076065063,9
3.1_logo,LFP,A2,54,2,0.964326024055481,9
3.1_logo,LFP,A2,55,2,1.100180983543396,9
3.1_logo,LFP,A2,56,0,0.8907652497291565,10
3.1_logo,LFP,A2,57,0,2.0283679962158203,10
3.1_logo,LFP,A2,58,0,1.625959873199463,10
3.1_logo,LFP,A2,59,0,1.7848660945892334,10
3.1_logo,LFP,A2,60,0,1.0230720043182373,10
3.1_logo,LFP,A2,61,0,1.3655898571014404,10
3.1_logo,LFP,A2,56,1,0.8995174765586853,10
3.1_logo,LFP,A2,57,1,1.925193190574646,10
3.1_logo,LFP,A2,58,1,1.5572819709777832,10
3.1_logo,LFP,A2,59,1,1.7087920904159546,10
3.1_logo,LFP,A2,60,1,0.9927688837051392,10
3.1_logo,LFP,A2,61,1,1.3063633441925049,10
3.1_logo,LFP,A2,56,2,1.0837247371673584,10
3.1_logo,LFP,A2,57,2,2.1496548652648926,10
3.1_logo,LFP,A2,58,2,1.8014885187149048,10
3.1_logo,LFP,A2,59,2,1.8885071277618408,10
3.1_logo,LFP,A2,60,2,1.3036634922027588,10
3.1_logo,LFP,A2,61,2,1.5150229930877686,10
3.1_logo,LFP,A2,62,0,1.518822431564331,11
3.1_logo,LFP,A2,63,0,1.3876036405563354,11
3.1_logo,LFP,A2,64,0,1.3579319715499878,11
3.1_logo,LFP,A2,65,0,1.2601226568222046,11
3.1_logo,LFP,A2,62,1,1.2207802534103394,11
3.1_logo,LFP,A2,63,1,1.1633384227752686,11
3.1_logo,LFP,A2,64,1,1.1693605184555054,11
3.1_logo,LFP,A2,65,1,1.469160556793213,11
3.1_logo,LFP,A2,62,2,1.0832606554031372,11
3.1_logo,LFP,A2,63,2,0.912266194820404,11
3.1_logo,LFP,A2,64,2,0.939064085483551,11
3.1_logo,LFP,A2,65,2,0.9460906386375427,11
3.2_cycles_x1.1,LFP,R0,7,0,0.8573538385883194,0
3.2_cycles_x1.1,LFP,R0,9,0,0.9242134031291951,0
3.2_cycles_x1.1,LFP,R0,19,0,2.0278590834418577,0
3.2_cycles_x1.1,LFP,R0,20,0,1.0582405513887354,0
3.2_cycles_x1.1,LFP,R0,26,0,1.114236015071306,0
3.2_cycles_x1.1,LFP,R0,29,0,1.4232294179967826,0
3.2_cycles_x1.1,LFP,R0,31,0,1.6457953708677784,0
3.2_cycles_x1.1,LFP,R0,44,0,1.739508277043044,0
3.2_cycles_x1.1,LFP,R0,46,0,2.8619448732225403,0
3.2_cycles_x1.1,LFP,R0,48,0,1.8919271349487923,0
3.2_cycles_x1.1,LFP,R0,56,0,0.8485169521654827,0
3.2_cycles_x1.1,LFP,R0,63,0,1.0204770177588234,0
3.2_cycles_x1.1,LFP,R0,65,0,1.7891369237397934,0
3.2_cycles_x1.1,LFP,R0,7,1,0.9039437595451976,0
3.2_cycles_x1.1,LFP,R0,9,1,1.182540838117272,0
3.2_cycles_x1.1,LFP,R0,19,1,2.103657175584602,0
3.2_cycles_x1.1,LFP,R0,20,1,1.237575435662762,0
3.2_cycles_x1.1,LFP,R0,26,1,1.2558415644553087,0
3.2_cycles_x1.1,LFP,R0,29,1,1.6039947000632417,0
3.2_cycles_x1.1,LFP,R0,31,1,1.85687156104969,0
3.2_cycles_x1.1,LFP,R0,44,1,1.9454088941249519,0
3.2_cycles_x1.1,LFP,R0,46,1,3.1173847732144475,0
3.2_cycles_x1.1,LFP,R0,48,1,2.0941810528061704,0
3.2_cycles_x1.1,LFP,R0,56,1,1.0326594213854812,0
3.2_cycles_x1.1,LFP,R0,63,1,1.2509157501583585,0
3.2_cycles_x1.1,LFP,R0,65,1,2.03970824751272,0
3.2_cycles_x1.1,LFP,R0,7,2,0.8647672215683806,0
3.2_cycles_x1.1,LFP,R0,9,2,0.9750373021879949,0
3.2_cycles_x1.1,LFP,R0,19,2,1.9495417983695018,0
3.2_cycles_x1.1,LFP,R0,20,2,1.0730223715947993,0
3.2_cycles_x1.1,LFP,R0,26,2,1.054863743861328,0
3.2_cycles_x1.1,LFP,R0,29,2,1.4031120859110997,0
3.2_cycles_x1.1,LFP,R0,31,2,1.6120571308090434,0
3.2_cycles_x1.1,LFP,R0,44,2,1.6217935663960945,0
3.2_cycles_x1.1,LFP,R0,46,2,3.0134037570826484,0
3.2_cycles_x1.1,LFP,R0,48,2,1.9181598817069878,0
3.2_cycles_x1.1,LFP,R0,56,2,0.8151339028387351,0
3.2_cycles_x1.1,LFP,R0,63,2,0.954785479415933,0
3.2_cycles_x1.1,LFP,R0,65,2,1.854966842265897,0
3.2_cycles_x1.1,LFP,R0,6,0,0.7815331369662054,1
3.2_cycles_x1.1,LFP,R0,17,0,1.975355652881528,1
3.2_cycles_x1.1,LFP,R0,22,0,1.0529360000382257,1
3.2_cycles_x1.1,LFP,R0,23,0,0.9697610839709272,1
3.2_cycles_x1.1,LFP,R0,27,0,0.8095973166156792,1
3.2_cycles_x1.1,LFP,R0,28,0,1.4645331001849973,1
3.2_cycles_x1.1,LFP,R0,34,0,1.4872997260085568,1
3.2_cycles_x1.1,LFP,R0,52,0,1.1117352950875659,1
3.2_cycles_x1.1,LFP,R0,53,0,1.3428723732519552,1
3.2_cycles_x1.1,LFP,R0,57,0,1.694611345176583,1
3.2_cycles_x1.1,LFP,R0,58,0,1.3854673289656287,1
3.2_cycles_x1.1,LFP,R0,60,0,1.0428320822749293,1
3.2_cycles_x1.1,LFP,R0,62,0,0.9684947234868612,1
3.2_cycles_x1.1,LFP,R0,6,1,0.7233355763991303,1
3.2_cycles_x1.1,LFP,R0,17,1,1.7819861463401352,1
3.2_cycles_x1.1,LFP,R0,22,1,1.3578068032300883,1
3.2_cycles_x1.1,LFP,R0,23,1,1.253563300530332,1
3.2_cycles_x1.1,LFP,R0,27,1,0.9355096336348842,1
3.2_cycles_x1.1,LFP,R0,28,1,1.6044736652433718,1
3.2_cycles_x1.1,LFP,R0,34,1,1.3575612552030965,1
3.2_cycles_x1.1,LFP,R0,52,1,1.3650694186084797,1
3.2_cycles_x1.1,LFP,R0,53,1,1.5663910097030016,1
3.2_cycles_x1.1,LFP,R0,57,1,1.6993991240251336,1
3.2_cycles_x1.1,LFP,R0,58,1,1.4274452231122028,1
3.2_cycles_x1.1,LFP,R0,60,1,1.1135116456424765,1
3.2_cycles_x1.1,LFP,R0,62,1,1.2214733980637058,1
3.2_cycles_x1.1,LFP,R0,6,2,0.8089163429624927,1
3.2_cycles_x1.1,LFP,R0,17,2,1.9268124825739392,1
3.2_cycles_x1.1,LFP,R0,22,2,1.2846664474368679,1
3.2_cycles_x1.1,LFP,R0,23,2,1.2386022354104018,1
3.2_cycles_x1.1,LFP,R0,27,2,0.9709688718198891,1
3.2_cycles_x1.1,LFP,R0,28,2,1.499762548839957,1
3.2_cycles_x1.1,LFP,R0,34,2,1.50231491256976,1
3.2_cycles_x1.1,LFP,R0,52,2,1.1600626650878465,1
3.2_cycles_x1.1,LFP,R0,53,2,1.544167004137588,1
3.2_cycles_x1.1,LFP,R0,57,2,1.8398107545402187,1
3.2_cycles_x1.1,LFP,R0,58,2,1.529245717278821,1
3.2_cycles_x1.1,LFP,R0,60,2,1.185679182307861,1
3.2_cycles_x1.1,LFP,R0,62,2,1.2406014609989189,1
3.2_cycles_x1.1,LFP,R0,5,0,1.4946570507963894,2
3.2_cycles_x1.1,LFP,R0,11,0,0.9515846518723544,2
3.2_cycles_x1.1,LFP,R0,12,0,0.46411304260662856,2
3.2_cycles_x1.1,LFP,R0,18,0,1.8110698460849581,2
3.2_cycles_x1.1,LFP,R0,25,0,1.02882977841714,2
3.2_cycles_x1.1,LFP,R0,30,0,1.6011842287744635,2
3.2_cycles_x1.1,LFP,R0,32,0,1.515139927138297,2
3.2_cycles_x1.1,LFP,R0,33,0,2.262591203621848,2
3.2_cycles_x1.1,LFP,R0,36,0,0.875613765176033,2
3.2_cycles_x1.1,LFP,R0,39,0,0.9839770240656167,2
3.2_cycles_x1.1,LFP,R0,41,0,1.0032755920740355,2
3.2_cycles_x1.1,LFP,R0,42,0,0.8894837287200068,2
3.2_cycles_x1.1,LFP,R0,61,0,0.9691800573419864,2
3.2_cycles_x1.1,LFP,R0,5,1,1.1746694512982911,2
3.2_cycles_x1.1,LFP,R0,11,1,0.6656700936157336,2
3.2_cycles_x1.1,LFP,R0,12,1,0.7059002560669562,2
3.2_cycles_x1.1,LFP,R0,18,1,1.5865447838115314,2
3.2_cycles_x1.1,LFP,R0,25,1,1.3446465246396901,2
3.2_cycles_x1.1,LFP,R0,30,1,1.9684764873636198,2
3.2_cycles_x1.1,LFP,R0,32,1,1.2167852413303404,2
3.2_cycles_x1.1,LFP,R0,33,1,1.9898718718676378,2
3.2_cycles_x1.1,LFP,R0,36,1,0.6495953348716896,2
3.2_cycles_x1.1,LFP,R0,39,1,1.3532561859146042,2
3.2_cycles_x1.1,LFP,R0,41,1,1.330107130776277,2
3.2_cycles_x1.1,LFP,R0,42,1,1.0177547542178984,2
3.2_cycles_x1.1,LFP,R0,61,1,1.0529846340332205,2
3.2_cycles_x1.1,LFP,R0,5,2,1.2877579986698005,2
3.2_cycles_x1.1,LFP,R0,11,2,0.8754847412968632,2
3.2_cycles_x1.1,LFP,R0,12,2,0.5578531499512146,2
3.2_cycles_x1.1,LFP,R0,18,2,1.540842758737855,2
3.2_cycles_x1.1,LFP,R0,25,2,1.1089773562582348,2
3.2_cycles_x1.1,LFP,R0,30,2,1.585728799683635,2
3.2_cycles_x1.1,LFP,R0,32,2,1.3231998404671814,2
3.2_cycles_x1.1,LFP,R0,33,2,2.180295467562988,2
3.2_cycles_x1.1,LFP,R0,36,2,0.6978032467486407,2
3.2_cycles_x1.1,LFP,R0,39,2,1.1055476445316446,2
3.2_cycles_x1.1,LFP,R0,41,2,1.173874025526075,2
3.2_cycles_x1.1,LFP,R0,42,2,1.053053511104872,2
3.2_cycles_x1.1,LFP,R0,61,2,0.9859708799000263,2
3.2_cycles_x1.1,LFP,R0,2,0,1.2990663365438595,3
3.2_cycles_x1.1,LFP,R0,8,0,0.5609340720981706,3
3.2_cycles_x1.1,LFP,R0,13,0,0.7226804229967395,3
3.2_cycles_x1.1,LFP,R0,21,0,1.0478755166641502,3
3.2_cycles_x1.1,LFP,R0,24,0,0.8354934811348979,3
3.2_cycles_x1.1,LFP,R0,37,0,1.615661020288521,3
3.2_cycles_x1.1,LFP,R0,40,0,0.8861106712807997,3
3.2_cycles_x1.1,LFP,R0,43,0,0.8104470409428858,3
3.2_cycles_x1.1,LFP,R0,49,0,1.5681715258233166,3
3.2_cycles_x1.1,LFP,R0,50,0,1.5481721470989345,3
3.2_cycles_x1.1,LFP,R0,51,0,1.842164474317297,3
3.2_cycles_x1.1,LFP,R0,54,0,0.8455120425228084,3
3.2_cycles_x1.1,LFP,R0,59,0,1.4032709448706098,3
3.2_cycles_x1.1,LFP,R0,2,1,1.0750771833096768,3
3.2_cycles_x1.1,LFP,R0,8,1,0.6223539392496836,3
3.2_cycles_x1.1,LFP,R0,13,1,0.7204356411225294,3
3.2_cycles_x1.1,LFP,R0,21,1,1.1207330568799696,3
3.2_cycles_x1.1,LFP,R0,24,1,1.1331164650844077,3
3.2_cycles_x1.1,LFP,R0,37,1,1.4394792521094404,3
3.2_cycles_x1.1,LFP,R0,40,1,1.1911369409278503,3
3.2_cycles_x1.1,LFP,R0,43,1,1.0784206350807894,3
3.2_cycles_x1.1,LFP,R0,49,1,1.8203352031114988,3
3.2_cycles_x1.1,LFP,R0,50,1,1.5191415029647979,3
3.2_cycles_x1.1,LFP,R0,51,1,1.9395246294430406,3
3.2_cycles_x1.1,LFP,R0,54,1,1.0805596296769913,3
3.2_cycles_x1.1,LFP,R0,59,1,1.391249153745603,3
3.2_cycles_x1.1,LFP,R0,2,2,0.9876056311914827,3
3.2_cycles_x1.1,LFP,R0,8,2,0.5856365743630485,3
3.2_cycles_x1.1,LFP,R0,13,2,0.5977206367302341,3
3.2_cycles_x1.1,LFP,R0,21,2,1.0938087487761037,3
3.2_cycles_x1.1,LFP,R0,24,2,0.9738450271430208,3
3.2_cycles_x1.1,LFP,R0,37,2,1.3173800731674286,3
3.2_cycles_x1.1,LFP,R0,40,2,1.1010084990891247,3
3.2_cycles_x1.1,LFP,R0,43,2,1.0526982493131214,3
3.2_cycles_x1.1,LFP,R0,49,2,1.8666005514109338,3
3.2_cycles_x1.1,LFP,R0,50,2,1.3387305262198437,3
3.2_cycles_x1.1,LFP,R0,51,2,1.8782087683313087,3
3.2_cycles_x1.1,LFP,R0,54,2,0.9279327792119058,3
3.2_cycles_x1.1,LFP,R0,59,2,1.4073794575349792,3
3.2_cycles_x1.1,LFP,R0,3,0,3.354788860896571,4
3.2_cycles_x1.1,LFP,R0,4,0,1.1108665938305584,4
3.2_cycles_x1.1,LFP,R0,10,0,1.4001405049832223,4
3.2_cycles_x1.1,LFP,R0,14,0,2.078216424505627,4
3.2_cycles_x1.1,LFP,R0,15,0,2.7062590866327336,4
3.2_cycles_x1.1,LFP,R0,16,0,2.1456291598667425,4
3.2_cycles_x1.1,LFP,R0,35,0,1.772721762118721,4
3.2_cycles_x1.1,LFP,R0,38,0,0.9914425902337485,4
3.2_cycles_x1.1,LFP,R0,45,0,1.5774866449924783,4
3.2_cycles_x1.1,LFP,R0,47,0,1.4830151661142865,4
3.2_cycles_x1.1,LFP,R0,55,0,1.7893313439103717,4
3.2_cycles_x1.1,LFP,R0,64,0,0.8017369057877151,4
3.2_cycles_x1.1,LFP,R0,3,1,4.089054616172783,4
3.2_cycles_x1.1,LFP,R0,4,1,1.0859471751097538,4
3.2_cycles_x1.1,LFP,R0,10,1,1.2733327837816697,4
3.2_cycles_x1.1,LFP,R0,14,1,2.040731043755448,4
3.2_cycles_x1.1,LFP,R0,15,1,2.527919794104794,4
3.2_cycles_x1.1,LFP,R0,16,1,2.0544001082491947,4
3.2_cycles_x1.1,LFP,R0,35,1,1.6732679546803593,4
3.2_cycles_x1.1,LFP,R0,38,1,1.1942466311822533,4
3.2_cycles_x1.1,LFP,R0,45,1,1.830990782003866,4
3.2_cycles_x1.1,LFP,R0,47,1,1.6748569270234572,4
3.2_cycles_x1.1,LFP,R0,55,1,2.3617646943167836,4
3.2_cycles_x1.1,LFP,R0,64,1,1.0070458597678793,4
3.2_cycles_x1.1,LFP,R0,3,2,3.785462807126237,4
3.2_cycles_x1.1,LFP,R0,4,2,1.043050015071988,4
3.2_cycles_x1.1,LFP,R0,10,2,1.3588263520227568,4
3.2_cycles_x1.1,LFP,R0,14,2,2.0081621771129594,4
3.2_cycles_x1.1,LFP,R0,15,2,2.531540997490536,4
3.2_cycles_x1.1,LFP,R0,16,2,1.9580023723514342,4
3.2_cycles_x1.1,LFP,R0,35,2,1.7087716743178705,4
3.2_cycles_x1.1,LFP,R0,38,2,1.1423308976029016,4
3.2_cycles_x1.1,LFP,R0,45,2,1.7417148783029803,4
3.2_cycles_x1.1,LFP,R0,47,2,1.6312399397483361,4
3.2_cycles_x1.1,LFP,R0,55,2,2.1053315555280854,4
3.2_cycles_x1.1,LFP,R0,64,2,1.02536613863816,4
3.2_cycles_x1.1,LFP,A2,7,0,0.9803709857216876,0
3.2_cycles_x1.1,LFP,A2,9,0,1.151355369440992,0
3.2_cycles_x1.1,LFP,A2,19,0,2.1442680242433307,0
3.2_cycles_x1.1,LFP,A2,20,0,1.3469553675479096,0
3.2_cycles_x1.1,LFP,A2,26,0,1.2040777754297767,0
3.2_cycles_x1.1,LFP,A2,29,0,1.449385837229985,0
3.2_cycles_x1.1,LFP,A2,31,0,1.630921944942841,0
3.2_cycles_x1.1,LFP,A2,44,0,1.9428046607141551,0
3.2_cycles_x1.1,LFP,A2,46,0,3.068073803488451,0
3.2_cycles_x1.1,LFP,A2,48,0,2.133332790324268,0
3.2_cycles_x1.1,LFP,A2,56,0,0.9820211591570559,0
3.2_cycles_x1.1,LFP,A2,63,0,1.3681209330033668,0
3.2_cycles_x1.1,LFP,A2,65,0,2.06274811340008,0
3.2_cycles_x1.1,LFP,A2,7,1,0.8798788856835585,0
3.2_cycles_x1.1,LFP,A2,9,1,1.1608752085605645,0
3.2_cycles_x1.1,LFP,A2,19,1,2.2445409057437575,0
3.2_cycles_x1.1,LFP,A2,20,1,1.1306523019707793,0
3.2_cycles_x1.1,LFP,A2,26,1,1.111205850068054,0
3.2_cycles_x1.1,LFP,A2,29,1,1.4279158551270514,0
3.2_cycles_x1.1,LFP,A2,31,1,1.7098709050630436,0
3.2_cycles_x1.1,LFP,A2,44,1,1.9243126546547378,0
3.2_cycles_x1.1,LFP,A2,46,1,2.8568144419417094,0
3.2_cycles_x1.1,LFP,A2,48,1,2.0469248381742906,0
3.2_cycles_x1.1,LFP,A2,56,1,0.8988713581809366,0
3.2_cycles_x1.1,LFP,A2,63,1,1.2261760678643283,0
3.2_cycles_x1.1,LFP,A2,65,1,2.1314645015695337,0
3.2_cycles_x1.1,LFP,A2,7,2,0.9691275664976928,0
3.2_cycles_x1.1,LFP,A2,9,2,1.1287766657477178,0
3.2_cycles_x1.1,LFP,A2,19,2,2.2255471980290493,0
3.2_cycles_x1.1,LFP,A2,20,2,1.20393893896631,0
3.2_cycles_x1.1,LFP,A2,26,2,1.2017928789012275,0
3.2_cycles_x1.1,LFP,A2,29,2,1.4454386963520787,0
3.2_cycles_x1.1,LFP,A2,31,2,1.733116050226111,0
3.2_cycles_x1.1,LFP,A2,44,2,1.931619987621493,0
3.2_cycles_x1.1,LFP,A2,46,2,2.9370626023329742,0
3.2_cycles_x1.1,LFP,A2,48,2,2.048273017894059,0
3.2_cycles_x1.1,LFP,A2,56,2,1.0433817807757932,0
3.2_cycles_x1.1,LFP,A2,63,2,1.260743283709174,0
3.2_cycles_x1.1,LFP,A2,65,2,2.1278312127414365,0
3.2_cycles_x1.1,LFP,A2,6,0,0.855586206286298,1
3.2_cycles_x1.1,LFP,A2,17,0,1.9870445494831914,1
3.2_cycles_x1.1,LFP,A2,22,0,1.3223796925111295,1
3.2_cycles_x1.1,LFP,A2,23,0,1.2946307735790372,1
3.2_cycles_x1.1,LFP,A2,27,0,1.0673052686252282,1
3.2_cycles_x1.1,LFP,A2,28,0,1.5338768844514654,1
3.2_cycles_x1.1,LFP,A2,34,0,1.593950721865836,1
3.2_cycles_x1.1,LFP,A2,52,0,1.3446851844442251,1
3.2_cycles_x1.1,LFP,A2,53,0,1.7225060997957706,1
3.2_cycles_x1.1,LFP,A2,57,0,1.966294301291542,1
3.2_cycles_x1.1,LFP,A2,58,0,1.6760530426506621,1
3.2_cycles_x1.1,LFP,A2,60,0,1.327767065781104,1
3.2_cycles_x1.1,LFP,A2,62,0,1.39767052965674,1
3.2_cycles_x1.1,LFP,A2,6,1,0.8489929335207483,1
3.2_cycles_x1.1,LFP,A2,17,1,1.9430832922370789,1
3.2_cycles_x1.1,LFP,A2,22,1,1.180052488350839,1
3.2_cycles_x1.1,LFP,A2,23,1,1.1666723893788558,1
3.2_cycles_x1.1,LFP,A2,27,1,0.9583821775580271,1
3.2_cycles_x1.1,LFP,A2,28,1,1.4462049726599562,1
3.2_cycles_x1.1,LFP,A2,34,1,1.5540044741403443,1
3.2_cycles_x1.1,LFP,A2,52,1,1.0038032493551206,1
3.2_cycles_x1.1,LFP,A2,53,1,1.5233854911649396,1
3.2_cycles_x1.1,LFP,A2,57,1,1.8433053428239805,1
3.2_cycles_x1.1,LFP,A2,58,1,1.5094436764257846,1
3.2_cycles_x1.1,LFP,A2,60,1,1.1085102330787864,1
3.2_cycles_x1.1,LFP,A2,62,1,1.2565754218073188,1
3.2_cycles_x1.1,LFP,A2,6,2,1.0129593704767275,1
3.2_cycles_x1.1,LFP,A2,17,2,2.0356036112080034,1
3.2_cycles_x1.1,LFP,A2,22,2,1.1991747553688863,1
3.2_cycles_x1.1,LFP,A2,23,2,1.2878470863492706,1
3.2_cycles_x1.1,LFP,A2,27,2,1.1998238312401297,1
3.2_cycles_x1.1,LFP,A2,28,2,1.4179678752305105,1
3.2_cycles_x1.1,LFP,A2,34,2,1.760664174842776,1
3.2_cycles_x1.1,LFP,A2,52,2,1.0149676769929747,1
3.2_cycles_x1.1,LFP,A2,53,2,1.8008670674342033,1
3.2_cycles_x1.1,LFP,A2,57,2,2.0837523777956792,1
3.2_cycles_x1.1,LFP,A2,58,2,1.7734446226418035,1
3.2_cycles_x1.1,LFP,A2,60,2,1.2637091277007118,1
3.2_cycles_x1.1,LFP,A2,62,2,1.3629837106284155,1
3.2_cycles_x1.1,LFP,A2,5,0,1.5337956395018957,2
3.2_cycles_x1.1,LFP,A2,11,0,1.1393002647142298,2
3.2_cycles_x1.1,LFP,A2,12,0,0.8268691584626381,2
3.2_cycles_x1.1,LFP,A2,18,0,1.9260853463726773,2
3.2_cycles_x1.1,LFP,A2,25,0,1.3815908442035156,2
3.2_cycles_x1.1,LFP,A2,30,0,1.6374173070322302,2
3.2_cycles_x1.1,LFP,A2,32,0,1.639613696202991,2
3.2_cycles_x1.1,LFP,A2,33,0,2.365884266799689,2
3.2_cycles_x1.1,LFP,A2,36,0,1.0165085350883571,2
3.2_cycles_x1.1,LFP,A2,39,0,1.397191777816798,2
3.2_cycles_x1.1,LFP,A2,41,0,1.4305651302736075,2
3.2_cycles_x1.1,LFP,A2,42,0,1.3612918965207237,2
3.2_cycles_x1.1,LFP,A2,61,0,1.289478199081781,2
3.2_cycles_x1.1,LFP,A2,5,1,1.3719863733959605,2
3.2_cycles_x1.1,LFP,A2,11,1,0.8519653487167141,2
3.2_cycles_x1.1,LFP,A2,12,1,0.6704888596756398,2
3.2_cycles_x1.1,LFP,A2,18,1,1.6789133133926994,2
3.2_cycles_x1.1,LFP,A2,25,1,1.1884580290339306,2
3.2_cycles_x1.1,LFP,A2,30,1,1.8011470392752156,2
3.2_cycles_x1.1,LFP,A2,32,1,1.4029682816530602,2
3.2_cycles_x1.1,LFP,A2,33,1,2.1380774476991955,2
3.2_cycles_x1.1,LFP,A2,36,1,0.7958433228524333,2
3.2_cycles_x1.1,LFP,A2,39,1,1.2172547124022683,2
3.2_cycles_x1.1,LFP,A2,41,1,1.293451410021013,2
3.2_cycles_x1.1,LFP,A2,42,1,1.1470712277453738,2
3.2_cycles_x1.1,LFP,A2,61,1,0.9970422607467868,2
3.2_cycles_x1.1,LFP,A2,5,2,1.6985622414008146,2
3.2_cycles_x1.1,LFP,A2,11,2,1.1286793501629668,2
3.2_cycles_x1.1,LFP,A2,12,2,0.6145778503922356,2
3.2_cycles_x1.1,LFP,A2,18,2,1.9618017554873197,2
3.2_cycles_x1.1,LFP,A2,25,2,1.0542180426431902,2
3.2_cycles_x1.1,LFP,A2,30,2,1.4726206335392347,2
3.2_cycles_x1.1,LFP,A2,32,2,1.6766552590456973,2
3.2_cycles_x1.1,LFP,A2,33,2,2.475001431026476,2
3.2_cycles_x1.1,LFP,A2,36,2,1.0906494972126046,2
3.2_cycles_x1.1,LFP,A2,39,2,1.0641203442701863,2
3.2_cycles_x1.1,LFP,A2,41,2,1.044485847010261,2
3.2_cycles_x1.1,LFP,A2,42,2,1.145718084391311,2
3.2_cycles_x1.1,LFP,A2,61,2,1.0772552838617657,2
3.2_cycles_x1.1,LFP,A2,2,0,1.25014832904134,3
3.2_cycles_x1.1,LFP,A2,8,0,0.7570217119550873,3
3.2_cycles_x1.1,LFP,A2,13,0,0.8869387343011957,3
3.2_cycles_x1.1,LFP,A2,21,0,1.276600043937134,3
3.2_cycles_x1.1,LFP,A2,24,0,1.0912795434038582,3
3.2_cycles_x1.1,LFP,A2,37,0,1.5804157276227329,3
3.2_cycles_x1.1,LFP,A2,40,0,1.2386032369210753,3
3.2_cycles_x1.1,LFP,A2,43,0,1.2651766662412403,3
3.2_cycles_x1.1,LFP,A2,49,0,1.8327711243521267,3
3.2_cycles_x1.1,LFP,A2,50,0,1.5476583367287857,3
3.2_cycles_x1.1,LFP,A2,51,0,2.1416804230908917,3
3.2_cycles_x1.1,LFP,A2,54,0,1.198864226683594,3
3.2_cycles_x1.1,LFP,A2,59,0,1.577122533517953,3
3.2_cycles_x1.1,LFP,A2,2,1,1.186699724769967,3
3.2_cycles_x1.1,LFP,A2,8,1,0.671560924796589,3
3.2_cycles_x1.1,LFP,A2,13,1,0.7567594158180877,3
3.2_cycles_x1.1,LFP,A2,21,1,1.2541199518812933,3
3.2_cycles_x1.1,LFP,A2,24,1,1.131113687489419,3
3.2_cycles_x1.1,LFP,A2,37,1,1.4035527565209263,3
3.2_cycles_x1.1,LFP,A2,40,1,1.2078907752848849,3
3.2_cycles_x1.1,LFP,A2,43,1,1.1772724257133607,3
3.2_cycles_x1.1,LFP,A2,49,1,1.8361648223486617,3
3.2_cycles_x1.1,LFP,A2,50,1,1.5251499725882902,3
3.2_cycles_x1.1,LFP,A2,51,1,2.0713994766475237,3
3.2_cycles_x1.1,LFP,A2,54,1,1.0505574624153449,3
3.2_cycles_x1.1,LFP,A2,59,1,1.529936680628635,3
3.2_cycles_x1.1,LFP,A2,2,2,1.4905260682118966,3
3.2_cycles_x1.1,LFP,A2,8,2,0.6736235180890725,3
3.2_cycles_x1.1,LFP,A2,13,2,0.9116491222851449,3
3.2_cycles_x1.1,LFP,A2,21,2,1.1664726549603943,3
3.2_cycles_x1.1,LFP,A2,24,2,0.9369685281125186,3
3.2_cycles_x1.1,LFP,A2,37,2,1.8397428229541581,3
3.2_cycles_x1.1,LFP,A2,40,2,1.0570415868755383,3
3.2_cycles_x1.1,LFP,A2,43,2,1.0103702234217666,3
3.2_cycles_x1.1,LFP,A2,49,2,1.6293159729540103,3
3.2_cycles_x1.1,LFP,A2,50,2,1.6270537772738485,3
3.2_cycles_x1.1,LFP,A2,51,2,2.035227304033571,3
3.2_cycles_x1.1,LFP,A2,54,2,0.9478478660938666,3
3.2_cycles_x1.1,LFP,A2,59,2,1.5864923225997454,3
3.2_cycles_x1.1,LFP,A2,3,0,4.001194425255602,4
3.2_cycles_x1.1,LFP,A2,4,0,1.0347476369922197,4
3.2_cycles_x1.1,LFP,A2,10,0,1.2991374801074338,4
3.2_cycles_x1.1,LFP,A2,14,0,2.146671434141913,4
3.2_cycles_x1.1,LFP,A2,15,0,2.66457115235106,4
3.2_cycles_x1.1,LFP,A2,16,0,2.2860703925822725,4
3.2_cycles_x1.1,LFP,A2,35,0,1.6439091137480144,4
3.2_cycles_x1.1,LFP,A2,38,0,1.3344115884155698,4
3.2_cycles_x1.1,LFP,A2,45,0,1.915385074326357,4
3.2_cycles_x1.1,LFP,A2,47,0,1.6825753589337733,4
3.2_cycles_x1.1,LFP,A2,55,0,2.5526388568336253,4
3.2_cycles_x1.1,LFP,A2,64,0,1.1356951168127332,4
3.2_cycles_x1.1,LFP,A2,3,1,4.355490713809786,4
3.2_cycles_x1.1,LFP,A2,4,1,1.2284825632076561,4
3.2_cycles_x1.1,LFP,A2,10,1,1.44008921812407,4
3.2_cycles_x1.1,LFP,A2,14,1,2.2907685862351626,4
3.2_cycles_x1.1,LFP,A2,15,1,2.7956228770765543,4
3.2_cycles_x1.1,LFP,A2,16,1,2.2948286117334744,4
3.2_cycles_x1.1,LFP,A2,35,1,1.8450417031496333,4
3.2_cycles_x1.1,LFP,A2,38,1,1.1558744899000801,4
3.2_cycles_x1.1,LFP,A2,45,1,1.6749305380960229,4
3.2_cycles_x1.1,LFP,A2,47,1,1.5189242166625971,4
3.2_cycles_x1.1,LFP,A2,55,1,2.3632645289502023,4
3.2_cycles_x1.1,LFP,A2,64,1,1.0018116919484612,4
3.2_cycles_x1.1,LFP,A2,3,2,3.1021769826810015,4
3.2_cycles_x1.1,LFP,A2,4,2,1.2859881159631812,4
3.2_cycles_x1.1,LFP,A2,10,2,1.5773949461656753,4
3.2_cycles_x1.1,LFP,A2,14,2,2.251653744928675,4
3.2_cycles_x1.1,LFP,A2,15,2,2.838904132939858,4
3.2_cycles_x1.1,LFP,A2,16,2,2.3847857244089274,4
3.2_cycles_x1.1,LFP,A2,35,2,1.9290686464872357,4
3.2_cycles_x1.1,LFP,A2,38,2,1.0361866488389617,4
3.2_cycles_x1.1,LFP,A2,45,2,1.5731397864979413,4
3.2_cycles_x1.1,LFP,A2,47,2,1.4040681313710999,4
3.2_cycles_x1.1,LFP,A2,55,2,1.6743378938513824,4
3.2_cycles_x1.1,LFP,A2,64,2,1.0454632329296167,4
3.2_cycles_x0.9,LFP,R0,7,0,1.3818815122983286,0
3.2_cycles_x0.9,LFP,R0,9,0,0.5735152550661103,0
3.2_cycles_x0.9,LFP,R0,19,0,2.6689076585632403,0
3.2_cycles_x0.9,LFP,R0,20,0,1.2227016337131624,0
3.2_cycles_x0.9,LFP,R0,26,0,0.6104867051439593,0
3.2_cycles_x0.9,LFP,R0,29,0,0.7876524420631051,0
3.2_cycles_x0.9,LFP,R0,31,0,0.9626978062006434,0
3.2_cycles_x0.9,LFP,R0,44,0,1.2137776979836008,0
3.2_cycles_x0.9,LFP,R0,46,0,2.379771442516911,0
3.2_cycles_x0.9,LFP,R0,48,0,1.377733531003715,0
3.2_cycles_x0.9,LFP,R0,56,0,0.7373142931674089,0
3.2_cycles_x0.9,LFP,R0,63,0,0.5944689876154124,0
3.2_cycles_x0.9,LFP,R0,65,0,1.3551831332592341,0
3.2_cycles_x0.9,LFP,R0,7,1,1.3401567641791015,0
3.2_cycles_x0.9,LFP,R0,9,1,0.7207200444906249,0
3.2_cycles_x0.9,LFP,R0,19,1,2.6323558676859196,0
3.2_cycles_x0.9,LFP,R0,20,1,1.2415572176932117,0
3.2_cycles_x0.9,LFP,R0,26,1,0.729778752301115,0
3.2_cycles_x0.9,LFP,R0,29,1,0.9672145587143676,0
3.2_cycles_x0.9,LFP,R0,31,1,1.1992023584502347,0
3.2_cycles_x0.9,LFP,R0,44,1,1.4806125215877963,0
3.2_cycles_x0.9,LFP,R0,46,1,2.661382323626222,0
3.2_cycles_x0.9,LFP,R0,48,1,1.608676791646097,0
3.2_cycles_x0.9,LFP,R0,56,1,0.7272242860974749,0
3.2_cycles_x0.9,LFP,R0,63,1,0.9048700442215061,0
3.2_cycles_x0.9,LFP,R0,65,1,1.631672751049757,0
3.2_cycles_x0.9,LFP,R0,7,2,1.4425826078338928,0
3.2_cycles_x0.9,LFP,R0,9,2,0.6199497545752765,0
3.2_cycles_x0.9,LFP,R0,19,2,2.6174764847487877,0
3.2_cycles_x0.9,LFP,R0,20,2,1.2749385635976207,0
3.2_cycles_x0.9,LFP,R0,26,2,0.5398252393366294,0
3.2_cycles_x0.9,LFP,R0,29,2,0.7510141667380343,0
3.2_cycles_x0.9,LFP,R0,31,2,0.9411123748153188,0
3.2_cycles_x0.9,LFP,R0,44,2,1.0933308582478456,0
3.2_cycles_x0.9,LFP,R0,46,2,2.4322376393738225,0
3.2_cycles_x0.9,LFP,R0,48,2,1.3617768257232303,0
3.2_cycles_x0.9,LFP,R0,56,2,0.7109286906176925,0
3.2_cycles_x0.9,LFP,R0,63,2,0.685074104156614,0
3.2_cycles_x0.9,LFP,R0,65,2,1.4267201792665993,0
3.2_cycles_x0.9,LFP,R0,6,0,1.3337713467051961,1
3.2_cycles_x0.9,LFP,R0,17,0,2.637975626858271,1
3.2_cycles_x0.9,LFP,R0,22,0,0.6063111598057047,1
3.2_cycles_x0.9,LFP,R0,23,0,0.6203139667797657,1
3.2_cycles_x0.9,LFP,R0,27,0,0.6785402446966411,1
3.2_cycles_x0.9,LFP,R0,28,0,0.8817251685606445,1
3.2_cycles_x0.9,LFP,R0,34,0,1.9878807175929263,1
3.2_cycles_x0.9,LFP,R0,52,0,0.6677454973317491,1
3.2_cycles_x0.9,LFP,R0,53,0,1.5869064257674526,1
3.2_cycles_x0.9,LFP,R0,57,0,1.9289588220537508,1
3.2_cycles_x0.9,LFP,R0,58,0,1.5645139727316169,1
3.2_cycles_x0.9,LFP,R0,60,0,0.7999859024393612,1
3.2_cycles_x0.9,LFP,R0,62,0,1.1405020142799571,1
3.2_cycles_x0.9,LFP,R0,6,1,1.140025962868199,1
3.2_cycles_x0.9,LFP,R0,17,1,2.3976411019554575,1
3.2_cycles_x0.9,LFP,R0,22,1,0.8524385023694634,1
3.2_cycles_x0.9,LFP,R0,23,1,0.8352604551192794,1
3.2_cycles_x0.9,LFP,R0,27,1,0.6522356502054218,1
3.2_cycles_x0.9,LFP,R0,28,1,1.01287994055069,1
3.2_cycles_x0.9,LFP,R0,34,1,1.831200788896418,1
3.2_cycles_x0.9,LFP,R0,52,1,0.7423566092431674,1
3.2_cycles_x0.9,LFP,R0,53,1,1.577466968981899,1
3.2_cycles_x0.9,LFP,R0,57,1,1.8695482291025505,1
3.2_cycles_x0.9,LFP,R0,58,1,1.556122775189752,1
3.2_cycles_x0.9,LFP,R0,60,1,0.7881335127195722,1
3.2_cycles_x0.9,LFP,R0,62,1,1.2010485352287028,1
3.2_cycles_x0.9,LFP,R0,6,2,1.2590900084773362,1
3.2_cycles_x0.9,LFP,R0,17,2,2.5923330293315434,1
3.2_cycles_x0.9,LFP,R0,22,2,0.8382354940060439,1
3.2_cycles_x0.9,LFP,R0,23,2,0.8728702591779202,1
3.2_cycles_x0.9,LFP,R0,27,2,0.7723189570352905,1
3.2_cycles_x0.9,LFP,R0,28,2,0.8920302209528829,1
3.2_cycles_x0.9,LFP,R0,34,2,1.9164153367161014,1
3.2_cycles_x0.9,LFP,R0,52,2,0.739586444667193,1
3.2_cycles_x0.9,LFP,R0,53,2,1.6446052868334833,1
3.2_cycles_x0.9,LFP,R0,57,2,1.9789623362687525,1
3.2_cycles_x0.9,LFP,R0,58,2,1.6254389308592274,1
3.2_cycles_x0.9,LFP,R0,60,2,0.8556869835817829,1
3.2_cycles_x0.9,LFP,R0,62,2,1.2929406262783503,1
3.2_cycles_x0.9,LFP,R0,5,0,2.151270139739544,2
3.2_cycles_x0.9,LFP,R0,11,0,1.5386519252472035,2
3.2_cycles_x0.9,LFP,R0,12,0,0.7698512690643508,2
3.2_cycles_x0.9,LFP,R0,18,0,2.5009232842161366,2
3.2_cycles_x0.9,LFP,R0,25,0,0.7284941649619232,2
3.2_cycles_x0.9,LFP,R0,30,0,0.9734874574116815,2
3.2_cycles_x0.9,LFP,R0,32,0,2.1450308751596245,2
3.2_cycles_x0.9,LFP,R0,33,0,2.8068036954888216,2
3.2_cycles_x0.9,LFP,R0,36,0,1.4647460533601318,2
3.2_cycles_x0.9,LFP,R0,39,0,0.675221841264019,2
3.2_cycles_x0.9,LFP,R0,41,0,0.5824444433205966,2
3.2_cycles_x0.9,LFP,R0,42,0,1.2707026408924782,2
3.2_cycles_x0.9,LFP,R0,61,0,0.9888125522352941,2
3.2_cycles_x0.9,LFP,R0,5,1,1.8112234622708043,2
3.2_cycles_x0.9,LFP,R0,11,1,1.1882551135809651,2
3.2_cycles_x0.9,LFP,R0,12,1,0.5559690890734748,2
3.2_cycles_x0.9,LFP,R0,18,1,2.2290684349691,2
3.2_cycles_x0.9,LFP,R0,25,1,0.8027591957104251,2
3.2_cycles_x0.9,LFP,R0,30,1,1.250452858831207,2
3.2_cycles_x0.9,LFP,R0,32,1,1.8271322438384177,2
3.2_cycles_x0.9,LFP,R0,33,1,2.5657450420889982,2
3.2_cycles_x0.9,LFP,R0,36,1,1.2385600422568177,2
3.2_cycles_x0.9,LFP,R0,39,1,0.7939271315886015,2
3.2_cycles_x0.9,LFP,R0,41,1,0.7319185121757059,2
3.2_cycles_x0.9,LFP,R0,42,1,1.1730183319082361,2
3.2_cycles_x0.9,LFP,R0,61,1,0.7836593614552892,2
3.2_cycles_x0.9,LFP,R0,5,2,1.8570097688345595,2
3.2_cycles_x0.9,LFP,R0,11,2,1.3699135506338591,2
3.2_cycles_x0.9,LFP,R0,12,2,0.6877440900380721,2
3.2_cycles_x0.9,LFP,R0,18,2,2.123323487433588,2
3.2_cycles_x0.9,LFP,R0,25,2,0.8212840502744498,2
3.2_cycles_x0.9,LFP,R0,30,2,0.9368981793349319,2
3.2_cycles_x0.9,LFP,R0,32,2,1.8450577400522201,2
3.2_cycles_x0.9,LFP,R0,33,2,2.6798237334358137,2
3.2_cycles_x0.9,LFP,R0,36,2,1.216337749763872,2
3.2_cycles_x0.9,LFP,R0,39,2,0.7405670657259126,2
3.2_cycles_x0.9,LFP,R0,41,2,0.6909693558153859,2
3.2_cycles_x0.9,LFP,R0,42,2,1.2887381341045516,2
3.2_cycles_x0.9,LFP,R0,61,2,1.0100406431055249,2
3.2_cycles_x0.9,LFP,R0,2,0,1.9437017372145262,3
3.2_cycles_x0.9,LFP,R0,8,0,0.861105706773586,3
3.2_cycles_x0.9,LFP,R0,13,0,1.1128125830928972,3
3.2_cycles_x0.9,LFP,R0,21,0,1.0594184399920568,3
3.2_cycles_x0.9,LFP,R0,24,0,0.6505200687572271,3
3.2_cycles_x0.9,LFP,R0,37,0,2.2579093868728317,3
3.2_cycles_x0.9,LFP,R0,40,0,0.6620960656901664,3
3.2_cycles_x0.9,LFP,R0,43,0,0.9310738659242007,3
3.2_cycles_x0.9,LFP,R0,49,0,1.1127535288603334,3
3.2_cycles_x0.9,LFP,R0,50,0,2.0796870217688275,3
3.2_cycles_x0.9,LFP,R0,51,0,2.134177418891153,3
3.2_cycles_x0.9,LFP,R0,54,0,0.8800685931069188,3
3.2_cycles_x0.9,LFP,R0,59,0,1.6392333083036636,3
3.2_cycles_x0.9,LFP,R0,2,1,1.6082353627262815,3
3.2_cycles_x0.9,LFP,R0,8,1,0.697088405287183,3
3.2_cycles_x0.9,LFP,R0,13,1,0.9287364403519034,3
3.2_cycles_x0.9,LFP,R0,21,1,1.121675803252285,3
3.2_cycles_x0.9,LFP,R0,24,1,0.7864074152943691,3
3.2_cycles_x0.9,LFP,R0,37,1,1.9747032883873061,3
3.2_cycles_x0.9,LFP,R0,40,1,0.840243298654514,3
3.2_cycles_x0.9,LFP,R0,43,1,1.0504949119492923,3
3.2_cycles_x0.9,LFP,R0,49,1,1.3214476065299976,3
3.2_cycles_x0.9,LFP,R0,50,1,1.9140112008297505,3
3.2_cycles_x0.9,LFP,R0,51,1,2.197858214094974,3
3.2_cycles_x0.9,LFP,R0,54,1,0.8783274945393786,3
3.2_cycles_x0.9,LFP,R0,59,1,1.6026715136176828,3
3.2_cycles_x0.9,LFP,R0,2,2,1.59322610104084,3
3.2_cycles_x0.9,LFP,R0,8,2,0.6400246416800781,3
3.2_cycles_x0.9,LFP,R0,13,2,0.8518622062034584,3
3.2_cycles_x0.9,LFP,R0,21,2,1.0640303621920628,3
3.2_cycles_x0.9,LFP,R0,24,2,0.5931324045305585,3
3.2_cycles_x0.9,LFP,R0,37,2,1.8906410484345888,3
3.2_cycles_x0.9,LFP,R0,40,2,0.740380277219831,3
3.2_cycles_x0.9,LFP,R0,43,2,0.9670978711102935,3
3.2_cycles_x0.9,LFP,R0,49,2,1.4026999153648285,3
3.2_cycles_x0.9,LFP,R0,50,2,1.777049735289497,3
3.2_cycles_x0.9,LFP,R0,51,2,2.0877357019051894,3
3.2_cycles_x0.9,LFP,R0,54,2,0.7336147621432209,3
3.2_cycles_x0.9,LFP,R0,59,2,1.5730216063754439,3
3.2_cycles_x0.9,LFP,R0,3,0,2.9767707770725718,4
3.2_cycles_x0.9,LFP,R0,4,0,1.7222559542138298,4
3.2_cycles_x0.9,LFP,R0,10,0,1.951513437207609,4
3.2_cycles_x0.9,LFP,R0,14,0,2.8732654356370286,4
3.2_cycles_x0.9,LFP,R0,15,0,3.378594800553025,4
3.2_cycles_x0.9,LFP,R0,16,0,2.835599363929092,4
3.2_cycles_x0.9,LFP,R0,35,0,2.4522385501412427,4
3.2_cycles_x0.9,LFP,R0,38,0,0.5506939185754587,4
3.2_cycles_x0.9,LFP,R0,45,0,1.0768283478437977,4
3.2_cycles_x0.9,LFP,R0,47,0,0.9846304838590775,4
3.2_cycles_x0.9,LFP,R0,55,0,1.1916747215323855,4
3.2_cycles_x0.9,LFP,R0,64,0,0.9866996854554989,4
3.2_cycles_x0.9,LFP,R0,3,1,3.729316642297022,4
3.2_cycles_x0.9,LFP,R0,4,1,1.6718926849284554,4
3.2_cycles_x0.9,LFP,R0,10,1,1.8117569333193015,4
3.2_cycles_x0.9,LFP,R0,14,1,2.7136474391099745,4
3.2_cycles_x0.9,LFP,R0,15,1,3.1199729685217004,4
3.2_cycles_x0.9,LFP,R0,16,1,2.6617018067801057,4
3.2_cycles_x0.9,LFP,R0,35,1,2.275448192319057,4
3.2_cycles_x0.9,LFP,R0,38,1,0.7658604452817676,4
3.2_cycles_x0.9,LFP,R0,45,1,1.3959458356266443,4
3.2_cycles_x0.9,LFP,R0,47,1,1.2113215545127634,4
3.2_cycles_x0.9,LFP,R0,55,1,1.7421463140810605,4
3.2_cycles_x0.9,LFP,R0,64,1,0.878392347173625,4
3.2_cycles_x0.9,LFP,R0,3,2,3.5071531477221596,4
3.2_cycles_x0.9,LFP,R0,4,2,1.6125442407003465,4
3.2_cycles_x0.9,LFP,R0,10,2,1.8453509781140716,4
3.2_cycles_x0.9,LFP,R0,14,2,2.6606892636317707,4
3.2_cycles_x0.9,LFP,R0,15,2,3.1341946792131727,4
3.2_cycles_x0.9,LFP,R0,16,2,2.5138488802883208,4
3.2_cycles_x0.9,LFP,R0,35,2,2.3378832470653723,4
3.2_cycles_x0.9,LFP,R0,38,2,0.6822661875466732,4
3.2_cycles_x0.9,LFP,R0,45,2,1.2566993876343642,4
3.2_cycles_x0.9,LFP,R0,47,2,1.171402233416499,4
3.2_cycles_x0.9,LFP,R0,55,2,1.4731824234265987,4
3.2_cycles_x0.9,LFP,R0,64,2,0.990335189062574,4
3.2_cycles_x0.9,LFP,A2,7,0,1.4095806870662773,0
3.2_cycles_x0.9,LFP,A2,9,0,0.7889256395290015,0
3.2_cycles_x0.9,LFP,A2,19,0,2.708717313169656,0
3.2_cycles_x0.9,LFP,A2,20,0,1.3345396734549628,0
3.2_cycles_x0.9,LFP,A2,26,0,0.7940464112804388,0
3.2_cycles_x0.9,LFP,A2,29,0,0.8836573222384219,0
3.2_cycles_x0.9,LFP,A2,31,0,1.0589219574349094,0
3.2_cycles_x0.9,LFP,A2,44,0,1.502331058775111,0
3.2_cycles_x0.9,LFP,A2,46,0,2.577243104218353,0
3.2_cycles_x0.9,LFP,A2,48,0,1.6709062967182031,0
3.2_cycles_x0.9,LFP,A2,56,0,0.7230681196558983,0
3.2_cycles_x0.9,LFP,A2,63,0,1.056813665752561,0
3.2_cycles_x0.9,LFP,A2,65,0,1.590416264711527,0
3.2_cycles_x0.9,LFP,A2,7,1,1.4449118174167375,0
3.2_cycles_x0.9,LFP,A2,9,1,0.7947142095660717,0
3.2_cycles_x0.9,LFP,A2,19,1,2.874761407284562,0
3.2_cycles_x0.9,LFP,A2,20,1,1.1857780314206965,0
3.2_cycles_x0.9,LFP,A2,26,1,0.5720746366945159,0
3.2_cycles_x0.9,LFP,A2,29,1,0.8082314699934696,0
3.2_cycles_x0.9,LFP,A2,31,1,1.062505103716454,0
3.2_cycles_x0.9,LFP,A2,44,1,1.5234115275829558,0
3.2_cycles_x0.9,LFP,A2,46,1,2.3386770350067883,0
3.2_cycles_x0.9,LFP,A2,48,1,1.5752581258306866,0
3.2_cycles_x0.9,LFP,A2,56,1,0.6158521300477979,0
3.2_cycles_x0.9,LFP,A2,63,1,0.9996517774737684,0
3.2_cycles_x0.9,LFP,A2,65,1,1.651192826038545,0
3.2_cycles_x0.9,LFP,A2,7,2,1.3991305876108289,0
3.2_cycles_x0.9,LFP,A2,9,2,0.749131115409259,0
3.2_cycles_x0.9,LFP,A2,19,2,2.823478772622807,0
3.2_cycles_x0.9,LFP,A2,20,2,1.225341684328694,0
3.2_cycles_x0.9,LFP,A2,26,2,0.753907634965813,0
3.2_cycles_x0.9,LFP,A2,29,2,0.9054163685885139,0
3.2_cycles_x0.9,LFP,A2,31,2,1.1303469620028974,0
3.2_cycles_x0.9,LFP,A2,44,2,1.5043586278580252,0
3.2_cycles_x0.9,LFP,A2,46,2,2.471615351991819,0
3.2_cycles_x0.9,LFP,A2,48,2,1.5619633451551764,0
3.2_cycles_x0.9,LFP,A2,56,2,0.7066358644650629,0
3.2_cycles_x0.9,LFP,A2,63,2,0.923546334885108,0
3.2_cycles_x0.9,LFP,A2,65,2,1.7238068671691291,0
3.2_cycles_x0.9,LFP,A2,6,0,1.2924773130240637,1
3.2_cycles_x0.9,LFP,A2,17,0,2.579021144854548,1
3.2_cycles_x0.9,LFP,A2,22,0,0.8399321431602894,1
3.2_cycles_x0.9,LFP,A2,23,0,0.928695328540277,1
3.2_cycles_x0.9,LFP,A2,27,0,0.8409804898974584,1
3.2_cycles_x0.9,LFP,A2,28,0,0.9356030385675494,1
3.2_cycles_x0.9,LFP,A2,34,0,2.0170083628563917,1
3.2_cycles_x0.9,LFP,A2,52,0,0.8580541323443138,1
3.2_cycles_x0.9,LFP,A2,53,0,1.7228547496161253,1
3.2_cycles_x0.9,LFP,A2,57,0,2.06772756705879,1
3.2_cycles_x0.9,LFP,A2,58,0,1.721321763443493,1
3.2_cycles_x0.9,LFP,A2,60,0,1.0586129866034062,1
3.2_cycles_x0.9,LFP,A2,62,0,1.356208142188215,1
3.2_cycles_x0.9,LFP,A2,6,1,1.2566805015864615,1
3.2_cycles_x0.9,LFP,A2,17,1,2.5064376688547507,1
3.2_cycles_x0.9,LFP,A2,22,1,0.798271148248184,1
3.2_cycles_x0.9,LFP,A2,23,1,0.8336845050016755,1
3.2_cycles_x0.9,LFP,A2,27,1,0.812160725545603,1
3.2_cycles_x0.9,LFP,A2,28,1,0.8846973983562663,1
3.2_cycles_x0.9,LFP,A2,34,1,1.9763629029747374,1
3.2_cycles_x0.9,LFP,A2,52,1,0.7055684362090412,1
3.2_cycles_x0.9,LFP,A2,53,1,1.6643650155857326,1
3.2_cycles_x0.9,LFP,A2,57,1,2.0007969238958654,1
3.2_cycles_x0.9,LFP,A2,58,1,1.6388592984934764,1
3.2_cycles_x0.9,LFP,A2,60,1,0.9277834363399606,1
3.2_cycles_x0.9,LFP,A2,62,1,1.2079758973246775,1
3.2_cycles_x0.9,LFP,A2,6,2,1.4111896069775864,1
3.2_cycles_x0.9,LFP,A2,17,2,2.560228565419361,1
3.2_cycles_x0.9,LFP,A2,22,2,0.8899013615040936,1
3.2_cycles_x0.9,LFP,A2,23,2,1.0278545136219814,1
3.2_cycles_x0.9,LFP,A2,27,2,1.100919991753828,1
3.2_cycles_x0.9,LFP,A2,28,2,0.8807503247427577,1
3.2_cycles_x0.9,LFP,A2,34,2,2.1227713692190813,1
3.2_cycles_x0.9,LFP,A2,52,2,0.7494220372446838,1
3.2_cycles_x0.9,LFP,A2,53,2,1.9097644247334047,1
3.2_cycles_x0.9,LFP,A2,57,2,2.2248769618689415,1
3.2_cycles_x0.9,LFP,A2,58,2,1.8786717203945558,1
3.2_cycles_x0.9,LFP,A2,60,2,1.1482185681607286,1
3.2_cycles_x0.9,LFP,A2,62,2,1.4195982249400503,1
3.2_cycles_x0.9,LFP,A2,5,0,2.0564994168775126,2
3.2_cycles_x0.9,LFP,A2,11,0,1.5439135358621618,2
3.2_cycles_x0.9,LFP,A2,12,0,0.8409482686212723,2
3.2_cycles_x0.9,LFP,A2,18,0,2.5714780009569367,2
3.2_cycles_x0.9,LFP,A2,25,0,1.0352503725444815,2
3.2_cycles_x0.9,LFP,A2,30,0,1.0102469097876203,2
3.2_cycles_x0.9,LFP,A2,32,0,2.205921294127039,2
3.2_cycles_x0.9,LFP,A2,33,0,2.8215745269029755,2
3.2_cycles_x0.9,LFP,A2,36,0,1.5150484339916275,2
3.2_cycles_x0.9,LFP,A2,39,0,1.0069274052487032,2
3.2_cycles_x0.9,LFP,A2,41,0,1.012039064618945,2
3.2_cycles_x0.9,LFP,A2,42,0,1.4733815431774602,2
3.2_cycles_x0.9,LFP,A2,61,0,1.2250697000858657,2
3.2_cycles_x0.9,LFP,A2,5,1,1.9492817105957996,2
3.2_cycles_x0.9,LFP,A2,11,1,1.3589228088552718,2
3.2_cycles_x0.9,LFP,A2,12,1,0.7541161296005294,2
3.2_cycles_x0.9,LFP,A2,18,1,2.255841967825987,2
3.2_cycles_x0.9,LFP,A2,25,1,0.8039990742531358,2
3.2_cycles_x0.9,LFP,A2,30,1,1.204239026505837,2
3.2_cycles_x0.9,LFP,A2,32,1,1.9586385704624758,2
3.2_cycles_x0.9,LFP,A2,33,1,2.7052321121090155,2
3.2_cycles_x0.9,LFP,A2,36,1,1.3011936657073275,2
3.2_cycles_x0.9,LFP,A2,39,1,0.7569762505765899,2
3.2_cycles_x0.9,LFP,A2,41,1,0.8649907050631517,2
3.2_cycles_x0.9,LFP,A2,42,1,1.3233353285872078,2
3.2_cycles_x0.9,LFP,A2,61,1,0.9403086502076444,2
3.2_cycles_x0.9,LFP,A2,5,2,2.2720930338068546,2
3.2_cycles_x0.9,LFP,A2,11,2,1.6435985422006025,2
3.2_cycles_x0.9,LFP,A2,12,2,0.9500709802153466,2
3.2_cycles_x0.9,LFP,A2,18,2,2.580037926251815,2
3.2_cycles_x0.9,LFP,A2,25,2,0.9237747066007441,2
3.2_cycles_x0.9,LFP,A2,30,2,0.8775890215985214,2
3.2_cycles_x0.9,LFP,A2,32,2,2.2495265854558926,2
3.2_cycles_x0.9,LFP,A2,33,2,2.9600618298470462,2
3.2_cycles_x0.9,LFP,A2,36,2,1.6921671489526027,2
3.2_cycles_x0.9,LFP,A2,39,2,0.8174079696410925,2
3.2_cycles_x0.9,LFP,A2,41,2,0.7655385019752188,2
3.2_cycles_x0.9,LFP,A2,42,2,1.4356972595674917,2
3.2_cycles_x0.9,LFP,A2,61,2,1.2206283253630696,2
3.2_cycles_x0.9,LFP,A2,2,0,1.7585633239575265,3
3.2_cycles_x0.9,LFP,A2,8,0,0.8341222919379255,3
3.2_cycles_x0.9,LFP,A2,13,0,1.1343425482160936,3
3.2_cycles_x0.9,LFP,A2,21,0,1.2785457002709073,3
3.2_cycles_x0.9,LFP,A2,24,0,0.7828888071610478,3
3.2_cycles_x0.9,LFP,A2,37,0,2.061737326912078,3
3.2_cycles_x0.9,LFP,A2,40,0,0.9524809186798666,3
3.2_cycles_x0.9,LFP,A2,43,0,1.2219413581536107,3
3.2_cycles_x0.9,LFP,A2,49,0,1.4025755734901892,3
3.2_cycles_x0.9,LFP,A2,50,0,1.9362217126745822,3
3.2_cycles_x0.9,LFP,A2,51,0,2.331229142464907,3
3.2_cycles_x0.9,LFP,A2,54,0,0.9863311393791205,3
3.2_cycles_x0.9,LFP,A2,59,0,1.7800079429195814,3
3.2_cycles_x0.9,LFP,A2,2,1,1.7570382875310988,3
3.2_cycles_x0.9,LFP,A2,8,1,0.7058299823161236,3
3.2_cycles_x0.9,LFP,A2,13,1,0.9823960175611745,3
3.2_cycles_x0.9,LFP,A2,21,1,1.1452225330539727,3
3.2_cycles_x0.9,LFP,A2,24,1,0.7403548982242509,3
3.2_cycles_x0.9,LFP,A2,37,1,1.92975426252623,3
3.2_cycles_x0.9,LFP,A2,40,1,0.8645964114245652,3
3.2_cycles_x0.9,LFP,A2,43,1,1.0770949581435407,3
3.2_cycles_x0.9,LFP,A2,49,1,1.352247334340374,3
3.2_cycles_x0.9,LFP,A2,50,1,1.9485608900661182,3
3.2_cycles_x0.9,LFP,A2,51,1,2.253981730312817,3
3.2_cycles_x0.9,LFP,A2,54,1,0.9401905670887146,3
3.2_cycles_x0.9,LFP,A2,59,1,1.6314736796964067,3
3.2_cycles_x0.9,LFP,A2,2,2,2.076116795164114,3
3.2_cycles_x0.9,LFP,A2,8,2,1.0033945092123986,3
3.2_cycles_x0.9,LFP,A2,13,2,1.2946182818105554,3
3.2_cycles_x0.9,LFP,A2,21,2,1.1726879741549057,3
3.2_cycles_x0.9,LFP,A2,24,2,0.7848288976808515,3
3.2_cycles_x0.9,LFP,A2,37,2,2.450143831446437,3
3.2_cycles_x0.9,LFP,A2,40,2,0.8528436510993896,3
3.2_cycles_x0.9,LFP,A2,43,2,1.0585118846623864,3
3.2_cycles_x0.9,LFP,A2,49,2,1.2154984403134355,3
3.2_cycles_x0.9,LFP,A2,50,2,2.1362375980497585,3
3.2_cycles_x0.9,LFP,A2,51,2,2.361360276851613,3
3.2_cycles_x0.9,LFP,A2,54,2,0.9868837229374302,3
3.2_cycles_x0.9,LFP,A2,59,2,1.7994432675253758,3
3.2_cycles_x0.9,LFP,A2,3,0,3.4963081824079922,4
3.2_cycles_x0.9,LFP,A2,4,0,1.6063095793234614,4
3.2_cycles_x0.9,LFP,A2,10,0,1.7724444079891626,4
3.2_cycles_x0.9,LFP,A2,14,0,2.8963609133154398,4
3.2_cycles_x0.9,LFP,A2,15,0,3.272297259403327,4
3.2_cycles_x0.9,LFP,A2,16,0,2.9067218362599414,4
3.2_cycles_x0.9,LFP,A2,35,0,2.2213195215279335,4
3.2_cycles_x0.9,LFP,A2,38,0,0.8411145848589505,4
3.2_cycles_x0.9,LFP,A2,45,0,1.4426345696397602,4
3.2_cycles_x0.9,LFP,A2,47,0,1.218869871115972,4
3.2_cycles_x0.9,LFP,A2,55,0,1.8948332523461793,4
3.2_cycles_x0.9,LFP,A2,64,0,0.956399656290931,4
3.2_cycles_x0.9,LFP,A2,3,1,3.9888286561956914,4
3.2_cycles_x0.9,LFP,A2,4,1,1.8502496763253888,4
3.2_cycles_x0.9,LFP,A2,10,1,1.9923886406889846,4
3.2_cycles_x0.9,LFP,A2,14,1,2.9754716543389614,4
3.2_cycles_x0.9,LFP,A2,15,1,3.367711283321536,4
3.2_cycles_x0.9,LFP,A2,16,1,2.8677533798621346,4
3.2_cycles_x0.9,LFP,A2,35,1,2.4961564074721303,4
3.2_cycles_x0.9,LFP,A2,38,1,0.8373447651304098,4
3.2_cycles_x0.9,LFP,A2,45,1,1.2883258514841696,4
3.2_cycles_x0.9,LFP,A2,47,1,1.0982778679870555,4
3.2_cycles_x0.9,LFP,A2,55,1,1.815524582697283,4
3.2_cycles_x0.9,LFP,A2,64,1,0.9674420085922751,4
3.2_cycles_x0.9,LFP,A2,3,2,2.8907926083502837,4
3.2_cycles_x0.9,LFP,A2,4,2,1.8459599074282431,4
3.2_cycles_x0.9,LFP,A2,10,2,2.016871905084935,4
3.2_cycles_x0.9,LFP,A2,14,2,2.971808748689649,4
3.2_cycles_x0.9,LFP,A2,15,2,3.426437531998445,4
3.2_cycles_x0.9,LFP,A2,16,2,2.9441778052257357,4
3.2_cycles_x0.9,LFP,A2,35,2,2.456721675424508,4
3.2_cycles_x0.9,LFP,A2,38,2,0.622066313061177,4
3.2_cycles_x0.9,LFP,A2,45,2,1.0790658177656376,4
3.2_cycles_x0.9,LFP,A2,47,2,0.9028228835160422,4
3.2_cycles_x0.9,LFP,A2,55,2,1.0737563058996702,4
3.2_cycles_x0.9,LFP,A2,64,2,1.0067203161795073,4
3.3_matched_noise_1p0mV,LFP,R0,7,0,1.4338041543960571,0
3.3_matched_noise_1p0mV,LFP,R0,9,0,0.860318124294281,0
3.3_matched_noise_1p0mV,LFP,R0,19,0,3.2955095767974854,0
3.3_matched_noise_1p0mV,LFP,R0,20,0,1.2661585807800293,0
3.3_matched_noise_1p0mV,LFP,R0,26,0,1.0194485187530518,0
3.3_matched_noise_1p0mV,LFP,R0,29,0,1.2737370729446411,0
3.3_matched_noise_1p0mV,LFP,R0,31,0,1.5499762296676636,0
3.3_matched_noise_1p0mV,LFP,R0,44,0,1.2340565919876099,0
3.3_matched_noise_1p0mV,LFP,R0,46,0,2.129927158355713,0
3.3_matched_noise_1p0mV,LFP,R0,48,0,1.4028360843658447,0
3.3_matched_noise_1p0mV,LFP,R0,56,0,1.0175566673278809,0
3.3_matched_noise_1p0mV,LFP,R0,63,0,0.7605939507484436,0
3.3_matched_noise_1p0mV,LFP,R0,65,0,1.2513984441757202,0
3.3_matched_noise_1p0mV,LFP,R0,7,1,1.1780531406402588,0
3.3_matched_noise_1p0mV,LFP,R0,9,1,0.9136282801628113,0
3.3_matched_noise_1p0mV,LFP,R0,19,1,3.0189766883850098,0
3.3_matched_noise_1p0mV,LFP,R0,20,1,1.2856500148773193,0
3.3_matched_noise_1p0mV,LFP,R0,26,1,1.0930835008621216,0
3.3_matched_noise_1p0mV,LFP,R0,29,1,1.3543100357055664,0
3.3_matched_noise_1p0mV,LFP,R0,31,1,1.660170078277588,0
3.3_matched_noise_1p0mV,LFP,R0,44,1,1.4213402271270752,0
3.3_matched_noise_1p0mV,LFP,R0,46,1,2.406303882598877,0
3.3_matched_noise_1p0mV,LFP,R0,48,1,1.6455950736999512,0
3.3_matched_noise_1p0mV,LFP,R0,56,1,1.0392853021621704,0
3.3_matched_noise_1p0mV,LFP,R0,63,1,0.8905254006385803,0
3.3_matched_noise_1p0mV,LFP,R0,65,1,1.515620231628418,0
3.3_matched_noise_1p0mV,LFP,R0,7,2,1.2459771633148193,0
3.3_matched_noise_1p0mV,LFP,R0,9,2,0.9631406664848328,0
3.3_matched_noise_1p0mV,LFP,R0,19,2,2.9681177139282227,0
3.3_matched_noise_1p0mV,LFP,R0,20,2,1.2714539766311646,0
3.3_matched_noise_1p0mV,LFP,R0,26,2,1.0647555589675903,0
3.3_matched_noise_1p0mV,LFP,R0,29,2,1.3997472524642944,0
3.3_matched_noise_1p0mV,LFP,R0,31,2,1.6464416980743408,0
3.3_matched_noise_1p0mV,LFP,R0,44,2,1.5227349996566772,0
3.3_matched_noise_1p0mV,LFP,R0,46,2,2.45367693901062,0
3.3_matched_noise_1p0mV,LFP,R0,48,2,1.6182419061660767,0
3.3_matched_noise_1p0mV,LFP,R0,56,2,1.009975552558899,0
3.3_matched_noise_1p0mV,LFP,R0,63,2,0.941459596157074,0
3.3_matched_noise_1p0mV,LFP,R0,65,2,1.6507203578948975,0
3.3_matched_noise_1p0mV,LFP,R0,6,0,1.3530809879302979,1
3.3_matched_noise_1p0mV,LFP,R0,17,0,2.8632965087890625,1
3.3_matched_noise_1p0mV,LFP,R0,22,0,0.9866606593132019,1
3.3_matched_noise_1p0mV,LFP,R0,23,0,0.8075787425041199,1
3.3_matched_noise_1p0mV,LFP,R0,27,0,0.6962602138519287,1
3.3_matched_noise_1p0mV,LFP,R0,28,0,1.500760793685913,1
3.3_matched_noise_1p0mV,LFP,R0,34,0,2.227829933166504,1
3.3_matched_noise_1p0mV,LFP,R0,52,0,1.0099310874938965,1
3.3_matched_noise_1p0mV,LFP,R0,53,0,1.3180606365203857,1
3.3_matched_noise_1p0mV,LFP,R0,57,0,1.6643556356430054,1
3.3_matched_noise_1p0mV,LFP,R0,58,0,1.3339428901672363,1
3.3_matched_noise_1p0mV,LFP,R0,60,0,1.0002868175506592,1
3.3_matched_noise_1p0mV,LFP,R0,62,0,0.733877420425415,1
3.3_matched_noise_1p0mV,LFP,R0,6,1,1.2959582805633545,1
3.3_matched_noise_1p0mV,LFP,R0,17,1,2.701425313949585,1
3.3_matched_noise_1p0mV,LFP,R0,22,1,1.0725562572479248,1
3.3_matched_noise_1p0mV,LFP,R0,23,1,0.9735637903213501,1
3.3_matched_noise_1p0mV,LFP,R0,27,1,0.8595095276832581,1
3.3_matched_noise_1p0mV,LFP,R0,28,1,1.787469744682312,1
3.3_matched_noise_1p0mV,LFP,R0,34,1,2.108546495437622,1
3.3_matched_noise_1p0mV,LFP,R0,52,1,1.4188026189804077,1
3.3_matched_noise_1p0mV,LFP,R0,53,1,1.2959738969802856,1
3.3_matched_noise_1p0mV,LFP,R0,57,1,1.5137685537338257,1
3.3_matched_noise_1p0mV,LFP,R0,58,1,1.2884567975997925,1
3.3_matched_noise_1p0mV,LFP,R0,60,1,0.9975975751876831,1
3.3_matched_noise_1p0mV,LFP,R0,62,1,1.0552698373794556,1
3.3_matched_noise_1p0mV,LFP,R0,6,2,1.329397201538086,1
3.3_matched_noise_1p0mV,LFP,R0,17,2,2.691362142562866,1
3.3_matched_noise_1p0mV,LFP,R0,22,2,1.2488394975662231,1
3.3_matched_noise_1p0mV,LFP,R0,23,2,1.140413761138916,1
3.3_matched_noise_1p0mV,LFP,R0,27,2,0.926202118396759,1
3.3_matched_noise_1p0mV,LFP,R0,28,2,1.6643813848495483,1
3.3_matched_noise_1p0mV,LFP,R0,34,2,2.1873486042022705,1
3.3_matched_noise_1p0mV,LFP,R0,52,2,1.3444267511367798,1
3.3_matched_noise_1p0mV,LFP,R0,53,2,1.5799204111099243,1
3.3_matched_noise_1p0mV,LFP,R0,57,2,1.77884840965271,1
3.3_matched_noise_1p0mV,LFP,R0,58,2,1.51211416721344,1
3.3_matched_noise_1p0mV,LFP,R0,60,2,1.1786762475967407,1
3.3_matched_noise_1p0mV,LFP,R0,62,2,1.1428637504577637,1
3.3_matched_noise_1p0mV,LFP,R0,5,0,2.084951877593994,2
3.3_matched_noise_1p0mV,LFP,R0,11,0,1.372596025466919,2
3.3_matched_noise_1p0mV,LFP,R0,12,0,0.6290653347969055,2
3.3_matched_noise_1p0mV,LFP,R0,18,0,2.8123972415924072,2
3.3_matched_noise_1p0mV,LFP,R0,25,0,0.8701833486557007,2
3.3_matched_noise_1p0mV,LFP,R0,30,0,1.5294843912124634,2
3.3_matched_noise_1p0mV,LFP,R0,32,0,2.1824560165405273,2
3.3_matched_noise_1p0mV,LFP,R0,33,0,2.878316640853882,2
3.3_matched_noise_1p0mV,LFP,R0,36,0,1.6061558723449707,2
3.3_matched_noise_1p0mV,LFP,R0,39,0,0.8261473178863525,2
3.3_matched_noise_1p0mV,LFP,R0,41,0,0.7641186118125916,2
3.3_matched_noise_1p0mV,LFP,R0,42,0,1.1392831802368164,2
3.3_matched_noise_1p0mV,LFP,R0,61,0,0.954105794429779,2
3.3_matched_noise_1p0mV,LFP,R0,5,1,2.0286271572113037,2
3.3_matched_noise_1p0mV,LFP,R0,11,1,1.1755622625350952,2
3.3_matched_noise_1p0mV,LFP,R0,12,1,0.6737677454948425,2
3.3_matched_noise_1p0mV,LFP,R0,18,1,2.6626362800598145,2
3.3_matched_noise_1p0mV,LFP,R0,25,1,1.1424609422683716,2
3.3_matched_noise_1p0mV,LFP,R0,30,1,1.7678931951522827,2
3.3_matched_noise_1p0mV,LFP,R0,32,1,2.122725009918213,2
3.3_matched_noise_1p0mV,LFP,R0,33,1,2.6774418354034424,2
3.3_matched_noise_1p0mV,LFP,R0,36,1,1.4144474267959595,2
3.3_matched_noise_1p0mV,LFP,R0,39,1,1.0576307773590088,2
3.3_matched_noise_1p0mV,LFP,R0,41,1,0.9547766447067261,2
3.3_matched_noise_1p0mV,LFP,R0,42,1,1.191188931465149,2
3.3_matched_noise_1p0mV,LFP,R0,61,1,1.0742874145507812,2
3.3_matched_noise_1p0mV,LFP,R0,5,2,2.2248647212982178,2
3.3_matched_noise_1p0mV,LFP,R0,11,2,1.4384634494781494,2
3.3_matched_noise_1p0mV,LFP,R0,12,2,0.7726002931594849,2
3.3_matched_noise_1p0mV,LFP,R0,18,2,2.881174087524414,2
3.3_matched_noise_1p0mV,LFP,R0,25,2,1.0330318212509155,2
3.3_matched_noise_1p0mV,LFP,R0,30,2,1.5718787908554077,2
3.3_matched_noise_1p0mV,LFP,R0,32,2,2.3258097171783447,2
3.3_matched_noise_1p0mV,LFP,R0,33,2,2.92502760887146,2
3.3_matched_noise_1p0mV,LFP,R0,36,2,1.692075490951538,2
3.3_matched_noise_1p0mV,LFP,R0,39,2,0.9857203364372253,2
3.3_matched_noise_1p0mV,LFP,R0,41,2,0.9177179336547852,2
3.3_matched_noise_1p0mV,LFP,R0,42,2,1.232070803642273,2
3.3_matched_noise_1p0mV,LFP,R0,61,2,1.0736842155456543,2
3.3_matched_noise_1p0mV,LFP,R0,2,0,1.7782726287841797,3
3.3_matched_noise_1p0mV,LFP,R0,8,0,0.7610728144645691,3
3.3_matched_noise_1p0mV,LFP,R0,13,0,1.028308629989624,3
3.3_matched_noise_1p0mV,LFP,R0,21,0,1.0061084032058716,3
3.3_matched_noise_1p0mV,LFP,R0,24,0,0.812535285949707,3
3.3_matched_noise_1p0mV,LFP,R0,37,0,2.491379737854004,3
3.3_matched_noise_1p0mV,LFP,R0,40,0,0.8337029218673706,3
3.3_matched_noise_1p0mV,LFP,R0,43,0,0.8768600821495056,3
3.3_matched_noise_1p0mV,LFP,R0,49,0,1.4728155136108398,3
3.3_matched_noise_1p0mV,LFP,R0,50,0,1.610424518585205,3
3.3_matched_noise_1p0mV,LFP,R0,51,0,1.8558372259140015,3
3.3_matched_noise_1p0mV,LFP,R0,54,0,0.7940771579742432,3
3.3_matched_noise_1p0mV,LFP,R0,59,0,1.4230115413665771,3
3.3_matched_noise_1p0mV,LFP,R0,2,1,1.6440188884735107,3
3.3_matched_noise_1p0mV,LFP,R0,8,1,0.8629841208457947,3
3.3_matched_noise_1p0mV,LFP,R0,13,1,1.014159083366394,3
3.3_matched_noise_1p0mV,LFP,R0,21,1,1.257619857788086,3
3.3_matched_noise_1p0mV,LFP,R0,24,1,1.1755720376968384,3
3.3_matched_noise_1p0mV,LFP,R0,37,1,2.201005458831787,3
3.3_matched_noise_1p0mV,LFP,R0,40,1,1.1713632345199585,3
3.3_matched_noise_1p0mV,LFP,R0,43,1,1.2559523582458496,3
3.3_matched_noise_1p0mV,LFP,R0,49,1,1.7107625007629395,3
3.3_matched_noise_1p0mV,LFP,R0,50,1,1.7394731044769287,3
3.3_matched_noise_1p0mV,LFP,R0,51,1,2.032895088195801,3
3.3_matched_noise_1p0mV,LFP,R0,54,1,1.1115598678588867,3
3.3_matched_noise_1p0mV,LFP,R0,59,1,1.4797570705413818,3
3.3_matched_noise_1p0mV,LFP,R0,2,2,1.6263115406036377,3
3.3_matched_noise_1p0mV,LFP,R0,8,2,0.7358567118644714,3
3.3_matched_noise_1p0mV,LFP,R0,13,2,0.9150987267494202,3
3.3_matched_noise_1p0mV,LFP,R0,21,2,1.1537950038909912,3
3.3_matched_noise_1p0mV,LFP,R0,24,2,1.1117198467254639,3
3.3_matched_noise_1p0mV,LFP,R0,37,2,2.1231529712677,3
3.3_matched_noise_1p0mV,LFP,R0,40,2,1.0558650493621826,3
3.3_matched_noise_1p0mV,LFP,R0,43,2,1.1007981300354004,3
3.3_matched_noise_1p0mV,LFP,R0,49,2,1.7503868341445923,3
3.3_matched_noise_1p0mV,LFP,R0,50,2,1.6124094724655151,3
3.3_matched_noise_1p0mV,LFP,R0,51,2,1.9275567531585693,3
3.3_matched_noise_1p0mV,LFP,R0,54,2,1.0507714748382568,3
3.3_matched_noise_1p0mV,LFP,R0,59,2,1.4689700603485107,3
3.3_matched_noise_1p0mV,LFP,R0,3,0,2.635812759399414,4
3.3_matched_noise_1p0mV,LFP,R0,4,0,1.7102000713348389,4
3.3_matched_noise_1p0mV,LFP,R0,10,0,1.7807559967041016,4
3.3_matched_noise_1p0mV,LFP,R0,14,0,3.2691400051116943,4
3.3_matched_noise_1p0mV,LFP,R0,15,0,3.5282044410705566,4
3.3_matched_noise_1p0mV,LFP,R0,16,0,3.426982879638672,4
3.3_matched_noise_1p0mV,LFP,R0,35,0,2.542898654937744,4
3.3_matched_noise_1p0mV,LFP,R0,38,0,0.6799971461296082,4
3.3_matched_noise_1p0mV,LFP,R0,45,0,1.0978848934173584,4
3.3_matched_noise_1p0mV,LFP,R0,47,0,1.2437963485717773,4
3.3_matched_noise_1p0mV,LFP,R0,55,0,1.417833924293518,4
3.3_matched_noise_1p0mV,LFP,R0,64,0,0.6599107980728149,4
3.3_matched_noise_1p0mV,LFP,R0,3,1,2.8645412921905518,4
3.3_matched_noise_1p0mV,LFP,R0,4,1,1.6670788526535034,4
3.3_matched_noise_1p0mV,LFP,R0,10,1,1.6599425077438354,4
3.3_matched_noise_1p0mV,LFP,R0,14,1,3.0359866619110107,4
3.3_matched_noise_1p0mV,LFP,R0,15,1,3.423689842224121,4
3.3_matched_noise_1p0mV,LFP,R0,16,1,3.2425835132598877,4
3.3_matched_noise_1p0mV,LFP,R0,35,1,2.4094276428222656,4
3.3_matched_noise_1p0mV,LFP,R0,38,1,0.9758339524269104,4
3.3_matched_noise_1p0mV,LFP,R0,45,1,1.4025510549545288,4
3.3_matched_noise_1p0mV,LFP,R0,47,1,1.4768544435501099,4
3.3_matched_noise_1p0mV,LFP,R0,55,1,1.870701551437378,4
3.3_matched_noise_1p0mV,LFP,R0,64,1,0.9970715641975403,4
3.3_matched_noise_1p0mV,LFP,R0,3,2,2.620716094970703,4
3.3_matched_noise_1p0mV,LFP,R0,4,2,1.5865205526351929,4
3.3_matched_noise_1p0mV,LFP,R0,10,2,1.6919324398040771,4
3.3_matched_noise_1p0mV,LFP,R0,14,2,2.952972888946533,4
3.3_matched_noise_1p0mV,LFP,R0,15,2,3.485764265060425,4
3.3_matched_noise_1p0mV,LFP,R0,16,2,3.299866199493408,4
3.3_matched_noise_1p0mV,LFP,R0,35,2,2.446873188018799,4
3.3_matched_noise_1p0mV,LFP,R0,38,2,0.8780686259269714,4
3.3_matched_noise_1p0mV,LFP,R0,45,2,1.2880116701126099,4
3.3_matched_noise_1p0mV,LFP,R0,47,2,1.319767951965332,4
3.3_matched_noise_1p0mV,LFP,R0,55,2,1.55729079246521,4
3.3_matched_noise_1p0mV,LFP,R0,64,2,0.8786054849624634,4
3.3_matched_noise_1p0mV,LFP,A2,7,0,1.3417909145355225,0
3.3_matched_noise_1p0mV,LFP,A2,9,0,0.9842894673347473,0
3.3_matched_noise_1p0mV,LFP,A2,19,0,2.996610403060913,0
3.3_matched_noise_1p0mV,LFP,A2,20,0,1.5062235593795776,0
3.3_matched_noise_1p0mV,LFP,A2,26,0,1.1533690690994263,0
3.3_matched_noise_1p0mV,LFP,A2,29,0,1.425963282585144,0
3.3_matched_noise_1p0mV,LFP,A2,31,0,1.680446743965149,0
3.3_matched_noise_1p0mV,LFP,A2,44,0,1.6054412126541138,0
3.3_matched_noise_1p0mV,LFP,A2,46,0,2.462190866470337,0
3.3_matched_noise_1p0mV,LFP,A2,48,0,1.6856893301010132,0
3.3_matched_noise_1p0mV,LFP,A2,56,0,1.2010689973831177,0
3.3_matched_noise_1p0mV,LFP,A2,63,0,1.1591780185699463,0
3.3_matched_noise_1p0mV,LFP,A2,65,0,1.5471638441085815,0
3.3_matched_noise_1p0mV,LFP,A2,7,1,1.2480159997940063,0
3.3_matched_noise_1p0mV,LFP,A2,9,1,0.9478569030761719,0
3.3_matched_noise_1p0mV,LFP,A2,19,1,3.000603199005127,0
3.3_matched_noise_1p0mV,LFP,A2,20,1,1.2983078956604004,0
3.3_matched_noise_1p0mV,LFP,A2,26,1,1.1360868215560913,0
3.3_matched_noise_1p0mV,LFP,A2,29,1,1.3759325742721558,0
3.3_matched_noise_1p0mV,LFP,A2,31,1,1.6164392232894897,0
3.3_matched_noise_1p0mV,LFP,A2,44,1,1.4595346450805664,0
3.3_matched_noise_1p0mV,LFP,A2,46,1,2.4589736461639404,0
3.3_matched_noise_1p0mV,LFP,A2,48,1,1.6192734241485596,0
3.3_matched_noise_1p0mV,LFP,A2,56,1,1.0092542171478271,0
3.3_matched_noise_1p0mV,LFP,A2,63,1,0.937687873840332,0
3.3_matched_noise_1p0mV,LFP,A2,65,1,1.4934247732162476,0
3.3_matched_noise_1p0mV,LFP,A2,7,2,1.641016960144043,0
3.3_matched_noise_1p0mV,LFP,A2,9,2,0.8563493490219116,0
3.3_matched_noise_1p0mV,LFP,A2,19,2,3.1230380535125732,0
3.3_matched_noise_1p0mV,LFP,A2,20,2,1.622134804725647,0
3.3_matched_noise_1p0mV,LFP,A2,26,2,1.1902703046798706,0
3.3_matched_noise_1p0mV,LFP,A2,29,2,1.3261526823043823,0
3.3_matched_noise_1p0mV,LFP,A2,31,2,1.4900460243225098,0
3.3_matched_noise_1p0mV,LFP,A2,44,2,1.442638874053955,0
3.3_matched_noise_1p0mV,LFP,A2,46,2,2.0865654945373535,0
3.3_matched_noise_1p0mV,LFP,A2,48,2,1.4078741073608398,0
3.3_matched_noise_1p0mV,LFP,A2,56,2,1.2933471202850342,0
3.3_matched_noise_1p0mV,LFP,A2,63,2,0.9947736263275146,0
3.3_matched_noise_1p0mV,LFP,A2,65,2,1.1821333169937134,0
3.3_matched_noise_1p0mV,LFP,A2,6,0,1.2265063524246216,1
3.3_matched_noise_1p0mV,LFP,A2,17,0,2.654085397720337,1
3.3_matched_noise_1p0mV,LFP,A2,22,0,1.3367893695831299,1
3.3_matched_noise_1p0mV,LFP,A2,23,0,1.212183952331543,1
3.3_matched_noise_1p0mV,LFP,A2,27,0,0.9887134432792664,1
3.3_matched_noise_1p0mV,LFP,A2,28,0,1.748303771018982,1
3.3_matched_noise_1p0mV,LFP,A2,34,0,2.041038751602173,1
3.3_matched_noise_1p0mV,LFP,A2,52,0,1.593504548072815,1
3.3_matched_noise_1p0mV,LFP,A2,53,0,1.5571086406707764,1
3.3_matched_noise_1p0mV,LFP,A2,57,0,1.773297905921936,1
3.3_matched_noise_1p0mV,LFP,A2,58,0,1.480419635772705,1
3.3_matched_noise_1p0mV,LFP,A2,60,0,1.2640149593353271,1
3.3_matched_noise_1p0mV,LFP,A2,62,0,1.165610432624817,1
3.3_matched_noise_1p0mV,LFP,A2,6,1,1.2340701818466187,1
3.3_matched_noise_1p0mV,LFP,A2,17,1,2.597907543182373,1
3.3_matched_noise_1p0mV,LFP,A2,22,1,1.1883541345596313,1
3.3_matched_noise_1p0mV,LFP,A2,23,1,1.017159104347229,1
3.3_matched_noise_1p0mV,LFP,A2,27,1,0.8161367774009705,1
3.3_matched_noise_1p0mV,LFP,A2,28,1,1.6131913661956787,1
3.3_matched_noise_1p0mV,LFP,A2,34,1,2.11724853515625,1
3.3_matched_noise_1p0mV,LFP,A2,52,1,1.2655689716339111,1
3.3_matched_noise_1p0mV,LFP,A2,53,1,1.4331376552581787,1
3.3_matched_noise_1p0mV,LFP,A2,57,1,1.6981194019317627,1
3.3_matched_noise_1p0mV,LFP,A2,58,1,1.4095872640609741,1
3.3_matched_noise_1p0mV,LFP,A2,60,1,1.0368022918701172,1
3.3_matched_noise_1p0mV,LFP,A2,62,1,0.9494873285293579,1
3.3_matched_noise_1p0mV,LFP,A2,6,2,1.6973469257354736,1
3.3_matched_noise_1p0mV,LFP,A2,17,2,3.1454474925994873,1
3.3_matched_noise_1p0mV,LFP,A2,22,2,1.0580501556396484,1
3.3_matched_noise_1p0mV,LFP,A2,23,2,1.0144293308258057,1
3.3_matched_noise_1p0mV,LFP,A2,27,2,0.8912513256072998,1
3.3_matched_noise_1p0mV,LFP,A2,28,2,1.4654260873794556,1
3.3_matched_noise_1p0mV,LFP,A2,34,2,2.4059293270111084,1
3.3_matched_noise_1p0mV,LFP,A2,52,2,1.29994535446167,1
3.3_matched_noise_1p0mV,LFP,A2,53,2,1.373528003692627,1
3.3_matched_noise_1p0mV,LFP,A2,57,2,1.80231511592865,1
3.3_matched_noise_1p0mV,LFP,A2,58,2,1.474037766456604,1
3.3_matched_noise_1p0mV,LFP,A2,60,2,1.1186728477478027,1
3.3_matched_noise_1p0mV,LFP,A2,62,2,1.1471165418624878,1
3.3_matched_noise_1p0mV,LFP,A2,5,0,2.0585012435913086,2
3.3_matched_noise_1p0mV,LFP,A2,11,0,1.5208580493927002,2
3.3_matched_noise_1p0mV,LFP,A2,12,0,0.8170031309127808,2
3.3_matched_noise_1p0mV,LFP,A2,18,0,2.7860164642333984,2
3.3_matched_noise_1p0mV,LFP,A2,25,0,1.2944549322128296,2
3.3_matched_noise_1p0mV,LFP,A2,30,0,1.5350476503372192,2
3.3_matched_noise_1p0mV,LFP,A2,32,0,2.2822458744049072,2
3.3_matched_noise_1p0mV,LFP,A2,33,0,2.85783052444458,2
3.3_matched_noise_1p0mV,LFP,A2,36,0,1.618478536605835,2
3.3_matched_noise_1p0mV,LFP,A2,39,0,1.2911443710327148,2
3.3_matched_noise_1p0mV,LFP,A2,41,0,1.1451586484909058,2
3.3_matched_noise_1p0mV,LFP,A2,42,0,1.4864426851272583,2
3.3_matched_noise_1p0mV,LFP,A2,61,0,1.2599892616271973,2
3.3_matched_noise_1p0mV,LFP,A2,5,1,2.028125047683716,2
3.3_matched_noise_1p0mV,LFP,A2,11,1,1.2589854001998901,2
3.3_matched_noise_1p0mV,LFP,A2,12,1,0.5842682719230652,2
3.3_matched_noise_1p0mV,LFP,A2,18,1,2.7406442165374756,2
3.3_matched_noise_1p0mV,LFP,A2,25,1,1.1260560750961304,2
3.3_matched_noise_1p0mV,LFP,A2,30,1,1.577372670173645,2
3.3_matched_noise_1p0mV,LFP,A2,32,1,2.1262645721435547,2
3.3_matched_noise_1p0mV,LFP,A2,33,1,2.7454376220703125,2
3.3_matched_noise_1p0mV,LFP,A2,36,1,1.4866490364074707,2
3.3_matched_noise_1p0mV,LFP,A2,39,1,1.0287322998046875,2
3.3_matched_noise_1p0mV,LFP,A2,41,1,0.9024866819381714,2
3.3_matched_noise_1p0mV,LFP,A2,42,1,1.244743824005127,2
3.3_matched_noise_1p0mV,LFP,A2,61,1,1.1010379791259766,2
3.3_matched_noise_1p0mV,LFP,A2,5,2,2.127232551574707,2
3.3_matched_noise_1p0mV,LFP,A2,11,2,1.5091125965118408,2
3.3_matched_noise_1p0mV,LFP,A2,12,2,0.7465214133262634,2
3.3_matched_noise_1p0mV,LFP,A2,18,2,2.8668253421783447,2
3.3_matched_noise_1p0mV,LFP,A2,25,2,1.1093661785125732,2
3.3_matched_noise_1p0mV,LFP,A2,30,2,1.5224463939666748,2
3.3_matched_noise_1p0mV,LFP,A2,32,2,2.2702348232269287,2
3.3_matched_noise_1p0mV,LFP,A2,33,2,2.9468228816986084,2
3.3_matched_noise_1p0mV,LFP,A2,36,2,1.673334002494812,2
3.3_matched_noise_1p0mV,LFP,A2,39,2,1.0650866031646729,2
3.3_matched_noise_1p0mV,LFP,A2,41,2,0.9769272804260254,2
3.3_matched_noise_1p0mV,LFP,A2,42,2,1.2898690700531006,2
3.3_matched_noise_1p0mV,LFP,A2,61,2,1.1774888038635254,2
3.3_matched_noise_1p0mV,LFP,A2,2,0,1.5703022480010986,3
3.3_matched_noise_1p0mV,LFP,A2,8,0,0.8161062598228455,3
3.3_matched_noise_1p0mV,LFP,A2,13,0,0.9778594374656677,3
3.3_matched_noise_1p0mV,LFP,A2,21,0,1.2843960523605347,3
3.3_matched_noise_1p0mV,LFP,A2,24,0,1.249815583229065,3
3.3_matched_noise_1p0mV,LFP,A2,37,0,2.2625386714935303,3
3.3_matched_noise_1p0mV,LFP,A2,40,0,1.202388882637024,3
3.3_matched_noise_1p0mV,LFP,A2,43,0,1.2195199728012085,3
3.3_matched_noise_1p0mV,LFP,A2,49,0,1.859655499458313,3
3.3_matched_noise_1p0mV,LFP,A2,50,0,1.593929409980774,3
3.3_matched_noise_1p0mV,LFP,A2,51,0,1.9536564350128174,3
3.3_matched_noise_1p0mV,LFP,A2,54,0,1.1556384563446045,3
3.3_matched_noise_1p0mV,LFP,A2,59,0,1.545088291168213,3
3.3_matched_noise_1p0mV,LFP,A2,2,1,1.6849839687347412,3
3.3_matched_noise_1p0mV,LFP,A2,8,1,0.8112847208976746,3
3.3_matched_noise_1p0mV,LFP,A2,13,1,1.0408265590667725,3
3.3_matched_noise_1p0mV,LFP,A2,21,1,1.2169657945632935,3
3.3_matched_noise_1p0mV,LFP,A2,24,1,1.0879015922546387,3
3.3_matched_noise_1p0mV,LFP,A2,37,1,2.1592226028442383,3
3.3_matched_noise_1p0mV,LFP,A2,40,1,1.0513672828674316,3
3.3_matched_noise_1p0mV,LFP,A2,43,1,1.1189954280853271,3
3.3_matched_noise_1p0mV,LFP,A2,49,1,1.5524306297302246,3
3.3_matched_noise_1p0mV,LFP,A2,50,1,1.7696475982666016,3
3.3_matched_noise_1p0mV,LFP,A2,51,1,2.0753984451293945,3
3.3_matched_noise_1p0mV,LFP,A2,54,1,1.0590521097183228,3
3.3_matched_noise_1p0mV,LFP,A2,59,1,1.5178515911102295,3
3.3_matched_noise_1p0mV,LFP,A2,2,2,1.8255271911621094,3
3.3_matched_noise_1p0mV,LFP,A2,8,2,1.0507004261016846,3
3.3_matched_noise_1p0mV,LFP,A2,13,2,1.253192663192749,3
3.3_matched_noise_1p0mV,LFP,A2,21,2,1.30772066116333,3
3.3_matched_noise_1p0mV,LFP,A2,24,2,1.1874053478240967,3
3.3_matched_noise_1p0mV,LFP,A2,37,2,2.4567742347717285,3
3.3_matched_noise_1p0mV,LFP,A2,40,2,1.0299288034439087,3
3.3_matched_noise_1p0mV,LFP,A2,43,2,1.1683249473571777,3
3.3_matched_noise_1p0mV,LFP,A2,49,2,1.4772475957870483,3
3.3_matched_noise_1p0mV,LFP,A2,50,2,1.9271005392074585,3
3.3_matched_noise_1p0mV,LFP,A2,51,2,2.1865642070770264,3
3.3_matched_noise_1p0mV,LFP,A2,54,2,1.1711336374282837,3
3.3_matched_noise_1p0mV,LFP,A2,59,2,1.7276161909103394,3
3.3_matched_noise_1p0mV,LFP,A2,3,0,2.993558883666992,4
3.3_matched_noise_1p0mV,LFP,A2,4,0,1.7403769493103027,4
3.3_matched_noise_1p0mV,LFP,A2,10,0,1.838456153869629,4
3.3_matched_noise_1p0mV,LFP,A2,14,0,2.9751193523406982,4
3.3_matched_noise_1p0mV,LFP,A2,15,0,3.3860344886779785,4
3.3_matched_noise_1p0mV,LFP,A2,16,0,3.215480089187622,4
3.3_matched_noise_1p0mV,LFP,A2,35,0,2.516294479370117,4
3.3_matched_noise_1p0mV,LFP,A2,38,0,0.9515270590782166,4
3.3_matched_noise_1p0mV,LFP,A2,45,0,1.4302598237991333,4
3.3_matched_noise_1p0mV,LFP,A2,47,0,1.378233790397644,4
3.3_matched_noise_1p0mV,LFP,A2,55,0,1.8856048583984375,4
3.3_matched_noise_1p0mV,LFP,A2,64,0,1.1613878011703491,4
3.3_matched_noise_1p0mV,LFP,A2,3,1,2.8911664485931396,4
3.3_matched_noise_1p0mV,LFP,A2,4,1,1.5778214931488037,4
3.3_matched_noise_1p0mV,LFP,A2,10,1,1.5842608213424683,4
3.3_matched_noise_1p0mV,LFP,A2,14,1,2.90878963470459,4
3.3_matched_noise_1p0mV,LFP,A2,15,1,3.0891644954681396,4
3.3_matched_noise_1p0mV,LFP,A2,16,1,2.9997055530548096,4
3.3_matched_noise_1p0mV,LFP,A2,35,1,2.4024713039398193,4
3.3_matched_noise_1p0mV,LFP,A2,38,1,0.9908536672592163,4
3.3_matched_noise_1p0mV,LFP,A2,45,1,1.4312949180603027,4
3.3_matched_noise_1p0mV,LFP,A2,47,1,1.4604166746139526,4
3.3_matched_noise_1p0mV,LFP,A2,55,1,1.7725046873092651,4
3.3_matched_noise_1p0mV,LFP,A2,64,1,0.9858461022377014,4
3.3_matched_noise_1p0mV,LFP,A2,3,2,2.986062526702881,4
3.3_matched_noise_1p0mV,LFP,A2,4,2,1.7857600450515747,4
3.3_matched_noise_1p0mV,LFP,A2,10,2,1.7949450016021729,4
3.3_matched_noise_1p0mV,LFP,A2,14,2,3.0530319213867188,4
3.3_matched_noise_1p0mV,LFP,A2,15,2,3.5606462955474854,4
3.3_matched_noise_1p0mV,LFP,A2,16,2,3.38034987449646,4
3.3_matched_noise_1p0mV,LFP,A2,35,2,2.6039907932281494,4
3.3_matched_noise_1p0mV,LFP,A2,38,2,0.8487281799316406,4
3.3_matched_noise_1p0mV,LFP,A2,45,2,1.2912362813949585,4
3.3_matched_noise_1p0mV,LFP,A2,47,2,1.2584948539733887,4
3.3_matched_noise_1p0mV,LFP,A2,55,2,1.7589962482452393,4
3.3_matched_noise_1p0mV,LFP,A2,64,2,0.9995418190956116,4
3.3_matched_noise_2p0mV,LFP,R0,7,0,1.5133720636367798,0
3.3_matched_noise_2p0mV,LFP,R0,9,0,1.202793002128601,0
3.3_matched_noise_2p0mV,LFP,R0,19,0,3.7316784858703613,0
3.3_matched_noise_2p0mV,LFP,R0,20,0,1.280691385269165,0
3.3_matched_noise_2p0mV,LFP,R0,26,0,1.4703500270843506,0
3.3_matched_noise_2p0mV,LFP,R0,29,0,1.7997667789459229,0
3.3_matched_noise_2p0mV,LFP,R0,31,0,2.1207618713378906,0
3.3_matched_noise_2p0mV,LFP,R0,44,0,1.1107763051986694,0
3.3_matched_noise_2p0mV,LFP,R0,46,0,1.8359177112579346,0
3.3_matched_noise_2p0mV,LFP,R0,48,0,1.3338114023208618,0
3.3_matched_noise_2p0mV,LFP,R0,56,0,1.4105541706085205,0
3.3_matched_noise_2p0mV,LFP,R0,63,0,0.8652426600456238,0
3.3_matched_noise_2p0mV,LFP,R0,65,0,1.024765133857727,0
3.3_matched_noise_2p0mV,LFP,R0,7,1,1.314337134361267,0
3.3_matched_noise_2p0mV,LFP,R0,9,1,1.3015871047973633,0
3.3_matched_noise_2p0mV,LFP,R0,19,1,3.2138407230377197,0
3.3_matched_noise_2p0mV,LFP,R0,20,1,1.3589565753936768,0
3.3_matched_noise_2p0mV,LFP,R0,26,1,1.5950393676757812,0
3.3_matched_noise_2p0mV,LFP,R0,29,1,1.9435343742370605,0
3.3_matched_noise_2p0mV,LFP,R0,31,1,2.2786850929260254,0
3.3_matched_noise_2p0mV,LFP,R0,44,1,1.3923810720443726,0
3.3_matched_noise_2p0mV,LFP,R0,46,1,2.3371169567108154,0
3.3_matched_noise_2p0mV,LFP,R0,48,1,1.6706066131591797,0
3.3_matched_noise_2p0mV,LFP,R0,56,1,1.4870164394378662,0
3.3_matched_noise_2p0mV,LFP,R0,63,1,1.2068160772323608,0
3.3_matched_noise_2p0mV,LFP,R0,65,1,1.5361100435256958,0
3.3_matched_noise_2p0mV,LFP,R0,7,2,1.5989902019500732,0
3.3_matched_noise_2p0mV,LFP,R0,9,2,0.9844270944595337,0
3.3_matched_noise_2p0mV,LFP,R0,19,2,3.632444381713867,0
3.3_matched_noise_2p0mV,LFP,R0,20,2,1.376655101776123,0
3.3_matched_noise_2p0mV,LFP,R0,26,2,1.2816739082336426,0
3.3_matched_noise_2p0mV,LFP,R0,29,2,1.6033843755722046,0
3.3_matched_noise_2p0mV,LFP,R0,31,2,1.8922555446624756,0
3.3_matched_noise_2p0mV,LFP,R0,44,2,1.141660213470459,0
3.3_matched_noise_2p0mV,LFP,R0,46,2,1.8608355522155762,0
3.3_matched_noise_2p0mV,LFP,R0,48,2,1.1848310232162476,0
3.3_matched_noise_2p0mV,LFP,R0,56,2,1.2471144199371338,0
3.3_matched_noise_2p0mV,LFP,R0,63,2,0.9070698618888855,0
3.3_matched_noise_2p0mV,LFP,R0,65,2,1.0147138833999634,0
3.3_matched_noise_2p0mV,LFP,R0,6,0,1.476446509361267,1
3.3_matched_noise_2p0mV,LFP,R0,17,0,3.3928606510162354,1
3.3_matched_noise_2p0mV,LFP,R0,22,0,1.3591033220291138,1
3.3_matched_noise_2p0mV,LFP,R0,23,0,0.9859745502471924,1
3.3_matched_noise_2p0mV,LFP,R0,27,0,0.9665223360061646,1
3.3_matched_noise_2p0mV,LFP,R0,28,0,1.640553593635559,1
3.3_matched_noise_2p0mV,LFP,R0,34,0,2.1879241466522217,1
3.3_matched_noise_2p0mV,LFP,R0,52,0,1.0579195022583008,1
3.3_matched_noise_2p0mV,LFP,R0,53,0,1.3182740211486816,1
3.3_matched_noise_2p0mV,LFP,R0,57,0,1.4918595552444458,1
3.3_matched_noise_2p0mV,LFP,R0,58,0,1.3501155376434326,1
3.3_matched_noise_2p0mV,LFP,R0,60,0,1.2593402862548828,1
3.3_matched_noise_2p0mV,LFP,R0,62,0,0.895327091217041,1
3.3_matched_noise_2p0mV,LFP,R0,6,1,1.4982930421829224,1
3.3_matched_noise_2p0mV,LFP,R0,17,1,3.325570583343506,1
3.3_matched_noise_2p0mV,LFP,R0,22,1,1.6410725116729736,1
3.3_matched_noise_2p0mV,LFP,R0,23,1,1.4080448150634766,1
3.3_matched_noise_2p0mV,LFP,R0,27,1,1.1852078437805176,1
3.3_matched_noise_2p0mV,LFP,R0,28,1,1.8100756406784058,1
3.3_matched_noise_2p0mV,LFP,R0,34,1,2.1601178646087646,1
3.3_matched_noise_2p0mV,LFP,R0,52,1,1.4336647987365723,1
3.3_matched_noise_2p0mV,LFP,R0,53,1,1.6909737586975098,1
3.3_matched_noise_2p0mV,LFP,R0,57,1,1.7449893951416016,1
3.3_matched_noise_2p0mV,LFP,R0,58,1,1.5702896118164062,1
3.3_matched_noise_2p0mV,LFP,R0,60,1,1.4407625198364258,1
3.3_matched_noise_2p0mV,LFP,R0,62,1,1.2865711450576782,1
3.3_matched_noise_2p0mV,LFP,R0,6,2,1.4167976379394531,1
3.3_matched_noise_2p0mV,LFP,R0,17,2,3.380829095840454,1
3.3_matched_noise_2p0mV,LFP,R0,22,2,1.495934009552002,1
3.3_matched_noise_2p0mV,LFP,R0,23,2,1.2751697301864624,1
3.3_matched_noise_2p0mV,LFP,R0,27,2,1.1211134195327759,1
3.3_matched_noise_2p0mV,LFP,R0,28,2,1.7861331701278687,1
3.3_matched_noise_2p0mV,LFP,R0,34,2,2.114185094833374,1
3.3_matched_noise_2p0mV,LFP,R0,52,2,1.3997269868850708,1
3.3_matched_noise_2p0mV,LFP,R0,53,2,1.373299241065979,1
3.3_matched_noise_2p0mV,LFP,R0,57,2,1.6439884901046753,1
3.3_matched_noise_2p0mV,LFP,R0,58,2,1.4970296621322632,1
3.3_matched_noise_2p0mV,LFP,R0,60,2,1.423462986946106,1
3.3_matched_noise_2p0mV,LFP,R0,62,2,1.0913872718811035,1
3.3_matched_noise_2p0mV,LFP,R0,5,0,2.2890148162841797,2
3.3_matched_noise_2p0mV,LFP,R0,11,0,1.5583932399749756,2
3.3_matched_noise_2p0mV,LFP,R0,12,0,0.7360783815383911,2
3.3_matched_noise_2p0mV,LFP,R0,18,0,3.113992214202881,2
3.3_matched_noise_2p0mV,LFP,R0,25,0,1.2619866132736206,2
3.3_matched_noise_2p0mV,LFP,R0,30,0,1.6080543994903564,2
3.3_matched_noise_2p0mV,LFP,R0,32,0,2.5432021617889404,2
3.3_matched_noise_2p0mV,LFP,R0,33,0,2.940162181854248,2
3.3_matched_noise_2p0mV,LFP,R0,36,0,1.9861057996749878,2
3.3_matched_noise_2p0mV,LFP,R0,39,0,1.0971033573150635,2
3.3_matched_noise_2p0mV,LFP,R0,41,0,0.9233762621879578,2
3.3_matched_noise_2p0mV,LFP,R0,42,0,1.2571452856063843,2
3.3_matched_noise_2p0mV,LFP,R0,61,0,1.1906911134719849,2
3.3_matched_noise_2p0mV,LFP,R0,5,1,2.2011513710021973,2
3.3_matched_noise_2p0mV,LFP,R0,11,1,1.3792747259140015,2
3.3_matched_noise_2p0mV,LFP,R0,12,1,0.7051124572753906,2
3.3_matched_noise_2p0mV,LFP,R0,18,1,3.1789791584014893,2
3.3_matched_noise_2p0mV,LFP,R0,25,1,1.3421863317489624,2
3.3_matched_noise_2p0mV,LFP,R0,30,1,1.8653180599212646,2
3.3_matched_noise_2p0mV,LFP,R0,32,1,2.5181262493133545,2
3.3_matched_noise_2p0mV,LFP,R0,33,1,2.8294756412506104,2
3.3_matched_noise_2p0mV,LFP,R0,36,1,1.8106449842453003,2
3.3_matched_noise_2p0mV,LFP,R0,39,1,1.2190861701965332,2
3.3_matched_noise_2p0mV,LFP,R0,41,1,1.1089800596237183,2
3.3_matched_noise_2p0mV,LFP,R0,42,1,1.3114137649536133,2
3.3_matched_noise_2p0mV,LFP,R0,61,1,1.2280420064926147,2
3.3_matched_noise_2p0mV,LFP,R0,5,2,2.089421272277832,2
3.3_matched_noise_2p0mV,LFP,R0,11,2,1.2988240718841553,2
3.3_matched_noise_2p0mV,LFP,R0,12,2,0.6013217568397522,2
3.3_matched_noise_2p0mV,LFP,R0,18,2,2.9490256309509277,2
3.3_matched_noise_2p0mV,LFP,R0,25,2,1.4088985919952393,2
3.3_matched_noise_2p0mV,LFP,R0,30,2,1.8455874919891357,2
3.3_matched_noise_2p0mV,LFP,R0,32,2,2.400221347808838,2
3.3_matched_noise_2p0mV,LFP,R0,33,2,2.703623056411743,2
3.3_matched_noise_2p0mV,LFP,R0,36,2,1.886411428451538,2
3.3_matched_noise_2p0mV,LFP,R0,39,2,1.238666296005249,2
3.3_matched_noise_2p0mV,LFP,R0,41,2,1.0515756607055664,2
3.3_matched_noise_2p0mV,LFP,R0,42,2,1.2707924842834473,2
3.3_matched_noise_2p0mV,LFP,R0,61,2,1.2797472476959229,2
3.3_matched_noise_2p0mV,LFP,R0,2,0,1.9000663757324219,3
3.3_matched_noise_2p0mV,LFP,R0,8,0,0.7449349761009216,3
3.3_matched_noise_2p0mV,LFP,R0,13,0,0.9249234795570374,3
3.3_matched_noise_2p0mV,LFP,R0,21,0,1.2210726737976074,3
3.3_matched_noise_2p0mV,LFP,R0,24,0,0.9827296733856201,3
3.3_matched_noise_2p0mV,LFP,R0,37,0,2.8575189113616943,3
3.3_matched_noise_2p0mV,LFP,R0,40,0,0.8529877066612244,3
3.3_matched_noise_2p0mV,LFP,R0,43,0,0.8661302328109741,3
3.3_matched_noise_2p0mV,LFP,R0,49,0,1.4400254487991333,3
3.3_matched_noise_2p0mV,LFP,R0,50,0,1.8721628189086914,3
3.3_matched_noise_2p0mV,LFP,R0,51,0,1.7487560510635376,3
3.3_matched_noise_2p0mV,LFP,R0,54,0,1.293597936630249,3
3.3_matched_noise_2p0mV,LFP,R0,59,0,1.3003824949264526,3
3.3_matched_noise_2p0mV,LFP,R0,2,1,2.0507569313049316,3
3.3_matched_noise_2p0mV,LFP,R0,8,1,1.0547592639923096,3
3.3_matched_noise_2p0mV,LFP,R0,13,1,1.2123394012451172,3
3.3_matched_noise_2p0mV,LFP,R0,21,1,1.4919044971466064,3
3.3_matched_noise_2p0mV,LFP,R0,24,1,1.411688208580017,3
3.3_matched_noise_2p0mV,LFP,R0,37,1,2.930448055267334,3
3.3_matched_noise_2p0mV,LFP,R0,40,1,1.2893351316452026,3
3.3_matched_noise_2p0mV,LFP,R0,43,1,1.2672697305679321,3
3.3_matched_noise_2p0mV,LFP,R0,49,1,1.7770572900772095,3
3.3_matched_noise_2p0mV,LFP,R0,50,1,2.1032559871673584,3
3.3_matched_noise_2p0mV,LFP,R0,51,1,2.0165042877197266,3
3.3_matched_noise_2p0mV,LFP,R0,54,1,1.5854649543762207,3
3.3_matched_noise_2p0mV,LFP,R0,59,1,1.5797507762908936,3
3.3_matched_noise_2p0mV,LFP,R0,2,2,2.0264484882354736,3
3.3_matched_noise_2p0mV,LFP,R0,8,2,0.909737765789032,3
3.3_matched_noise_2p0mV,LFP,R0,13,2,1.1172441244125366,3
3.3_matched_noise_2p0mV,LFP,R0,21,2,1.2755496501922607,3
3.3_matched_noise_2p0mV,LFP,R0,24,2,1.1667754650115967,3
3.3_matched_noise_2p0mV,LFP,R0,37,2,3.1019482612609863,3
3.3_matched_noise_2p0mV,LFP,R0,40,2,1.0432623624801636,3
3.3_matched_noise_2p0mV,LFP,R0,43,2,1.1483831405639648,3
3.3_matched_noise_2p0mV,LFP,R0,49,2,1.5606099367141724,3
3.3_matched_noise_2p0mV,LFP,R0,50,2,2.106001853942871,3
3.3_matched_noise_2p0mV,LFP,R0,51,2,2.0146381855010986,3
3.3_matched_noise_2p0mV,LFP,R0,54,2,1.4395025968551636,3
3.3_matched_noise_2p0mV,LFP,R0,59,2,1.4541350603103638,3
3.3_matched_noise_2p0mV,LFP,R0,3,0,1.5949920415878296,4
3.3_matched_noise_2p0mV,LFP,R0,4,0,1.7069854736328125,4
3.3_matched_noise_2p0mV,LFP,R0,10,0,1.6134769916534424,4
3.3_matched_noise_2p0mV,LFP,R0,14,0,3.6350762844085693,4
3.3_matched_noise_2p0mV,LFP,R0,15,0,4.0900068283081055,4
3.3_matched_noise_2p0mV,LFP,R0,16,0,3.7939164638519287,4
3.3_matched_noise_2p0mV,LFP,R0,35,0,2.996858835220337,4
3.3_matched_noise_2p0mV,LFP,R0,38,0,0.9208549857139587,4
3.3_matched_noise_2p0mV,LFP,R0,45,0,1.1157722473144531,4
3.3_matched_noise_2p0mV,LFP,R0,47,0,1.0669276714324951,4
3.3_matched_noise_2p0mV,LFP,R0,55,0,1.096104621887207,4
3.3_matched_noise_2p0mV,LFP,R0,64,0,1.0029685497283936,4
3.3_matched_noise_2p0mV,LFP,R0,3,1,1.7948814630508423,4
3.3_matched_noise_2p0mV,LFP,R0,4,1,1.7338745594024658,4
3.3_matched_noise_2p0mV,LFP,R0,10,1,1.5636820793151855,4
3.3_matched_noise_2p0mV,LFP,R0,14,1,3.4282472133636475,4
3.3_matched_noise_2p0mV,LFP,R0,15,1,3.8719639778137207,4
3.3_matched_noise_2p0mV,LFP,R0,16,1,3.5587546825408936,4
3.3_matched_noise_2p0mV,LFP,R0,35,1,2.9202933311462402,4
3.3_matched_noise_2p0mV,LFP,R0,38,1,1.0155268907546997,4
3.3_matched_noise_2p0mV,LFP,R0,45,1,1.2889643907546997,4
3.3_matched_noise_2p0mV,LFP,R0,47,1,1.2483749389648438,4
3.3_matched_noise_2p0mV,LFP,R0,55,1,1.380169153213501,4
3.3_matched_noise_2p0mV,LFP,R0,64,1,1.1354175806045532,4
3.3_matched_noise_2p0mV,LFP,R0,3,2,1.8169403076171875,4
3.3_matched_noise_2p0mV,LFP,R0,4,2,1.522648572921753,4
3.3_matched_noise_2p0mV,LFP,R0,10,2,1.3402247428894043,4
3.3_matched_noise_2p0mV,LFP,R0,14,2,3.2227461338043213,4
3.3_matched_noise_2p0mV,LFP,R0,15,2,3.687030792236328,4
3.3_matched_noise_2p0mV,LFP,R0,16,2,3.457158327102661,4
3.3_matched_noise_2p0mV,LFP,R0,35,2,2.730933427810669,4
3.3_matched_noise_2p0mV,LFP,R0,38,2,1.0010982751846313,4
3.3_matched_noise_2p0mV,LFP,R0,45,2,1.403449535369873,4
3.3_matched_noise_2p0mV,LFP,R0,47,2,1.2974125146865845,4
3.3_matched_noise_2p0mV,LFP,R0,55,2,1.2212315797805786,4
3.3_matched_noise_2p0mV,LFP,R0,64,2,1.0592188835144043,4
3.3_matched_noise_2p0mV,LFP,A2,7,0,1.4870672225952148,0
3.3_matched_noise_2p0mV,LFP,A2,9,0,1.2248899936676025,0
3.3_matched_noise_2p0mV,LFP,A2,19,0,3.4214682579040527,0
3.3_matched_noise_2p0mV,LFP,A2,20,0,1.5454834699630737,0
3.3_matched_noise_2p0mV,LFP,A2,26,0,1.5336319208145142,0
3.3_matched_noise_2p0mV,LFP,A2,29,0,1.89179527759552,0
3.3_matched_noise_2p0mV,LFP,A2,31,0,2.12729811668396,0
3.3_matched_noise_2p0mV,LFP,A2,44,0,1.4752237796783447,0
3.3_matched_noise_2p0mV,LFP,A2,46,0,2.3489620685577393,0
3.3_matched_noise_2p0mV,LFP,A2,48,0,1.5376861095428467,0
3.3_matched_noise_2p0mV,LFP,A2,56,0,1.5157787799835205,0
3.3_matched_noise_2p0mV,LFP,A2,63,0,1.2550314664840698,0
3.3_matched_noise_2p0mV,LFP,A2,65,0,1.3898024559020996,0
3.3_matched_noise_2p0mV,LFP,A2,7,1,1.4618276357650757,0
3.3_matched_noise_2p0mV,LFP,A2,9,1,1.1717480421066284,0
3.3_matched_noise_2p0mV,LFP,A2,19,1,3.335376262664795,0
3.3_matched_noise_2p0mV,LFP,A2,20,1,1.561963438987732,0
3.3_matched_noise_2p0mV,LFP,A2,26,1,1.5697020292282104,0
3.3_matched_noise_2p0mV,LFP,A2,29,1,1.822593092918396,0
3.3_matched_noise_2p0mV,LFP,A2,31,1,2.1396119594573975,0
3.3_matched_noise_2p0mV,LFP,A2,44,1,1.3808183670043945,0
3.3_matched_noise_2p0mV,LFP,A2,46,1,2.2539663314819336,0
3.3_matched_noise_2p0mV,LFP,A2,48,1,1.6314666271209717,0
3.3_matched_noise_2p0mV,LFP,A2,56,1,1.5077147483825684,0
3.3_matched_noise_2p0mV,LFP,A2,63,1,1.2159425020217896,0
3.3_matched_noise_2p0mV,LFP,A2,65,1,1.2795811891555786,0
3.3_matched_noise_2p0mV,LFP,A2,7,2,1.669006109237671,0
3.3_matched_noise_2p0mV,LFP,A2,9,2,1.05878746509552,0
3.3_matched_noise_2p0mV,LFP,A2,19,2,3.5500621795654297,0
3.3_matched_noise_2p0mV,LFP,A2,20,2,1.57913076877594,0
3.3_matched_noise_2p0mV,LFP,A2,26,2,1.407749056816101,0
3.3_matched_noise_2p0mV,LFP,A2,29,2,1.6666007041931152,0
3.3_matched_noise_2p0mV,LFP,A2,31,2,1.8702841997146606,0
3.3_matched_noise_2p0mV,LFP,A2,44,2,1.2130531072616577,0
3.3_matched_noise_2p0mV,LFP,A2,46,2,1.9992889165878296,0
3.3_matched_noise_2p0mV,LFP,A2,48,2,1.3514951467514038,0
3.3_matched_noise_2p0mV,LFP,A2,56,2,1.4222575426101685,0
3.3_matched_noise_2p0mV,LFP,A2,63,2,1.0596944093704224,0
3.3_matched_noise_2p0mV,LFP,A2,65,2,1.1177732944488525,0
3.3_matched_noise_2p0mV,LFP,A2,6,0,1.4384185075759888,1
3.3_matched_noise_2p0mV,LFP,A2,17,0,3.3566553592681885,1
3.3_matched_noise_2p0mV,LFP,A2,22,0,1.657610297203064,1
3.3_matched_noise_2p0mV,LFP,A2,23,0,1.2673108577728271,1
3.3_matched_noise_2p0mV,LFP,A2,27,0,1.241037368774414,1
3.3_matched_noise_2p0mV,LFP,A2,28,0,1.916031002998352,1
3.3_matched_noise_2p0mV,LFP,A2,34,0,2.138718366622925,1
3.3_matched_noise_2p0mV,LFP,A2,52,0,1.575380563735962,1
3.3_matched_noise_2p0mV,LFP,A2,53,0,1.4602402448654175,1
3.3_matched_noise_2p0mV,LFP,A2,57,0,1.6237214803695679,1
3.3_matched_noise_2p0mV,LFP,A2,58,0,1.5579122304916382,1
3.3_matched_noise_2p0mV,LFP,A2,60,0,1.537912130355835,1
3.3_matched_noise_2p0mV,LFP,A2,62,0,1.2795594930648804,1
3.3_matched_noise_2p0mV,LFP,A2,6,1,1.4441781044006348,1
3.3_matched_noise_2p0mV,LFP,A2,17,1,3.1690380573272705,1
3.3_matched_noise_2p0mV,LFP,A2,22,1,1.5418305397033691,1
3.3_matched_noise_2p0mV,LFP,A2,23,1,1.3173171281814575,1
3.3_matched_noise_2p0mV,LFP,A2,27,1,1.0908334255218506,1
3.3_matched_noise_2p0mV,LFP,A2,28,1,1.6700654029846191,1
3.3_matched_noise_2p0mV,LFP,A2,34,1,2.063396453857422,1
3.3_matched_noise_2p0mV,LFP,A2,52,1,1.3373903036117554,1
3.3_matched_noise_2p0mV,LFP,A2,53,1,1.4842911958694458,1
3.3_matched_noise_2p0mV,LFP,A2,57,1,1.6708240509033203,1
3.3_matched_noise_2p0mV,LFP,A2,58,1,1.4954169988632202,1
3.3_matched_noise_2p0mV,LFP,A2,60,1,1.3492329120635986,1
3.3_matched_noise_2p0mV,LFP,A2,62,1,1.0425270795822144,1
3.3_matched_noise_2p0mV,LFP,A2,6,2,1.5903997421264648,1
3.3_matched_noise_2p0mV,LFP,A2,17,2,3.562969207763672,1
3.3_matched_noise_2p0mV,LFP,A2,22,2,1.5025670528411865,1
3.3_matched_noise_2p0mV,LFP,A2,23,2,1.2951951026916504,1
3.3_matched_noise_2p0mV,LFP,A2,27,2,1.126412272453308,1
3.3_matched_noise_2p0mV,LFP,A2,28,2,1.717209815979004,1
3.3_matched_noise_2p0mV,LFP,A2,34,2,2.326693534851074,1
3.3_matched_noise_2p0mV,LFP,A2,52,2,1.4397684335708618,1
3.3_matched_noise_2p0mV,LFP,A2,53,2,1.5773893594741821,1
3.3_matched_noise_2p0mV,LFP,A2,57,2,1.7797774076461792,1
3.3_matched_noise_2p0mV,LFP,A2,58,2,1.6188404560089111,1
3.3_matched_noise_2p0mV,LFP,A2,60,2,1.4435794353485107,1
3.3_matched_noise_2p0mV,LFP,A2,62,2,1.1796746253967285,1
3.3_matched_noise_2p0mV,LFP,A2,5,0,2.3635900020599365,2
3.3_matched_noise_2p0mV,LFP,A2,11,0,1.667184591293335,2
3.3_matched_noise_2p0mV,LFP,A2,12,0,0.9014177322387695,2
3.3_matched_noise_2p0mV,LFP,A2,18,0,3.233609676361084,2
3.3_matched_noise_2p0mV,LFP,A2,25,0,1.4082098007202148,2
3.3_matched_noise_2p0mV,LFP,A2,30,0,1.546411395072937,2
3.3_matched_noise_2p0mV,LFP,A2,32,0,2.6152195930480957,2
3.3_matched_noise_2p0mV,LFP,A2,33,0,3.070908546447754,2
3.3_matched_noise_2p0mV,LFP,A2,36,0,1.984136939048767,2
3.3_matched_noise_2p0mV,LFP,A2,39,0,1.3475196361541748,2
3.3_matched_noise_2p0mV,LFP,A2,41,0,1.2081507444381714,2
3.3_matched_noise_2p0mV,LFP,A2,42,0,1.558568000793457,2
3.3_matched_noise_2p0mV,LFP,A2,61,0,1.4655442237854004,2
3.3_matched_noise_2p0mV,LFP,A2,5,1,2.0597193241119385,2
3.3_matched_noise_2p0mV,LFP,A2,11,1,1.3740383386611938,2
3.3_matched_noise_2p0mV,LFP,A2,12,1,0.7299503087997437,2
3.3_matched_noise_2p0mV,LFP,A2,18,1,2.8797736167907715,2
3.3_matched_noise_2p0mV,LFP,A2,25,1,1.3920661211013794,2
3.3_matched_noise_2p0mV,LFP,A2,30,1,1.881264090538025,2
3.3_matched_noise_2p0mV,LFP,A2,32,1,2.3616690635681152,2
3.3_matched_noise_2p0mV,LFP,A2,33,1,2.738539457321167,2
3.3_matched_noise_2p0mV,LFP,A2,36,1,1.7939209938049316,2
3.3_matched_noise_2p0mV,LFP,A2,39,1,1.2813647985458374,2
3.3_matched_noise_2p0mV,LFP,A2,41,1,1.2143843173980713,2
3.3_matched_noise_2p0mV,LFP,A2,42,1,1.348430871963501,2
3.3_matched_noise_2p0mV,LFP,A2,61,1,1.3148481845855713,2
3.3_matched_noise_2p0mV,LFP,A2,5,2,2.2874085903167725,2
3.3_matched_noise_2p0mV,LFP,A2,11,2,1.630140781402588,2
3.3_matched_noise_2p0mV,LFP,A2,12,2,0.7992075681686401,2
3.3_matched_noise_2p0mV,LFP,A2,18,2,3.316087245941162,2
3.3_matched_noise_2p0mV,LFP,A2,25,2,1.3443872928619385,2
3.3_matched_noise_2p0mV,LFP,A2,30,2,1.5940170288085938,2
3.3_matched_noise_2p0mV,LFP,A2,32,2,2.5628020763397217,2
3.3_matched_noise_2p0mV,LFP,A2,33,2,2.966672420501709,2
3.3_matched_noise_2p0mV,LFP,A2,36,2,1.9879230260849,2
3.3_matched_noise_2p0mV,LFP,A2,39,2,1.216212511062622,2
3.3_matched_noise_2p0mV,LFP,A2,41,2,1.0433645248413086,2
3.3_matched_noise_2p0mV,LFP,A2,42,2,1.425469994544983,2
3.3_matched_noise_2p0mV,LFP,A2,61,2,1.3740684986114502,2
3.3_matched_noise_2p0mV,LFP,A2,2,0,1.7977405786514282,3
3.3_matched_noise_2p0mV,LFP,A2,8,0,0.8980984091758728,3
3.3_matched_noise_2p0mV,LFP,A2,13,0,0.9736194014549255,3
3.3_matched_noise_2p0mV,LFP,A2,21,0,1.3639202117919922,3
3.3_matched_noise_2p0mV,LFP,A2,24,0,1.302966833114624,3
3.3_matched_noise_2p0mV,LFP,A2,37,0,2.741007089614868,3
3.3_matched_noise_2p0mV,LFP,A2,40,0,1.1966004371643066,3
3.3_matched_noise_2p0mV,LFP,A2,43,0,1.2426187992095947,3
3.3_matched_noise_2p0mV,LFP,A2,49,0,1.9053831100463867,3
3.3_matched_noise_2p0mV,LFP,A2,50,0,1.9987123012542725,3
3.3_matched_noise_2p0mV,LFP,A2,51,0,1.9417363405227661,3
3.3_matched_noise_2p0mV,LFP,A2,54,0,1.5208840370178223,3
3.3_matched_noise_2p0mV,LFP,A2,59,0,1.3812618255615234,3
3.3_matched_noise_2p0mV,LFP,A2,2,1,2.0973052978515625,3
3.3_matched_noise_2p0mV,LFP,A2,8,1,0.9930434823036194,3
3.3_matched_noise_2p0mV,LFP,A2,13,1,1.1584490537643433,3
3.3_matched_noise_2p0mV,LFP,A2,21,1,1.3228788375854492,3
3.3_matched_noise_2p0mV,LFP,A2,24,1,1.1874804496765137,3
3.3_matched_noise_2p0mV,LFP,A2,37,1,3.085277557373047,3
3.3_matched_noise_2p0mV,LFP,A2,40,1,1.0371507406234741,3
3.3_matched_noise_2p0mV,LFP,A2,43,1,1.2310577630996704,3
3.3_matched_noise_2p0mV,LFP,A2,49,1,1.5685302019119263,3
3.3_matched_noise_2p0mV,LFP,A2,50,1,2.1669163703918457,3
3.3_matched_noise_2p0mV,LFP,A2,51,1,2.0818278789520264,3
3.3_matched_noise_2p0mV,LFP,A2,54,1,1.4566890001296997,3
3.3_matched_noise_2p0mV,LFP,A2,59,1,1.4427101612091064,3
3.3_matched_noise_2p0mV,LFP,A2,2,2,2.1351795196533203,3
3.3_matched_noise_2p0mV,LFP,A2,8,2,1.2248432636260986,3
3.3_matched_noise_2p0mV,LFP,A2,13,2,1.349510669708252,3
3.3_matched_noise_2p0mV,LFP,A2,21,2,1.5183712244033813,3
3.3_matched_noise_2p0mV,LFP,A2,24,2,1.370644211769104,3
3.3_matched_noise_2p0mV,LFP,A2,37,2,3.0262269973754883,3
3.3_matched_noise_2p0mV,LFP,A2,40,2,1.2041935920715332,3
3.3_matched_noise_2p0mV,LFP,A2,43,2,1.2526077032089233,3
3.3_matched_noise_2p0mV,LFP,A2,49,2,1.5903539657592773,3
3.3_matched_noise_2p0mV,LFP,A2,50,2,2.2660152912139893,3
3.3_matched_noise_2p0mV,LFP,A2,51,2,2.150456190109253,3
3.3_matched_noise_2p0mV,LFP,A2,54,2,1.516770362854004,3
3.3_matched_noise_2p0mV,LFP,A2,59,2,1.653990626335144,3
3.3_matched_noise_2p0mV,LFP,A2,3,0,1.637007474899292,4
3.3_matched_noise_2p0mV,LFP,A2,4,0,1.7373610734939575,4
3.3_matched_noise_2p0mV,LFP,A2,10,0,1.6167876720428467,4
3.3_matched_noise_2p0mV,LFP,A2,14,0,3.4820423126220703,4
3.3_matched_noise_2p0mV,LFP,A2,15,0,4.062158107757568,4
3.3_matched_noise_2p0mV,LFP,A2,16,0,3.6545727252960205,4
3.3_matched_noise_2p0mV,LFP,A2,35,0,3.054630756378174,4
3.3_matched_noise_2p0mV,LFP,A2,38,0,1.0270824432373047,4
3.3_matched_noise_2p0mV,LFP,A2,45,0,1.2696658372879028,4
3.3_matched_noise_2p0mV,LFP,A2,47,0,1.2233576774597168,4
3.3_matched_noise_2p0mV,LFP,A2,55,0,1.2308114767074585,4
3.3_matched_noise_2p0mV,LFP,A2,64,0,1.1181046962738037,4
3.3_matched_noise_2p0mV,LFP,A2,3,1,1.832945466041565,4
3.3_matched_noise_2p0mV,LFP,A2,4,1,1.5049973726272583,4
3.3_matched_noise_2p0mV,LFP,A2,10,1,1.3319628238677979,4
3.3_matched_noise_2p0mV,LFP,A2,14,1,3.414699077606201,4
3.3_matched_noise_2p0mV,LFP,A2,15,1,3.901360273361206,4
3.3_matched_noise_2p0mV,LFP,A2,16,1,3.490018844604492,4
3.3_matched_noise_2p0mV,LFP,A2,35,1,2.7578811645507812,4
3.3_matched_noise_2p0mV,LFP,A2,38,1,1.0967243909835815,4
3.3_matched_noise_2p0mV,LFP,A2,45,1,1.4389513731002808,4
3.3_matched_noise_2p0mV,LFP,A2,47,1,1.396043300628662,4
3.3_matched_noise_2p0mV,LFP,A2,55,1,1.4084787368774414,4
3.3_matched_noise_2p0mV,LFP,A2,64,1,0.9820641875267029,4
3.3_matched_noise_2p0mV,LFP,A2,3,2,1.2046175003051758,4
3.3_matched_noise_2p0mV,LFP,A2,4,2,1.796980857849121,4
3.3_matched_noise_2p0mV,LFP,A2,10,2,1.741296410560608,4
3.3_matched_noise_2p0mV,LFP,A2,14,2,3.5578155517578125,4
3.3_matched_noise_2p0mV,LFP,A2,15,2,4.128002166748047,4
3.3_matched_noise_2p0mV,LFP,A2,16,2,3.963242292404175,4
3.3_matched_noise_2p0mV,LFP,A2,35,2,3.0473341941833496,4
3.3_matched_noise_2p0mV,LFP,A2,38,2,1.1900639533996582,4
3.3_matched_noise_2p0mV,LFP,A2,45,2,1.3375523090362549,4
3.3_matched_noise_2p0mV,LFP,A2,47,2,1.156246304512024,4
3.3_matched_noise_2p0mV,LFP,A2,55,2,1.1479254961013794,4
3.3_matched_noise_2p0mV,LFP,A2,64,2,1.254496455192566,4
3.4_test_only_noise_0p5mV,LFP,R0,7,0,4.064574909173779,0
3.4_test_only_noise_0p5mV,LFP,R0,9,0,3.248319769780796,0
3.4_test_only_noise_0p5mV,LFP,R0,19,0,5.259418512194898,0
3.4_test_only_noise_0p5mV,LFP,R0,20,0,3.656125332470755,0
3.4_test_only_noise_0p5mV,LFP,R0,26,0,3.309737904633963,0
3.4_test_only_noise_0p5mV,LFP,R0,29,0,3.114429736521301,0
3.4_test_only_noise_0p5mV,LFP,R0,31,0,2.9357807897009027,0
3.4_test_only_noise_0p5mV,LFP,R0,44,0,4.092099735681153,0
3.4_test_only_noise_0p5mV,LFP,R0,46,0,3.8976510458059987,0
3.4_test_only_noise_0p5mV,LFP,R0,48,0,3.879784571702451,0
3.4_test_only_noise_0p5mV,LFP,R0,56,0,3.384993933194347,0
3.4_test_only_noise_0p5mV,LFP,R0,63,0,3.8922417726163685,0
3.4_test_only_noise_0p5mV,LFP,R0,65,0,3.845580547730421,0
3.4_test_only_noise_0p5mV,LFP,R0,7,1,3.7000068191675286,0
3.4_test_only_noise_0p5mV,LFP,R0,9,1,2.5641049519260957,0
3.4_test_only_noise_0p5mV,LFP,R0,19,1,5.318655672324741,0
3.4_test_only_noise_0p5mV,LFP,R0,20,1,3.139804162830069,0
3.4_test_only_noise_0p5mV,LFP,R0,26,1,2.5694501045682885,0
3.4_test_only_noise_0p5mV,LFP,R0,29,1,2.410013235150737,0
3.4_test_only_noise_0p5mV,LFP,R0,31,1,2.205647606260762,0
3.4_test_only_noise_0p5mV,LFP,R0,44,1,3.2590704564949022,0
3.4_test_only_noise_0p5mV,LFP,R0,46,1,2.988518912830337,0
3.4_test_only_noise_0p5mV,LFP,R0,48,1,3.0169226131491986,0
3.4_test_only_noise_0p5mV,LFP,R0,56,1,2.7374619055905294,0
3.4_test_only_noise_0p5mV,LFP,R0,63,1,3.1943678078591535,0
3.4_test_only_noise_0p5mV,LFP,R0,65,1,3.101901223947411,0
3.4_test_only_noise_0p5mV,LFP,R0,7,2,5.852134915292525,0
3.4_test_only_noise_0p5mV,LFP,R0,9,2,4.7757947901656,0
3.4_test_only_noise_0p5mV,LFP,R0,19,2,6.978525620974975,0
3.4_test_only_noise_0p5mV,LFP,R0,20,2,4.722033618842807,0
3.4_test_only_noise_0p5mV,LFP,R0,26,2,4.511549857960322,0
3.4_test_only_noise_0p5mV,LFP,R0,29,2,4.312623630794172,0
3.4_test_only_noise_0p5mV,LFP,R0,31,2,4.13401801149788,0
3.4_test_only_noise_0p5mV,LFP,R0,44,2,4.497462226723895,0
3.4_test_only_noise_0p5mV,LFP,R0,46,2,3.8016190849584093,0
3.4_test_only_noise_0p5mV,LFP,R0,48,2,3.8886748160154947,0
3.4_test_only_noise_0p5mV,LFP,R0,56,2,4.82229589432241,0
3.4_test_only_noise_0p5mV,LFP,R0,63,2,4.18349412537516,0
3.4_test_only_noise_0p5mV,LFP,R0,65,2,4.18500371808416,0
3.4_test_only_noise_0p5mV,LFP,R0,6,0,3.8196205598311956,1
3.4_test_only_noise_0p5mV,LFP,R0,17,0,5.017630325648,1
3.4_test_only_noise_0p5mV,LFP,R0,22,0,2.8985978222620967,1
3.4_test_only_noise_0p5mV,LFP,R0,23,0,3.571994047747287,1
3.4_test_only_noise_0p5mV,LFP,R0,27,0,3.0041191193721617,1
3.4_test_only_noise_0p5mV,LFP,R0,28,0,2.8665525718350016,1
3.4_test_only_noise_0p5mV,LFP,R0,34,0,4.448831542396111,1
3.4_test_only_noise_0p5mV,LFP,R0,52,0,3.539499107615837,1
3.4_test_only_noise_0p5mV,LFP,R0,53,0,3.6646734109558414,1
3.4_test_only_noise_0p5mV,LFP,R0,57,0,3.164068197135846,1
3.4_test_only_noise_0p5mV,LFP,R0,58,0,3.013816610061624,1
3.4_test_only_noise_0p5mV,LFP,R0,60,0,2.8138338062343613,1
3.4_test_only_noise_0p5mV,LFP,R0,62,0,3.3865475776818035,1
3.4_test_only_noise_0p5mV,LFP,R0,6,1,4.436882083029322,1
3.4_test_only_noise_0p5mV,LFP,R0,17,1,6.080114525496532,1
3.4_test_only_noise_0p5mV,LFP,R0,22,1,2.800054634147695,1
3.4_test_only_noise_0p5mV,LFP,R0,23,1,3.75992539832384,1
3.4_test_only_noise_0p5mV,LFP,R0,27,1,3.0097753613137233,1
3.4_test_only_noise_0p5mV,LFP,R0,28,1,2.5740396103344167,1
3.4_test_only_noise_0p5mV,LFP,R0,34,1,5.056518751337471,1
3.4_test_only_noise_0p5mV,LFP,R0,52,1,3.686154869098726,1
3.4_test_only_noise_0p5mV,LFP,R0,53,1,4.007874554634035,1
3.4_test_only_noise_0p5mV,LFP,R0,57,1,3.088547155314648,1
3.4_test_only_noise_0p5mV,LFP,R0,58,1,2.967670421519207,1
3.4_test_only_noise_0p5mV,LFP,R0,60,1,2.7016288000788578,1
3.4_test_only_noise_0p5mV,LFP,R0,62,1,3.6952798617532814,1
3.4_test_only_noise_0p5mV,LFP,R0,6,2,4.027409099970936,1
3.4_test_only_noise_0p5mV,LFP,R0,17,2,5.242003176979611,1
3.4_test_only_noise_0p5mV,LFP,R0,22,2,3.211914285483163,1
3.4_test_only_noise_0p5mV,LFP,R0,23,2,3.899287703394191,1
3.4_test_only_noise_0p5mV,LFP,R0,27,2,3.251533217029235,1
3.4_test_only_noise_0p5mV,LFP,R0,28,2,3.189774255113048,1
3.4_test_only_noise_0p5mV,LFP,R0,34,2,4.496938509673021,1
3.4_test_only_noise_0p5mV,LFP,R0,52,2,3.83307445244318,1
3.4_test_only_noise_0p5mV,LFP,R0,53,2,3.886075960597249,1
3.4_test_only_noise_0p5mV,LFP,R0,57,2,3.4657681455657467,1
3.4_test_only_noise_0p5mV,LFP,R0,58,2,3.358847889972513,1
3.4_test_only_noise_0p5mV,LFP,R0,60,2,3.2443225246153538,1
3.4_test_only_noise_0p5mV,LFP,R0,62,2,3.669712249213227,1
3.4_test_only_noise_0p5mV,LFP,R0,5,0,4.2288946020296745,2
3.4_test_only_noise_0p5mV,LFP,R0,11,0,3.855614050858458,2
3.4_test_only_noise_0p5mV,LFP,R0,12,0,3.3610768830663256,2
3.4_test_only_noise_0p5mV,LFP,R0,18,0,4.706838660013011,2
3.4_test_only_noise_0p5mV,LFP,R0,25,0,3.383406924045274,2
3.4_test_only_noise_0p5mV,LFP,R0,30,0,3.0129811215176545,2
3.4_test_only_noise_0p5mV,LFP,R0,32,0,4.35452773623247,2
3.4_test_only_noise_0p5mV,LFP,R0,33,0,4.613705390558978,2
3.4_test_only_noise_0p5mV,LFP,R0,36,0,4.207252923821833,2
3.4_test_only_noise_0p5mV,LFP,R0,39,0,3.7466414543528725,2
3.4_test_only_noise_0p5mV,LFP,R0,41,0,3.870247383714408,2
3.4_test_only_noise_0p5mV,LFP,R0,42,0,3.856122048301789,2
3.4_test_only_noise_0p5mV,LFP,R0,61,0,3.306812670749433,2
3.4_test_only_noise_0p5mV,LFP,R0,5,1,4.2154071599356975,2
3.4_test_only_noise_0p5mV,LFP,R0,11,1,3.831397590699484,2
3.4_test_only_noise_0p5mV,LFP,R0,12,1,3.3092599516526,2
3.4_test_only_noise_0p5mV,LFP,R0,18,1,4.726689683413418,2
3.4_test_only_noise_0p5mV,LFP,R0,25,1,3.34725452043082,2
3.4_test_only_noise_0p5mV,LFP,R0,30,1,3.033447391297865,2
3.4_test_only_noise_0p5mV,LFP,R0,32,1,4.312215795880911,2
3.4_test_only_noise_0p5mV,LFP,R0,33,1,4.531676252272553,2
3.4_test_only_noise_0p5mV,LFP,R0,36,1,4.1543249454086215,2
3.4_test_only_noise_0p5mV,LFP,R0,39,1,3.6523454174278474,2
3.4_test_only_noise_0p5mV,LFP,R0,41,1,3.727824695792269,2
3.4_test_only_noise_0p5mV,LFP,R0,42,1,3.7178671666922964,2
3.4_test_only_noise_0p5mV,LFP,R0,61,1,3.235140732813564,2
3.4_test_only_noise_0p5mV,LFP,R0,5,2,4.042223654083117,2
3.4_test_only_noise_0p5mV,LFP,R0,11,2,3.719487435989391,2
3.4_test_only_noise_0p5mV,LFP,R0,12,2,3.2638341644155804,2
3.4_test_only_noise_0p5mV,LFP,R0,18,2,4.423172106363791,2
3.4_test_only_noise_0p5mV,LFP,R0,25,2,3.372414566341905,2
3.4_test_only_noise_0p5mV,LFP,R0,30,2,3.0392478662928792,2
3.4_test_only_noise_0p5mV,LFP,R0,32,2,4.11841071022379,2
3.4_test_only_noise_0p5mV,LFP,R0,33,2,4.427978315061381,2
3.4_test_only_noise_0p5mV,LFP,R0,36,2,3.928427058166754,2
3.4_test_only_noise_0p5mV,LFP,R0,39,2,3.625979570328159,2
3.4_test_only_noise_0p5mV,LFP,R0,41,2,3.664254949864836,2
3.4_test_only_noise_0p5mV,LFP,R0,42,2,3.7371481024985194,2
3.4_test_only_noise_0p5mV,LFP,R0,61,2,3.3299841685149936,2
3.4_test_only_noise_0p5mV,LFP,R0,2,0,4.515489810318773,3
3.4_test_only_noise_0p5mV,LFP,R0,8,0,4.137713194974043,3
3.4_test_only_noise_0p5mV,LFP,R0,13,0,4.072366950127898,3
3.4_test_only_noise_0p5mV,LFP,R0,21,0,3.585987273442045,3
3.4_test_only_noise_0p5mV,LFP,R0,24,0,3.690059910930121,3
3.4_test_only_noise_0p5mV,LFP,R0,37,0,4.844589673846568,3
3.4_test_only_noise_0p5mV,LFP,R0,40,0,3.8108305771447095,3
3.4_test_only_noise_0p5mV,LFP,R0,43,0,3.725007929154213,3
3.4_test_only_noise_0p5mV,LFP,R0,49,0,3.6090827954877502,3
3.4_test_only_noise_0p5mV,LFP,R0,50,0,4.378887666452078,3
3.4_test_only_noise_0p5mV,LFP,R0,51,0,4.312802518812776,3
3.4_test_only_noise_0p5mV,LFP,R0,54,0,4.111392515101877,3
3.4_test_only_noise_0p5mV,LFP,R0,59,0,3.5770085000548035,3
3.4_test_only_noise_0p5mV,LFP,R0,2,1,4.396060665141124,3
3.4_test_only_noise_0p5mV,LFP,R0,8,1,4.270953092842569,3
3.4_test_only_noise_0p5mV,LFP,R0,13,1,4.142813743433286,3
3.4_test_only_noise_0p5mV,LFP,R0,21,1,4.14087710498182,3
3.4_test_only_noise_0p5mV,LFP,R0,24,1,4.436055029464452,3
3.4_test_only_noise_0p5mV,LFP,R0,37,1,4.808776937313856,3
3.4_test_only_noise_0p5mV,LFP,R0,40,1,4.628696594720554,3
3.4_test_only_noise_0p5mV,LFP,R0,43,1,4.509168110504885,3
3.4_test_only_noise_0p5mV,LFP,R0,49,1,4.619250606531882,3
3.4_test_only_noise_0p5mV,LFP,R0,50,1,4.645859473230274,3
3.4_test_only_noise_0p5mV,LFP,R0,51,1,4.768782394602889,3
3.4_test_only_noise_0p5mV,LFP,R0,54,1,4.749155381099063,3
3.4_test_only_noise_0p5mV,LFP,R0,59,1,3.8296426511888604,3
3.4_test_only_noise_0p5mV,LFP,R0,2,2,4.134251945276605,3
3.4_test_only_noise_0p5mV,LFP,R0,8,2,3.6226455338936487,3
3.4_test_only_noise_0p5mV,LFP,R0,13,2,3.5276111411270294,3
3.4_test_only_noise_0p5mV,LFP,R0,21,2,3.176825911689391,3
3.4_test_only_noise_0p5mV,LFP,R0,24,2,3.1760407099417285,3
3.4_test_only_noise_0p5mV,LFP,R0,37,2,4.556353072932625,3
3.4_test_only_noise_0p5mV,LFP,R0,40,2,3.381223543291912,3
3.4_test_only_noise_0p5mV,LFP,R0,43,2,3.380287186110466,3
3.4_test_only_noise_0p5mV,LFP,R0,49,2,3.0428789687336657,3
3.4_test_only_noise_0p5mV,LFP,R0,50,2,4.036488559664627,3
3.4_test_only_noise_0p5mV,LFP,R0,51,2,4.012985038683615,3
3.4_test_only_noise_0p5mV,LFP,R0,54,2,3.6281668253852586,3
3.4_test_only_noise_0p5mV,LFP,R0,59,2,3.278446822045865,3
3.4_test_only_noise_0p5mV,LFP,R0,3,0,4.0926125310868295,4
3.4_test_only_noise_0p5mV,LFP,R0,4,0,4.709594725910095,4
3.4_test_only_noise_0p5mV,LFP,R0,10,0,4.614808115748186,4
3.4_test_only_noise_0p5mV,LFP,R0,14,0,5.477115285079113,4
3.4_test_only_noise_0p5mV,LFP,R0,15,0,6.651588782713931,4
3.4_test_only_noise_0p5mV,LFP,R0,16,0,6.32130145178373,4
3.4_test_only_noise_0p5mV,LFP,R0,35,0,5.310649333029089,4
3.4_test_only_noise_0p5mV,LFP,R0,38,0,3.595099805077375,4
3.4_test_only_noise_0p5mV,LFP,R0,45,0,3.581842721393529,4
3.4_test_only_noise_0p5mV,LFP,R0,47,0,3.3365287667264543,4
3.4_test_only_noise_0p5mV,LFP,R0,55,0,3.8338532679206834,4
3.4_test_only_noise_0p5mV,LFP,R0,64,0,3.8875861003415735,4
3.4_test_only_noise_0p5mV,LFP,R0,3,1,3.948422968721294,4
3.4_test_only_noise_0p5mV,LFP,R0,4,1,3.404509137330953,4
3.4_test_only_noise_0p5mV,LFP,R0,10,1,3.3372105627895428,4
3.4_test_only_noise_0p5mV,LFP,R0,14,1,4.102988702374899,4
3.4_test_only_noise_0p5mV,LFP,R0,15,1,4.834172253641375,4
3.4_test_only_noise_0p5mV,LFP,R0,16,1,4.586784517441201,4
3.4_test_only_noise_0p5mV,LFP,R0,35,1,4.016637208150614,4
3.4_test_only_noise_0p5mV,LFP,R0,38,1,3.6825691326539896,4
3.4_test_only_noise_0p5mV,LFP,R0,45,1,3.6762452281879,4
3.4_test_only_noise_0p5mV,LFP,R0,47,1,3.3898552163420255,4
3.4_test_only_noise_0p5mV,LFP,R0,55,1,4.160902259150088,4
3.4_test_only_noise_0p5mV,LFP,R0,64,1,3.7264064799668546,4
3.4_test_only_noise_0p5mV,LFP,R0,3,2,4.462662624014228,4
3.4_test_only_noise_0p5mV,LFP,R0,4,2,4.828246368530645,4
3.4_test_only_noise_0p5mV,LFP,R0,10,2,4.731261357290944,4
3.4_test_only_noise_0p5mV,LFP,R0,14,2,5.451042857582528,4
3.4_test_only_noise_0p5mV,LFP,R0,15,2,6.538788763997464,4
3.4_test_only_noise_0p5mV,LFP,R0,16,2,6.275810373022093,4
3.4_test_only_noise_0p5mV,LFP,R0,35,2,5.477317849681999,4
3.4_test_only_noise_0p5mV,LFP,R0,38,2,4.371990530142788,4
3.4_test_only_noise_0p5mV,LFP,R0,45,2,4.494960627102658,4
3.4_test_only_noise_0p5mV,LFP,R0,47,2,4.164128769156216,4
3.4_test_only_noise_0p5mV,LFP,R0,55,2,4.548603943672546,4
3.4_test_only_noise_0p5mV,LFP,R0,64,2,4.660905747742206,4
3.4_test_only_noise_0p5mV,LFP,A2,7,0,5.149062311625392,0
3.4_test_only_noise_0p5mV,LFP,A2,9,0,4.204275656830832,0
3.4_test_only_noise_0p5mV,LFP,A2,19,0,6.427530121458546,0
3.4_test_only_noise_0p5mV,LFP,A2,20,0,4.216785934346395,0
3.4_test_only_noise_0p5mV,LFP,A2,26,0,4.130886338895923,0
3.4_test_only_noise_0p5mV,LFP,A2,29,0,4.065963505716477,0
3.4_test_only_noise_0p5mV,LFP,A2,31,0,3.962012046284912,0
3.4_test_only_noise_0p5mV,LFP,A2,44,0,4.628417342079306,0
3.4_test_only_noise_0p5mV,LFP,A2,46,0,4.112981441273193,0
3.4_test_only_noise_0p5mV,LFP,A2,48,0,4.085061131318408,0
3.4_test_only_noise_0p5mV,LFP,A2,56,0,4.191609300452584,0
3.4_test_only_noise_0p5mV,LFP,A2,63,0,4.157068263666432,0
3.4_test_only_noise_0p5mV,LFP,A2,65,0,4.189189150137986,0
3.4_test_only_noise_0p5mV,LFP,A2,7,1,4.49429351504989,0
3.4_test_only_noise_0p5mV,LFP,A2,9,1,3.8041519117561147,0
3.4_test_only_noise_0p5mV,LFP,A2,19,1,5.607913586987212,0
3.4_test_only_noise_0p5mV,LFP,A2,20,1,4.257314492829942,0
3.4_test_only_noise_0p5mV,LFP,A2,26,1,3.829079669849822,0
3.4_test_only_noise_0p5mV,LFP,A2,29,1,3.722273310026723,0
3.4_test_only_noise_0p5mV,LFP,A2,31,1,3.5585810176474055,0
3.4_test_only_noise_0p5mV,LFP,A2,44,1,4.926950760699341,0
3.4_test_only_noise_0p5mV,LFP,A2,46,1,4.800118729646792,0
3.4_test_only_noise_0p5mV,LFP,A2,48,1,4.66863434257739,0
3.4_test_only_noise_0p5mV,LFP,A2,56,1,3.896495331359203,0
3.4_test_only_noise_0p5mV,LFP,A2,63,1,4.660856890708209,0
3.4_test_only_noise_0p5mV,LFP,A2,65,1,4.755860742471909,0
3.4_test_only_noise_0p5mV,LFP,A2,7,2,4.557053348904728,0
3.4_test_only_noise_0p5mV,LFP,A2,9,2,3.586049412665622,0
3.4_test_only_noise_0p5mV,LFP,A2,19,2,5.956531972294484,0
3.4_test_only_noise_0p5mV,LFP,A2,20,2,3.851268872859654,0
3.4_test_only_noise_0p5mV,LFP,A2,26,2,3.4736113325723794,0
3.4_test_only_noise_0p5mV,LFP,A2,29,2,3.386572446376948,0
3.4_test_only_noise_0p5mV,LFP,A2,31,2,3.2332352748377637,0
3.4_test_only_noise_0p5mV,LFP,A2,44,2,4.203391638880059,0
3.4_test_only_noise_0p5mV,LFP,A2,46,2,3.8100396259805205,0
3.4_test_only_noise_0p5mV,LFP,A2,48,2,3.8553474676718857,0
3.4_test_only_noise_0p5mV,LFP,A2,56,2,3.576716438571758,0
3.4_test_only_noise_0p5mV,LFP,A2,63,2,3.9773080839492607,0
3.4_test_only_noise_0p5mV,LFP,A2,65,2,3.9439364386820266,0
3.4_test_only_noise_0p5mV,LFP,A2,6,0,4.807827397408518,1
3.4_test_only_noise_0p5mV,LFP,A2,17,0,5.850777180491842,1
3.4_test_only_noise_0p5mV,LFP,A2,22,0,3.8414203478015447,1
3.4_test_only_noise_0p5mV,LFP,A2,23,0,4.590539709299326,1
3.4_test_only_noise_0p5mV,LFP,A2,27,0,4.1405592186347135,1
3.4_test_only_noise_0p5mV,LFP,A2,28,0,4.045839794842454,1
3.4_test_only_noise_0p5mV,LFP,A2,34,0,5.275728243074646,1
3.4_test_only_noise_0p5mV,LFP,A2,52,0,4.535622510989525,1
3.4_test_only_noise_0p5mV,LFP,A2,53,0,4.6104162368673975,1
3.4_test_only_noise_0p5mV,LFP,A2,57,0,4.122999453253426,1
3.4_test_only_noise_0p5mV,LFP,A2,58,0,4.025664680989614,1
3.4_test_only_noise_0p5mV,LFP,A2,60,0,4.059536138462714,1
3.4_test_only_noise_0p5mV,LFP,A2,62,0,4.256158204644903,1
3.4_test_only_noise_0p5mV,LFP,A2,6,1,4.480464371189285,1
3.4_test_only_noise_0p5mV,LFP,A2,17,1,5.557689152638818,1
3.4_test_only_noise_0p5mV,LFP,A2,22,1,3.6327062029561206,1
3.4_test_only_noise_0p5mV,LFP,A2,23,1,4.3400404105574895,1
3.4_test_only_noise_0p5mV,LFP,A2,27,1,3.875724636793529,1
3.4_test_only_noise_0p5mV,LFP,A2,28,1,3.71866523627702,1
3.4_test_only_noise_0p5mV,LFP,A2,34,1,4.980756047986815,1
3.4_test_only_noise_0p5mV,LFP,A2,52,1,4.311551404814839,1
3.4_test_only_noise_0p5mV,LFP,A2,53,1,4.470783695312677,1
3.4_test_only_noise_0p5mV,LFP,A2,57,1,3.8655832596399784,1
3.4_test_only_noise_0p5mV,LFP,A2,58,1,3.7437861972839186,1
3.4_test_only_noise_0p5mV,LFP,A2,60,1,3.7149531921906553,1
3.4_test_only_noise_0p5mV,LFP,A2,62,1,4.202219807350117,1
3.4_test_only_noise_0p5mV,LFP,A2,6,2,4.296677084066374,1
3.4_test_only_noise_0p5mV,LFP,A2,17,2,5.476610204206192,1
3.4_test_only_noise_0p5mV,LFP,A2,22,2,3.3930009817066416,1
3.4_test_only_noise_0p5mV,LFP,A2,23,2,4.104354392812886,1
3.4_test_only_noise_0p5mV,LFP,A2,27,2,3.60008026340721,1
3.4_test_only_noise_0p5mV,LFP,A2,28,2,3.57003536744323,1
3.4_test_only_noise_0p5mV,LFP,A2,34,2,4.791042080569103,1
3.4_test_only_noise_0p5mV,LFP,A2,52,2,4.094137559276484,1
3.4_test_only_noise_0p5mV,LFP,A2,53,2,4.121479196751055,1
3.4_test_only_noise_0p5mV,LFP,A2,57,2,3.5715755126974282,1
3.4_test_only_noise_0p5mV,LFP,A2,58,2,3.4646896900096125,1
3.4_test_only_noise_0p5mV,LFP,A2,60,2,3.4538724217852836,1
3.4_test_only_noise_0p5mV,LFP,A2,62,2,4.014667621705014,1
3.4_test_only_noise_0p5mV,LFP,A2,5,0,4.364630441530228,2
3.4_test_only_noise_0p5mV,LFP,A2,11,0,3.9647786518339188,2
3.4_test_only_noise_0p5mV,LFP,A2,12,0,3.1590148895912775,2
3.4_test_only_noise_0p5mV,LFP,A2,18,0,4.83344883476289,2
3.4_test_only_noise_0p5mV,LFP,A2,25,0,3.1367450654123354,2
3.4_test_only_noise_0p5mV,LFP,A2,30,0,2.446432463888736,2
3.4_test_only_noise_0p5mV,LFP,A2,32,0,4.45675924014752,2
3.4_test_only_noise_0p5mV,LFP,A2,33,0,4.817986631132695,2
3.4_test_only_noise_0p5mV,LFP,A2,36,0,4.214683985152803,2
3.4_test_only_noise_0p5mV,LFP,A2,39,0,3.392155925751842,2
3.4_test_only_noise_0p5mV,LFP,A2,41,0,3.3188408860999288,2
3.4_test_only_noise_0p5mV,LFP,A2,42,0,3.724768102376467,2
3.4_test_only_noise_0p5mV,LFP,A2,61,0,3.150788694499656,2
3.4_test_only_noise_0p5mV,LFP,A2,5,1,4.875756697931646,2
3.4_test_only_noise_0p5mV,LFP,A2,11,1,4.629341459436788,2
3.4_test_only_noise_0p5mV,LFP,A2,12,1,4.073745619312366,2
3.4_test_only_noise_0p5mV,LFP,A2,18,1,5.437905016613775,2
3.4_test_only_noise_0p5mV,LFP,A2,25,1,3.852354120494039,2
3.4_test_only_noise_0p5mV,LFP,A2,30,1,3.6819150567464902,2
3.4_test_only_noise_0p5mV,LFP,A2,32,1,5.002063071797746,2
3.4_test_only_noise_0p5mV,LFP,A2,33,1,5.2608491550292555,2
3.4_test_only_noise_0p5mV,LFP,A2,36,1,4.9538797260883145,2
3.4_test_only_noise_0p5mV,LFP,A2,39,1,4.181772354190253,2
3.4_test_only_noise_0p5mV,LFP,A2,41,1,4.283682829019913,2
3.4_test_only_noise_0p5mV,LFP,A2,42,1,4.272338557643055,2
3.4_test_only_noise_0p5mV,LFP,A2,61,1,3.9552014143507344,2
3.4_test_only_noise_0p5mV,LFP,A2,5,2,4.549580018455457,2
3.4_test_only_noise_0p5mV,LFP,A2,11,2,4.101690738005882,2
3.4_test_only_noise_0p5mV,LFP,A2,12,2,3.568821015688271,2
3.4_test_only_noise_0p5mV,LFP,A2,18,2,5.117662942828152,2
3.4_test_only_noise_0p5mV,LFP,A2,25,2,3.432215597172543,2
3.4_test_only_noise_0p5mV,LFP,A2,30,2,3.115078522140903,2
3.4_test_only_noise_0p5mV,LFP,A2,32,2,4.70030370285856,2
3.4_test_only_noise_0p5mV,LFP,A2,33,2,4.984598955427858,2
3.4_test_only_noise_0p5mV,LFP,A2,36,2,4.673865094691661,2
3.4_test_only_noise_0p5mV,LFP,A2,39,2,3.8425310521021525,2
3.4_test_only_noise_0p5mV,LFP,A2,41,2,3.8949605187327196,2
3.4_test_only_noise_0p5mV,LFP,A2,42,2,3.9777983005029465,2
3.4_test_only_noise_0p5mV,LFP,A2,61,2,3.443675600861528,2
3.4_test_only_noise_0p5mV,LFP,A2,2,0,4.835566639914215,3
3.4_test_only_noise_0p5mV,LFP,A2,8,0,4.6819387994529755,3
3.4_test_only_noise_0p5mV,LFP,A2,13,0,4.564641627153158,3
3.4_test_only_noise_0p5mV,LFP,A2,21,0,4.444644347830945,3
3.4_test_only_noise_0p5mV,LFP,A2,24,0,4.709696145708209,3
3.4_test_only_noise_0p5mV,LFP,A2,37,0,5.196343223010931,3
3.4_test_only_noise_0p5mV,LFP,A2,40,0,4.876040301688096,3
3.4_test_only_noise_0p5mV,LFP,A2,43,0,4.82874344443339,3
3.4_test_only_noise_0p5mV,LFP,A2,49,0,4.815654082950431,3
3.4_test_only_noise_0p5mV,LFP,A2,50,0,4.970962792765568,3
3.4_test_only_noise_0p5mV,LFP,A2,51,0,5.140223454734511,3
3.4_test_only_noise_0p5mV,LFP,A2,54,0,4.971666802427995,3
3.4_test_only_noise_0p5mV,LFP,A2,59,0,4.205118187067061,3
3.4_test_only_noise_0p5mV,LFP,A2,2,1,4.658012248659723,3
3.4_test_only_noise_0p5mV,LFP,A2,8,1,4.370325858658448,3
3.4_test_only_noise_0p5mV,LFP,A2,13,1,4.274627622006547,3
3.4_test_only_noise_0p5mV,LFP,A2,21,1,3.8395678435590983,3
3.4_test_only_noise_0p5mV,LFP,A2,24,1,4.022467090446022,3
3.4_test_only_noise_0p5mV,LFP,A2,37,1,4.944749922803782,3
3.4_test_only_noise_0p5mV,LFP,A2,40,1,4.186148190270706,3
3.4_test_only_noise_0p5mV,LFP,A2,43,1,4.1373874301441935,3
3.4_test_only_noise_0p5mV,LFP,A2,49,1,4.056035203514485,3
3.4_test_only_noise_0p5mV,LFP,A2,50,1,4.558342104790881,3
3.4_test_only_noise_0p5mV,LFP,A2,51,1,4.620513163278774,3
3.4_test_only_noise_0p5mV,LFP,A2,54,1,4.400363093236346,3
3.4_test_only_noise_0p5mV,LFP,A2,59,1,3.807090026365443,3
3.4_test_only_noise_0p5mV,LFP,A2,2,2,4.323011340818709,3
3.4_test_only_noise_0p5mV,LFP,A2,8,2,3.950080993445628,3
3.4_test_only_noise_0p5mV,LFP,A2,13,2,3.878208218897165,3
3.4_test_only_noise_0p5mV,LFP,A2,21,2,3.408198861307267,3
3.4_test_only_noise_0p5mV,LFP,A2,24,2,3.490975199035075,3
3.4_test_only_noise_0p5mV,LFP,A2,37,2,4.802135986266628,3
3.4_test_only_noise_0p5mV,LFP,A2,40,2,3.645707276487099,3
3.4_test_only_noise_0p5mV,LFP,A2,43,2,3.62071804803983,3
3.4_test_only_noise_0p5mV,LFP,A2,49,2,3.3410928539025346,3
3.4_test_only_noise_0p5mV,LFP,A2,50,2,4.235084050828541,3
3.4_test_only_noise_0p5mV,LFP,A2,51,2,4.314020936579464,3
3.4_test_only_noise_0p5mV,LFP,A2,54,2,4.0353758941815006,3
3.4_test_only_noise_0p5mV,LFP,A2,59,2,3.4383092673592737,3
3.4_test_only_noise_0p5mV,LFP,A2,3,0,4.5525788678580605,4
3.4_test_only_noise_0p5mV,LFP,A2,4,0,4.739738077204593,4
3.4_test_only_noise_0p5mV,LFP,A2,10,0,4.718260742974742,4
3.4_test_only_noise_0p5mV,LFP,A2,14,0,5.3924538801335204,4
3.4_test_only_noise_0p5mV,LFP,A2,15,0,6.550042370392625,4
3.4_test_only_noise_0p5mV,LFP,A2,16,0,6.299262559349445,4
3.4_test_only_noise_0p5mV,LFP,A2,35,0,5.403950671026253,4
3.4_test_only_noise_0p5mV,LFP,A2,38,0,4.478227562115097,4
3.4_test_only_noise_0p5mV,LFP,A2,45,0,4.594261515273776,4
3.4_test_only_noise_0p5mV,LFP,A2,47,0,4.246447670807072,4
3.4_test_only_noise_0p5mV,LFP,A2,55,0,4.712733811192269,4
3.4_test_only_noise_0p5mV,LFP,A2,64,0,4.76696105961936,4
3.4_test_only_noise_0p5mV,LFP,A2,3,1,4.174754591435219,4
3.4_test_only_noise_0p5mV,LFP,A2,4,1,4.920651286124837,4
3.4_test_only_noise_0p5mV,LFP,A2,10,1,4.806742064766039,4
3.4_test_only_noise_0p5mV,LFP,A2,14,1,5.605205116097515,4
3.4_test_only_noise_0p5mV,LFP,A2,15,1,6.691956097525545,4
3.4_test_only_noise_0p5mV,LFP,A2,16,1,6.238422735346609,4
3.4_test_only_noise_0p5mV,LFP,A2,35,1,5.5317471232432265,4
3.4_test_only_noise_0p5mV,LFP,A2,38,1,4.053707982922842,4
3.4_test_only_noise_0p5mV,LFP,A2,45,1,3.9641476483840496,4
3.4_test_only_noise_0p5mV,LFP,A2,47,1,3.634241179913858,4
3.4_test_only_noise_0p5mV,LFP,A2,55,1,4.271205147216287,4
3.4_test_only_noise_0p5mV,LFP,A2,64,1,4.189041349769246,4
3.4_test_only_noise_0p5mV,LFP,A2,3,2,3.990265232648445,4
3.4_test_only_noise_0p5mV,LFP,A2,4,2,4.406789593422085,4
3.4_test_only_noise_0p5mV,LFP,A2,10,2,4.321308074674409,4
3.4_test_only_noise_0p5mV,LFP,A2,14,2,5.07565875453785,4
3.4_test_only_noise_0p5mV,LFP,A2,15,2,6.116674888144942,4
3.4_test_only_noise_0p5mV,LFP,A2,16,2,5.898538828462025,4
3.4_test_only_noise_0p5mV,LFP,A2,35,2,5.005898484679957,4
3.4_test_only_noise_0p5mV,LFP,A2,38,2,3.8528076633332775,4
3.4_test_only_noise_0p5mV,LFP,A2,45,2,3.8315815823811725,4
3.4_test_only_noise_0p5mV,LFP,A2,47,2,3.5690870430480572,4
3.4_test_only_noise_0p5mV,LFP,A2,55,2,4.036632965390384,4
3.4_test_only_noise_0p5mV,LFP,A2,64,2,4.113560297963089,4
3.5_three_charge_pulses,LFP,R0,7,0,0.9566184282302856,0
3.5_three_charge_pulses,LFP,R0,9,0,0.7618338465690613,0
3.5_three_charge_pulses,LFP,R0,19,0,2.2374558448791504,0
3.5_three_charge_pulses,LFP,R0,20,0,1.1529855728149414,0
3.5_three_charge_pulses,LFP,R0,26,0,0.8022668361663818,0
3.5_three_charge_pulses,LFP,R0,29,0,1.0578080415725708,0
3.5_three_charge_pulses,LFP,R0,31,0,1.3773130178451538,0
3.5_three_charge_pulses,LFP,R0,44,0,1.6032800674438477,0
3.5_three_charge_pulses,LFP,R0,46,0,2.708779811859131,0
3.5_three_charge_pulses,LFP,R0,48,0,1.6318951845169067,0
3.5_three_charge_pulses,LFP,R0,56,0,0.7675813436508179,0
3.5_three_charge_pulses,LFP,R0,63,0,0.8877994418144226,0
3.5_three_charge_pulses,LFP,R0,65,0,1.6141059398651123,0
3.5_three_charge_pulses,LFP,R0,7,1,1.0007448196411133,0
3.5_three_charge_pulses,LFP,R0,9,1,0.9505348801612854,0
3.5_three_charge_pulses,LFP,R0,19,1,2.3177270889282227,0
3.5_three_charge_pulses,LFP,R0,20,1,1.2881604433059692,0
3.5_three_charge_pulses,LFP,R0,26,1,0.9472872614860535,0
3.5_three_charge_pulses,LFP,R0,29,1,1.2722941637039185,0
3.5_three_charge_pulses,LFP,R0,31,1,1.5481228828430176,0
3.5_three_charge_pulses,LFP,R0,44,1,1.791757583618164,0
3.5_three_charge_pulses,LFP,R0,46,1,2.918964147567749,0
3.5_three_charge_pulses,LFP,R0,48,1,1.7833452224731445,0
3.5_three_charge_pulses,LFP,R0,56,1,0.8675511479377747,0
3.5_three_charge_pulses,LFP,R0,63,1,1.030541181564331,0
3.5_three_charge_pulses,LFP,R0,65,1,1.7658207416534424,0
3.5_three_charge_pulses,LFP,R0,7,2,0.9422703385353088,0
3.5_three_charge_pulses,LFP,R0,9,2,0.875571072101593,0
3.5_three_charge_pulses,LFP,R0,19,2,2.0935745239257812,0
3.5_three_charge_pulses,LFP,R0,20,2,1.0915122032165527,0
3.5_three_charge_pulses,LFP,R0,26,2,0.8449734449386597,0
3.5_three_charge_pulses,LFP,R0,29,2,1.2093275785446167,0
3.5_three_charge_pulses,LFP,R0,31,2,1.461237907409668,0
3.5_three_charge_pulses,LFP,R0,44,2,1.470875859260559,0
3.5_three_charge_pulses,LFP,R0,46,2,2.859334945678711,0
3.5_three_charge_pulses,LFP,R0,48,2,1.6944762468338013,0
3.5_three_charge_pulses,LFP,R0,56,2,0.6794398427009583,0
3.5_three_charge_pulses,LFP,R0,63,2,0.8194294571876526,0
3.5_three_charge_pulses,LFP,R0,65,2,1.533421277999878,0
3.5_three_charge_pulses,LFP,R0,6,0,1.026245355606079,1
3.5_three_charge_pulses,LFP,R0,17,0,2.19405198097229,1
3.5_three_charge_pulses,LFP,R0,22,0,0.6339982151985168,1
3.5_three_charge_pulses,LFP,R0,23,0,0.5929102897644043,1
3.5_three_charge_pulses,LFP,R0,27,0,0.6829401850700378,1
3.5_three_charge_pulses,LFP,R0,28,0,1.0806719064712524,1
3.5_three_charge_pulses,LFP,R0,34,0,1.7120025157928467,1
3.5_three_charge_pulses,LFP,R0,52,0,0.8833062052726746,1
3.5_three_charge_pulses,LFP,R0,53,0,1.376849889755249,1
3.5_three_charge_pulses,LFP,R0,57,0,1.7984110116958618,1
3.5_three_charge_pulses,LFP,R0,58,0,1.3994314670562744,1
3.5_three_charge_pulses,LFP,R0,60,0,0.8883083462715149,1
3.5_three_charge_pulses,LFP,R0,62,0,0.873719334602356,1
3.5_three_charge_pulses,LFP,R0,6,1,0.8622283935546875,1
3.5_three_charge_pulses,LFP,R0,17,1,1.9908479452133179,1
3.5_three_charge_pulses,LFP,R0,22,1,1.0970481634140015,1
3.5_three_charge_pulses,LFP,R0,23,1,1.112451434135437,1
3.5_three_charge_pulses,LFP,R0,27,1,0.9130586385726929,1
3.5_three_charge_pulses,LFP,R0,28,1,1.2796365022659302,1
3.5_three_charge_pulses,LFP,R0,34,1,1.5612921714782715,1
3.5_three_charge_pulses,LFP,R0,52,1,1.0078504085540771,1
3.5_three_charge_pulses,LFP,R0,53,1,1.7255779504776,1
3.5_three_charge_pulses,LFP,R0,57,1,1.8035138845443726,1
3.5_three_charge_pulses,LFP,R0,58,1,1.494258165359497,1
3.5_three_charge_pulses,LFP,R0,60,1,1.033565640449524,1
3.5_three_charge_pulses,LFP,R0,62,1,1.2121108770370483,1
3.5_three_charge_pulses,LFP,R0,6,2,1.0754988193511963,1
3.5_three_charge_pulses,LFP,R0,17,2,2.1452717781066895,1
3.5_three_charge_pulses,LFP,R0,22,2,0.9546420574188232,1
3.5_three_charge_pulses,LFP,R0,23,2,0.9943044185638428,1
3.5_three_charge_pulses,LFP,R0,27,2,0.8936851620674133,1
3.5_three_charge_pulses,LFP,R0,28,2,1.1235147714614868,1
3.5_three_charge_pulses,LFP,R0,34,2,1.6781572103500366,1
3.5_three_charge_pulses,LFP,R0,52,2,0.8820475935935974,1
3.5_three_charge_pulses,LFP,R0,53,2,1.627787709236145,1
3.5_three_charge_pulses,LFP,R0,57,2,1.8718105554580688,1
3.5_three_charge_pulses,LFP,R0,58,2,1.5505882501602173,1
3.5_three_charge_pulses,LFP,R0,60,2,1.034563660621643,1
3.5_three_charge_pulses,LFP,R0,62,2,1.2047616243362427,1
3.5_three_charge_pulses,LFP,R0,5,0,1.8170661926269531,2
3.5_three_charge_pulses,LFP,R0,11,0,1.0878098011016846,2
3.5_three_charge_pulses,LFP,R0,12,0,0.5748969912528992,2
3.5_three_charge_pulses,LFP,R0,18,0,2.057469606399536,2
3.5_three_charge_pulses,LFP,R0,25,0,0.8144689202308655,2
3.5_three_charge_pulses,LFP,R0,30,0,1.3343253135681152,2
3.5_three_charge_pulses,LFP,R0,32,0,1.715169906616211,2
3.5_three_charge_pulses,LFP,R0,33,0,2.3240981101989746,2
3.5_three_charge_pulses,LFP,R0,36,0,1.0774673223495483,2
3.5_three_charge_pulses,LFP,R0,39,0,0.7564815878868103,2
3.5_three_charge_pulses,LFP,R0,41,0,0.7629861831665039,2
3.5_three_charge_pulses,LFP,R0,42,0,1.0064505338668823,2
3.5_three_charge_pulses,LFP,R0,61,0,0.9432182312011719,2
3.5_three_charge_pulses,LFP,R0,5,1,1.5087071657180786,2
3.5_three_charge_pulses,LFP,R0,11,1,0.8573639392852783,2
3.5_three_charge_pulses,LFP,R0,12,1,0.5721157193183899,2
3.5_three_charge_pulses,LFP,R0,18,1,1.8784751892089844,2
3.5_three_charge_pulses,LFP,R0,25,1,1.0363608598709106,2
3.5_three_charge_pulses,LFP,R0,30,1,1.4992058277130127,2
3.5_three_charge_pulses,LFP,R0,32,1,1.4823012351989746,2
3.5_three_charge_pulses,LFP,R0,33,1,2.1251165866851807,2
3.5_three_charge_pulses,LFP,R0,36,1,0.9929542541503906,2
3.5_three_charge_pulses,LFP,R0,39,1,0.9829794764518738,2
3.5_three_charge_pulses,LFP,R0,41,1,0.9243925213813782,2
3.5_three_charge_pulses,LFP,R0,42,1,1.127966046333313,2
3.5_three_charge_pulses,LFP,R0,61,1,0.8996586203575134,2
3.5_three_charge_pulses,LFP,R0,5,2,1.5145007371902466,2
3.5_three_charge_pulses,LFP,R0,11,2,0.9029305577278137,2
3.5_three_charge_pulses,LFP,R0,12,2,0.5165730714797974,2
3.5_three_charge_pulses,LFP,R0,18,2,1.6303495168685913,2
3.5_three_charge_pulses,LFP,R0,25,2,0.9337952733039856,2
3.5_three_charge_pulses,LFP,R0,30,2,1.4419784545898438,2
3.5_three_charge_pulses,LFP,R0,32,2,1.414655327796936,2
3.5_three_charge_pulses,LFP,R0,33,2,2.1791839599609375,2
3.5_three_charge_pulses,LFP,R0,36,2,0.8499260544776917,2
3.5_three_charge_pulses,LFP,R0,39,2,0.8730369210243225,2
3.5_three_charge_pulses,LFP,R0,41,2,0.9696590900421143,2
3.5_three_charge_pulses,LFP,R0,42,2,1.091654658317566,2
3.5_three_charge_pulses,LFP,R0,61,2,0.9622137546539307,2
3.5_three_charge_pulses,LFP,R0,2,0,1.6147280931472778,3
3.5_three_charge_pulses,LFP,R0,8,0,0.597303569316864,3
3.5_three_charge_pulses,LFP,R0,13,0,0.8807268738746643,3
3.5_three_charge_pulses,LFP,R0,21,0,1.0115286111831665,3
3.5_three_charge_pulses,LFP,R0,24,0,0.6702728867530823,3
3.5_three_charge_pulses,LFP,R0,37,0,1.898026704788208,3
3.5_three_charge_pulses,LFP,R0,40,0,0.7306758165359497,3
3.5_three_charge_pulses,LFP,R0,43,0,0.7450501918792725,3
3.5_three_charge_pulses,LFP,R0,49,0,1.3620903491973877,3
3.5_three_charge_pulses,LFP,R0,50,0,1.9320037364959717,3
3.5_three_charge_pulses,LFP,R0,51,0,2.008857011795044,3
3.5_three_charge_pulses,LFP,R0,54,0,0.7696564793586731,3
3.5_three_charge_pulses,LFP,R0,59,0,1.503366470336914,3
3.5_three_charge_pulses,LFP,R0,2,1,1.1221365928649902,3
3.5_three_charge_pulses,LFP,R0,8,1,0.5582523345947266,3
3.5_three_charge_pulses,LFP,R0,13,1,0.6807510256767273,3
3.5_three_charge_pulses,LFP,R0,21,1,1.0454679727554321,3
3.5_three_charge_pulses,LFP,R0,24,1,0.8909955620765686,3
3.5_three_charge_pulses,LFP,R0,37,1,1.5885016918182373,3
3.5_three_charge_pulses,LFP,R0,40,1,0.9335267543792725,3
3.5_three_charge_pulses,LFP,R0,43,1,0.8896918892860413,3
3.5_three_charge_pulses,LFP,R0,49,1,1.6676161289215088,3
3.5_three_charge_pulses,LFP,R0,50,1,1.656112790107727,3
3.5_three_charge_pulses,LFP,R0,51,1,1.999159336090088,3
3.5_three_charge_pulses,LFP,R0,54,1,0.7746592164039612,3
3.5_three_charge_pulses,LFP,R0,59,1,1.3981493711471558,3
3.5_three_charge_pulses,LFP,R0,2,2,1.169459581375122,3
3.5_three_charge_pulses,LFP,R0,8,2,0.5482337474822998,3
3.5_three_charge_pulses,LFP,R0,13,2,0.5892806053161621,3
3.5_three_charge_pulses,LFP,R0,21,2,1.053929090499878,3
3.5_three_charge_pulses,LFP,R0,24,2,0.7377866506576538,3
3.5_three_charge_pulses,LFP,R0,37,2,1.5666273832321167,3
3.5_three_charge_pulses,LFP,R0,40,2,0.9043666124343872,3
3.5_three_charge_pulses,LFP,R0,43,2,0.9881079792976379,3
3.5_three_charge_pulses,LFP,R0,49,2,1.720009207725525,3
3.5_three_charge_pulses,LFP,R0,50,2,1.624668836593628,3
3.5_three_charge_pulses,LFP,R0,51,2,2.02903413772583,3
3.5_three_charge_pulses,LFP,R0,54,2,0.7123746871948242,3
3.5_three_charge_pulses,LFP,R0,59,2,1.442733883857727,3
3.5_three_charge_pulses,LFP,R0,3,0,3.238629102706909,4
3.5_three_charge_pulses,LFP,R0,4,0,1.2808860540390015,4
3.5_three_charge_pulses,LFP,R0,10,0,1.6227442026138306,4
3.5_three_charge_pulses,LFP,R0,14,0,2.321932315826416,4
3.5_three_charge_pulses,LFP,R0,15,0,3.0411295890808105,4
3.5_three_charge_pulses,LFP,R0,16,0,2.3965046405792236,4
3.5_three_charge_pulses,LFP,R0,35,0,1.8740483522415161,4
3.5_three_charge_pulses,LFP,R0,38,0,0.7335522770881653,4
3.5_three_charge_pulses,LFP,R0,45,0,1.4216886758804321,4
3.5_three_charge_pulses,LFP,R0,47,0,1.3673796653747559,4
3.5_three_charge_pulses,LFP,R0,55,0,1.6086329221725464,4
3.5_three_charge_pulses,LFP,R0,64,0,0.6815862059593201,4
3.5_three_charge_pulses,LFP,R0,3,1,4.126925945281982,4
3.5_three_charge_pulses,LFP,R0,4,1,1.3489960432052612,4
3.5_three_charge_pulses,LFP,R0,10,1,1.543599247932434,4
3.5_three_charge_pulses,LFP,R0,14,1,2.357590913772583,4
3.5_three_charge_pulses,LFP,R0,15,1,2.8046092987060547,4
3.5_three_charge_pulses,LFP,R0,16,1,2.362501621246338,4
3.5_three_charge_pulses,LFP,R0,35,1,1.8297384977340698,4
3.5_three_charge_pulses,LFP,R0,38,1,1.0349382162094116,4
3.5_three_charge_pulses,LFP,R0,45,1,1.750290870666504,4
3.5_three_charge_pulses,LFP,R0,47,1,1.5316859483718872,4
3.5_three_charge_pulses,LFP,R0,55,1,2.118663787841797,4
3.5_three_charge_pulses,LFP,R0,64,1,0.966791033744812,4
3.5_three_charge_pulses,LFP,R0,3,2,3.602928876876831,4
3.5_three_charge_pulses,LFP,R0,4,2,1.2305463552474976,4
3.5_three_charge_pulses,LFP,R0,10,2,1.5575618743896484,4
3.5_three_charge_pulses,LFP,R0,14,2,2.3451271057128906,4
3.5_three_charge_pulses,LFP,R0,15,2,2.833789587020874,4
3.5_three_charge_pulses,LFP,R0,16,2,2.268641948699951,4
3.5_three_charge_pulses,LFP,R0,35,2,1.8741071224212646,4
3.5_three_charge_pulses,LFP,R0,38,2,0.8736480474472046,4
3.5_three_charge_pulses,LFP,R0,45,2,1.4560037851333618,4
3.5_three_charge_pulses,LFP,R0,47,2,1.4051135778427124,4
3.5_three_charge_pulses,LFP,R0,55,2,1.6570547819137573,4
3.5_three_charge_pulses,LFP,R0,64,2,0.8909785747528076,4
3.5_three_discharge_pulses,LFP,R0,7,0,1.217871069908142,0
3.5_three_discharge_pulses,LFP,R0,9,0,0.6665893793106079,0
3.5_three_discharge_pulses,LFP,R0,19,0,2.410207986831665,0
3.5_three_discharge_pulses,LFP,R0,20,0,1.0340237617492676,0
3.5_three_discharge_pulses,LFP,R0,26,0,0.8903342485427856,0
3.5_three_discharge_pulses,LFP,R0,29,0,1.1793643236160278,0
3.5_three_discharge_pulses,LFP,R0,31,0,1.2783130407333374,0
3.5_three_discharge_pulses,LFP,R0,44,0,1.3899701833724976,0
3.5_three_discharge_pulses,LFP,R0,46,0,2.564715623855591,0
3.5_three_discharge_pulses,LFP,R0,48,0,1.661017656326294,0
3.5_three_discharge_pulses,LFP,R0,56,0,0.6644235253334045,0
3.5_three_discharge_pulses,LFP,R0,63,0,0.7160652875900269,0
3.5_three_discharge_pulses,LFP,R0,65,0,1.5345286130905151,0
3.5_three_discharge_pulses,LFP,R0,7,1,1.1811918020248413,0
3.5_three_discharge_pulses,LFP,R0,9,1,0.9523651599884033,0
3.5_three_discharge_pulses,LFP,R0,19,1,2.3713905811309814,0
3.5_three_discharge_pulses,LFP,R0,20,1,1.1270512342453003,0
3.5_three_discharge_pulses,LFP,R0,26,1,1.029274344444275,0
3.5_three_discharge_pulses,LFP,R0,29,1,1.3494865894317627,0
3.5_three_discharge_pulses,LFP,R0,31,1,1.5537935495376587,0
3.5_three_discharge_pulses,LFP,R0,44,1,1.6508139371871948,0
3.5_three_discharge_pulses,LFP,R0,46,1,2.8865082263946533,0
3.5_three_discharge_pulses,LFP,R0,48,1,1.9529614448547363,0
3.5_three_discharge_pulses,LFP,R0,56,1,0.8142278790473938,0
3.5_three_discharge_pulses,LFP,R0,63,1,1.0932029485702515,0
3.5_three_discharge_pulses,LFP,R0,65,1,1.9110957384109497,0
3.5_three_discharge_pulses,LFP,R0,7,2,1.3064210414886475,0
3.5_three_discharge_pulses,LFP,R0,9,2,0.7430773377418518,0
3.5_three_discharge_pulses,LFP,R0,19,2,2.4500765800476074,0
3.5_three_discharge_pulses,LFP,R0,20,2,1.1654863357543945,0
3.5_three_discharge_pulses,LFP,R0,26,2,0.7249796390533447,0
3.5_three_discharge_pulses,LFP,R0,29,2,0.9867669939994812,0
3.5_three_discharge_pulses,LFP,R0,31,2,1.1360710859298706,0
3.5_three_discharge_pulses,LFP,R0,44,2,1.2781879901885986,0
3.5_three_discharge_pulses,LFP,R0,46,2,2.633232831954956,0
3.5_three_discharge_pulses,LFP,R0,48,2,1.613959789276123,0
3.5_three_discharge_pulses,LFP,R0,56,2,0.6404183506965637,0
3.5_three_discharge_pulses,LFP,R0,63,2,0.7793921232223511,0
3.5_three_discharge_pulses,LFP,R0,65,2,1.714429497718811,0
3.5_three_discharge_pulses,LFP,R0,6,0,1.051366925239563,1
3.5_three_discharge_pulses,LFP,R0,17,0,2.369840383529663,1
3.5_three_discharge_pulses,LFP,R0,22,0,0.980480968952179,1
3.5_three_discharge_pulses,LFP,R0,23,0,0.9448290467262268,1
3.5_three_discharge_pulses,LFP,R0,27,0,0.714103102684021,1
3.5_three_discharge_pulses,LFP,R0,28,0,1.3069144487380981,1
3.5_three_discharge_pulses,LFP,R0,34,0,1.719612717628479,1
3.5_three_discharge_pulses,LFP,R0,52,0,0.8607132434844971,1
3.5_three_discharge_pulses,LFP,R0,53,0,1.4730274677276611,1
3.5_three_discharge_pulses,LFP,R0,57,0,1.765833854675293,1
3.5_three_discharge_pulses,LFP,R0,58,0,1.4772619009017944,1
3.5_three_discharge_pulses,LFP,R0,60,0,0.8468696475028992,1
3.5_three_discharge_pulses,LFP,R0,62,0,1.1128991842269897,1
3.5_three_discharge_pulses,LFP,R0,6,1,0.9513298869132996,1
3.5_three_discharge_pulses,LFP,R0,17,1,2.1752843856811523,1
3.5_three_discharge_pulses,LFP,R0,22,1,1.1314928531646729,1
3.5_three_discharge_pulses,LFP,R0,23,1,0.9947773814201355,1
3.5_three_discharge_pulses,LFP,R0,27,1,0.6786763072013855,1
3.5_three_discharge_pulses,LFP,R0,28,1,1.3977413177490234,1
3.5_three_discharge_pulses,LFP,R0,34,1,1.5830793380737305,1
3.5_three_discharge_pulses,LFP,R0,52,1,1.1495437622070312,1
3.5_three_discharge_pulses,LFP,R0,53,1,1.3335652351379395,1
3.5_three_discharge_pulses,LFP,R0,57,1,1.7197612524032593,1
3.5_three_discharge_pulses,LFP,R0,58,1,1.4219019412994385,1
3.5_three_discharge_pulses,LFP,R0,60,1,0.8194276094436646,1
3.5_three_discharge_pulses,LFP,R0,62,1,1.1271562576293945,1
3.5_three_discharge_pulses,LFP,R0,6,2,0.9198623895645142,1
3.5_three_discharge_pulses,LFP,R0,17,2,2.3236522674560547,1
3.5_three_discharge_pulses,LFP,R0,22,2,1.1709206104278564,1
3.5_three_discharge_pulses,LFP,R0,23,2,1.0967156887054443,1
3.5_three_discharge_pulses,LFP,R0,27,2,0.8014988303184509,1
3.5_three_discharge_pulses,LFP,R0,28,2,1.3115191459655762,1
3.5_three_discharge_pulses,LFP,R0,34,2,1.6681699752807617,1
3.5_three_discharge_pulses,LFP,R0,52,2,0.9344347715377808,1
3.5_three_discharge_pulses,LFP,R0,53,2,1.4633857011795044,1
3.5_three_discharge_pulses,LFP,R0,57,2,1.8944872617721558,1
3.5_three_discharge_pulses,LFP,R0,58,2,1.5414807796478271,1
3.5_three_discharge_pulses,LFP,R0,60,2,0.9705477952957153,1
3.5_three_discharge_pulses,LFP,R0,62,2,1.261980652809143,1
3.5_three_discharge_pulses,LFP,R0,5,0,1.8214068412780762,2
3.5_three_discharge_pulses,LFP,R0,11,0,1.3681387901306152,2
3.5_three_discharge_pulses,LFP,R0,12,0,0.5316223502159119,2
3.5_three_discharge_pulses,LFP,R0,18,0,2.2159435749053955,2
3.5_three_discharge_pulses,LFP,R0,25,0,0.8281406760215759,2
3.5_three_discharge_pulses,LFP,R0,30,0,1.2816191911697388,2
3.5_three_discharge_pulses,LFP,R0,32,0,1.9063776731491089,2
3.5_three_discharge_pulses,LFP,R0,33,0,2.7172539234161377,2
3.5_three_discharge_pulses,LFP,R0,36,0,1.2680877447128296,2
3.5_three_discharge_pulses,LFP,R0,39,0,0.7878730297088623,2
3.5_three_discharge_pulses,LFP,R0,41,0,0.7336097955703735,2
3.5_three_discharge_pulses,LFP,R0,42,0,1.0713807344436646,2
3.5_three_discharge_pulses,LFP,R0,61,0,0.849762499332428,2
3.5_three_discharge_pulses,LFP,R0,5,1,1.447243094444275,2
3.5_three_discharge_pulses,LFP,R0,11,1,0.927629828453064,2
3.5_three_discharge_pulses,LFP,R0,12,1,0.5551414489746094,2
3.5_three_discharge_pulses,LFP,R0,18,1,1.9204565286636353,2
3.5_three_discharge_pulses,LFP,R0,25,1,1.0698316097259521,2
3.5_three_discharge_pulses,LFP,R0,30,1,1.7761471271514893,2
3.5_three_discharge_pulses,LFP,R0,32,1,1.513305425643921,2
3.5_three_discharge_pulses,LFP,R0,33,1,2.399700164794922,2
3.5_three_discharge_pulses,LFP,R0,36,1,0.8557130694389343,2
3.5_three_discharge_pulses,LFP,R0,39,1,1.151174545288086,2
3.5_three_discharge_pulses,LFP,R0,41,1,1.131575345993042,2
3.5_three_discharge_pulses,LFP,R0,42,1,0.9742108583450317,2
3.5_three_discharge_pulses,LFP,R0,61,1,0.7903424501419067,2
3.5_three_discharge_pulses,LFP,R0,5,2,1.654740810394287,2
3.5_three_discharge_pulses,LFP,R0,11,2,1.2978994846343994,2
3.5_three_discharge_pulses,LFP,R0,12,2,0.5920435190200806,2
3.5_three_discharge_pulses,LFP,R0,18,2,2.03347110748291,2
3.5_three_discharge_pulses,LFP,R0,25,2,0.8935810327529907,2
3.5_three_discharge_pulses,LFP,R0,30,2,1.1401692628860474,2
3.5_three_discharge_pulses,LFP,R0,32,2,1.7237712144851685,2
3.5_three_discharge_pulses,LFP,R0,33,2,2.6568989753723145,2
3.5_three_discharge_pulses,LFP,R0,36,2,1.05646812915802,2
3.5_three_discharge_pulses,LFP,R0,39,2,0.9216698408126831,2
3.5_three_discharge_pulses,LFP,R0,41,2,0.873501718044281,2
3.5_three_discharge_pulses,LFP,R0,42,2,1.1826897859573364,2
3.5_three_discharge_pulses,LFP,R0,61,2,0.9339231252670288,2
3.5_three_discharge_pulses,LFP,R0,2,0,1.5893235206604004,3
3.5_three_discharge_pulses,LFP,R0,8,0,0.6788262128829956,3
3.5_three_discharge_pulses,LFP,R0,13,0,0.8718698024749756,3
3.5_three_discharge_pulses,LFP,R0,21,0,0.9826580882072449,3
3.5_three_discharge_pulses,LFP,R0,24,0,0.6595380902290344,3
3.5_three_discharge_pulses,LFP,R0,37,0,1.9651178121566772,3
3.5_three_discharge_pulses,LFP,R0,40,0,0.7728279232978821,3
3.5_three_discharge_pulses,LFP,R0,43,0,0.8811315298080444,3
3.5_three_discharge_pulses,LFP,R0,49,0,1.332584023475647,3
3.5_three_discharge_pulses,LFP,R0,50,0,1.6256613731384277,3
3.5_three_discharge_pulses,LFP,R0,51,0,1.9127036333084106,3
3.5_three_discharge_pulses,LFP,R0,54,0,0.8509871959686279,3
3.5_three_discharge_pulses,LFP,R0,59,0,1.4734879732131958,3
3.5_three_discharge_pulses,LFP,R0,2,1,1.544982671737671,3
3.5_three_discharge_pulses,LFP,R0,8,1,0.694412887096405,3
3.5_three_discharge_pulses,LFP,R0,13,1,0.9056049585342407,3
3.5_three_discharge_pulses,LFP,R0,21,1,1.1010031700134277,3
3.5_three_discharge_pulses,LFP,R0,24,1,0.9710039496421814,3
3.5_three_discharge_pulses,LFP,R0,37,1,1.7844247817993164,3
3.5_three_discharge_pulses,LFP,R0,40,1,1.0533251762390137,3
3.5_three_discharge_pulses,LFP,R0,43,1,1.1427322626113892,3
3.5_three_discharge_pulses,LFP,R0,49,1,1.5144896507263184,3
3.5_three_discharge_pulses,LFP,R0,50,1,1.7155905961990356,3
3.5_three_discharge_pulses,LFP,R0,51,1,2.077481269836426,3
3.5_three_discharge_pulses,LFP,R0,54,1,1.0824857950210571,3
3.5_three_discharge_pulses,LFP,R0,59,1,1.5312902927398682,3
3.5_three_discharge_pulses,LFP,R0,2,2,1.3702346086502075,3
3.5_three_discharge_pulses,LFP,R0,8,2,0.5802772641181946,3
3.5_three_discharge_pulses,LFP,R0,13,2,0.7770611643791199,3
3.5_three_discharge_pulses,LFP,R0,21,2,1.0073983669281006,3
3.5_three_discharge_pulses,LFP,R0,24,2,0.7588425278663635,3
3.5_three_discharge_pulses,LFP,R0,37,2,1.6111246347427368,3
3.5_three_discharge_pulses,LFP,R0,40,2,0.8868470788002014,3
3.5_three_discharge_pulses,LFP,R0,43,2,0.9548548460006714,3
3.5_three_discharge_pulses,LFP,R0,49,2,1.5667849779129028,3
3.5_three_discharge_pulses,LFP,R0,50,2,1.4258023500442505,3
3.5_three_discharge_pulses,LFP,R0,51,2,1.8797084093093872,3
3.5_three_discharge_pulses,LFP,R0,54,2,0.8598780632019043,3
3.5_three_discharge_pulses,LFP,R0,59,2,1.471242070198059,3
3.5_three_discharge_pulses,LFP,R0,3,0,3.1404669284820557,4
3.5_three_discharge_pulses,LFP,R0,4,0,1.5161510705947876,4
3.5_three_discharge_pulses,LFP,R0,10,0,1.7199064493179321,4
3.5_three_discharge_pulses,LFP,R0,14,0,2.5791518688201904,4
3.5_three_discharge_pulses,LFP,R0,15,0,3.010070562362671,4
3.5_three_discharge_pulses,LFP,R0,16,0,2.509209156036377,4
3.5_three_discharge_pulses,LFP,R0,35,0,2.2978570461273193,4
3.5_three_discharge_pulses,LFP,R0,38,0,0.7488225698471069,4
3.5_three_discharge_pulses,LFP,R0,45,0,1.2583330869674683,4
3.5_three_discharge_pulses,LFP,R0,47,0,1.1331232786178589,4
3.5_three_discharge_pulses,LFP,R0,55,0,1.3874194622039795,4
3.5_three_discharge_pulses,LFP,R0,64,0,0.9406478404998779,4
3.5_three_discharge_pulses,LFP,R0,3,1,3.7376389503479004,4
3.5_three_discharge_pulses,LFP,R0,4,1,1.3792243003845215,4
3.5_three_discharge_pulses,LFP,R0,10,1,1.5458263158798218,4
3.5_three_discharge_pulses,LFP,R0,14,1,2.3747968673706055,4
3.5_three_discharge_pulses,LFP,R0,15,1,2.8140008449554443,4
3.5_three_discharge_pulses,LFP,R0,16,1,2.308229684829712,4
3.5_three_discharge_pulses,LFP,R0,35,1,2.087106943130493,4
3.5_three_discharge_pulses,LFP,R0,38,1,0.9156771302223206,4
3.5_three_discharge_pulses,LFP,R0,45,1,1.5101945400238037,4
3.5_three_discharge_pulses,LFP,R0,47,1,1.3807553052902222,4
3.5_three_discharge_pulses,LFP,R0,55,1,2.038940906524658,4
3.5_three_discharge_pulses,LFP,R0,64,1,0.8647665977478027,4
3.5_three_discharge_pulses,LFP,R0,3,2,3.70808744430542,4
3.5_three_discharge_pulses,LFP,R0,4,2,1.3774141073226929,4
3.5_three_discharge_pulses,LFP,R0,10,2,1.5990164279937744,4
3.5_three_discharge_pulses,LFP,R0,14,2,2.3075594902038574,4
3.5_three_discharge_pulses,LFP,R0,15,2,2.7928755283355713,4
3.5_three_discharge_pulses,LFP,R0,16,2,2.1785683631896973,4
3.5_three_discharge_pulses,LFP,R0,35,2,2.123073101043701,4
3.5_three_discharge_pulses,LFP,R0,38,2,0.9423293471336365,4
3.5_three_discharge_pulses,LFP,R0,45,2,1.5585300922393799,4
3.5_three_discharge_pulses,LFP,R0,47,2,1.425187587738037,4
3.5_three_discharge_pulses,LFP,R0,55,2,1.943019151687622,4
3.5_three_discharge_pulses,LFP,R0,64,2,1.0446809530258179,4
3.5_three_charge_pulses,LFP,A2,7,0,1.1183820962905884,0
3.5_three_charge_pulses,LFP,A2,9,0,0.944395124912262,0
3.5_three_charge_pulses,LFP,A2,19,0,2.482546329498291,0
3.5_three_charge_pulses,LFP,A2,20,0,1.2617512941360474,0
3.5_three_charge_pulses,LFP,A2,26,0,0.9424026608467102,0
3.5_three_charge_pulses,LFP,A2,29,0,1.0917816162109375,0
3.5_three_charge_pulses,LFP,A2,31,0,1.3905959129333496,0
3.5_three_charge_pulses,LFP,A2,44,0,1.7037315368652344,0
3.5_three_charge_pulses,LFP,A2,46,0,2.777775764465332,0
3.5_three_charge_pulses,LFP,A2,48,0,1.840884804725647,0
3.5_three_charge_pulses,LFP,A2,56,0,0.7837837934494019,0
3.5_three_charge_pulses,LFP,A2,63,0,1.220024585723877,0
3.5_three_charge_pulses,LFP,A2,65,0,1.8817113637924194,0
3.5_three_charge_pulses,LFP,A2,7,1,1.0631228685379028,0
3.5_three_charge_pulses,LFP,A2,9,1,0.9862697124481201,0
3.5_three_charge_pulses,LFP,A2,19,1,2.437863826751709,0
3.5_three_charge_pulses,LFP,A2,20,1,1.1903014183044434,0
3.5_three_charge_pulses,LFP,A2,26,1,0.8360019326210022,0
3.5_three_charge_pulses,LFP,A2,29,1,1.1703873872756958,0
3.5_three_charge_pulses,LFP,A2,31,1,1.5168755054473877,0
3.5_three_charge_pulses,LFP,A2,44,1,1.9548404216766357,0
3.5_three_charge_pulses,LFP,A2,46,1,2.837803840637207,0
3.5_three_charge_pulses,LFP,A2,48,1,1.8471072912216187,0
3.5_three_charge_pulses,LFP,A2,56,1,0.7399601936340332,0
3.5_three_charge_pulses,LFP,A2,63,1,1.2377402782440186,0
3.5_three_charge_pulses,LFP,A2,65,1,2.0838961601257324,0
3.5_three_charge_pulses,LFP,A2,7,2,0.9860995411872864,0
3.5_three_charge_pulses,LFP,A2,9,2,1.080925464630127,0
3.5_three_charge_pulses,LFP,A2,19,2,2.404819965362549,0
3.5_three_charge_pulses,LFP,A2,20,2,1.182824730873108,0
3.5_three_charge_pulses,LFP,A2,26,2,0.9783174395561218,0
3.5_three_charge_pulses,LFP,A2,29,2,1.2157225608825684,0
3.5_three_charge_pulses,LFP,A2,31,2,1.5487048625946045,0
3.5_three_charge_pulses,LFP,A2,44,2,1.8446413278579712,0
3.5_three_charge_pulses,LFP,A2,46,2,2.7873494625091553,0
3.5_three_charge_pulses,LFP,A2,48,2,1.8008102178573608,0
3.5_three_charge_pulses,LFP,A2,56,2,0.8535026907920837,0
3.5_three_charge_pulses,LFP,A2,63,2,1.1533217430114746,0
3.5_three_charge_pulses,LFP,A2,65,2,2.153745412826538,0
3.5_three_charge_pulses,LFP,A2,6,0,1.0254684686660767,1
3.5_three_charge_pulses,LFP,A2,17,0,2.1964733600616455,1
3.5_three_charge_pulses,LFP,A2,22,0,1.0333521366119385,1
3.5_three_charge_pulses,LFP,A2,23,0,1.070600986480713,1
3.5_three_charge_pulses,LFP,A2,27,0,1.0004584789276123,1
3.5_three_charge_pulses,LFP,A2,28,0,1.2159738540649414,1
3.5_three_charge_pulses,LFP,A2,34,0,1.840168833732605,1
3.5_three_charge_pulses,LFP,A2,52,0,1.1022369861602783,1
3.5_three_charge_pulses,LFP,A2,53,0,1.7287925481796265,1
3.5_three_charge_pulses,LFP,A2,57,0,1.993431806564331,1
3.5_three_charge_pulses,LFP,A2,58,0,1.6671273708343506,1
3.5_three_charge_pulses,LFP,A2,60,0,1.246962070465088,1
3.5_three_charge_pulses,LFP,A2,62,0,1.3272393941879272,1
3.5_three_charge_pulses,LFP,A2,6,1,0.9730296730995178,1
3.5_three_charge_pulses,LFP,A2,17,1,2.0722482204437256,1
3.5_three_charge_pulses,LFP,A2,22,1,0.8360294699668884,1
3.5_three_charge_pulses,LFP,A2,23,1,0.8595679402351379,1
3.5_three_charge_pulses,LFP,A2,27,1,0.8898451328277588,1
3.5_three_charge_pulses,LFP,A2,28,1,1.1172404289245605,1
3.5_three_charge_pulses,LFP,A2,34,1,1.7681946754455566,1
3.5_three_charge_pulses,LFP,A2,52,1,0.7618280649185181,1
3.5_three_charge_pulses,LFP,A2,53,1,1.6039353609085083,1
3.5_three_charge_pulses,LFP,A2,57,1,1.8568371534347534,1
3.5_three_charge_pulses,LFP,A2,58,1,1.4791851043701172,1
3.5_three_charge_pulses,LFP,A2,60,1,0.9962857961654663,1
3.5_three_charge_pulses,LFP,A2,62,1,1.153459906578064,1
3.5_three_charge_pulses,LFP,A2,6,2,1.1707814931869507,1
3.5_three_charge_pulses,LFP,A2,17,2,2.189268112182617,1
3.5_three_charge_pulses,LFP,A2,22,2,0.9087311029434204,1
3.5_three_charge_pulses,LFP,A2,23,2,1.0761990547180176,1
3.5_three_charge_pulses,LFP,A2,27,2,1.1674935817718506,1
3.5_three_charge_pulses,LFP,A2,28,2,1.0799179077148438,1
3.5_three_charge_pulses,LFP,A2,34,2,1.852522373199463,1
3.5_three_charge_pulses,LFP,A2,52,2,0.7339738607406616,1
3.5_three_charge_pulses,LFP,A2,53,2,1.8268041610717773,1
3.5_three_charge_pulses,LFP,A2,57,2,2.1318392753601074,1
3.5_three_charge_pulses,LFP,A2,58,2,1.7880964279174805,1
3.5_three_charge_pulses,LFP,A2,60,2,1.2504823207855225,1
3.5_three_charge_pulses,LFP,A2,62,2,1.3509029150009155,1
3.5_three_charge_pulses,LFP,A2,5,0,1.872936725616455,2
3.5_three_charge_pulses,LFP,A2,11,0,1.3050169944763184,2
3.5_three_charge_pulses,LFP,A2,12,0,0.8826441764831543,2
3.5_three_charge_pulses,LFP,A2,18,0,2.3268749713897705,2
3.5_three_charge_pulses,LFP,A2,25,0,1.1210492849349976,2
3.5_three_charge_pulses,LFP,A2,30,0,1.339660882949829,2
3.5_three_charge_pulses,LFP,A2,32,0,1.8644731044769287,2
3.5_three_charge_pulses,LFP,A2,33,0,2.4261488914489746,2
3.5_three_charge_pulses,LFP,A2,36,0,1.3056377172470093,2
3.5_three_charge_pulses,LFP,A2,39,0,1.0564237833023071,2
3.5_three_charge_pulses,LFP,A2,41,0,1.115532398223877,2
3.5_three_charge_pulses,LFP,A2,42,0,1.3849964141845703,2
3.5_three_charge_pulses,LFP,A2,61,0,1.255479097366333,2
3.5_three_charge_pulses,LFP,A2,5,1,1.6577404737472534,2
3.5_three_charge_pulses,LFP,A2,11,1,1.022309422492981,2
3.5_three_charge_pulses,LFP,A2,12,1,0.7216302752494812,2
3.5_three_charge_pulses,LFP,A2,18,1,1.9150891304016113,2
3.5_three_charge_pulses,LFP,A2,25,1,0.9304270148277283,2
3.5_three_charge_pulses,LFP,A2,30,1,1.505052089691162,2
3.5_three_charge_pulses,LFP,A2,32,1,1.6287477016448975,2
3.5_three_charge_pulses,LFP,A2,33,1,2.289956569671631,2
3.5_three_charge_pulses,LFP,A2,36,1,0.9586212635040283,2
3.5_three_charge_pulses,LFP,A2,39,1,0.884343147277832,2
3.5_three_charge_pulses,LFP,A2,41,1,1.0854871273040771,2
3.5_three_charge_pulses,LFP,A2,42,1,1.212838888168335,2
3.5_three_charge_pulses,LFP,A2,61,1,0.9088042378425598,2
3.5_three_charge_pulses,LFP,A2,5,2,2.029881477355957,2
3.5_three_charge_pulses,LFP,A2,11,2,1.2858225107192993,2
3.5_three_charge_pulses,LFP,A2,12,2,0.7928727269172668,2
3.5_three_charge_pulses,LFP,A2,18,2,2.1970090866088867,2
3.5_three_charge_pulses,LFP,A2,25,2,0.9406987428665161,2
3.5_three_charge_pulses,LFP,A2,30,2,1.0923656225204468,2
3.5_three_charge_pulses,LFP,A2,32,2,1.784419298171997,2
3.5_three_charge_pulses,LFP,A2,33,2,2.5336201190948486,2
3.5_three_charge_pulses,LFP,A2,36,2,1.2415661811828613,2
3.5_three_charge_pulses,LFP,A2,39,2,0.8950596451759338,2
3.5_three_charge_pulses,LFP,A2,41,2,0.8486597537994385,2
3.5_three_charge_pulses,LFP,A2,42,2,1.2235866785049438,2
3.5_three_charge_pulses,LFP,A2,61,2,1.1108752489089966,2
3.5_three_charge_pulses,LFP,A2,2,0,1.4500857591629028,3
3.5_three_charge_pulses,LFP,A2,8,0,0.709786593914032,3
3.5_three_charge_pulses,LFP,A2,13,0,1.0200918912887573,3
3.5_three_charge_pulses,LFP,A2,21,0,1.2789297103881836,3
3.5_three_charge_pulses,LFP,A2,24,0,0.8572247624397278,3
3.5_three_charge_pulses,LFP,A2,37,0,1.803680658340454,3
3.5_three_charge_pulses,LFP,A2,40,0,1.0026054382324219,3
3.5_three_charge_pulses,LFP,A2,43,0,1.204525113105774,3
3.5_three_charge_pulses,LFP,A2,49,0,1.4903367757797241,3
3.5_three_charge_pulses,LFP,A2,50,0,1.9399186372756958,3
3.5_three_charge_pulses,LFP,A2,51,0,2.2752509117126465,3
3.5_three_charge_pulses,LFP,A2,54,0,1.0075585842132568,3
3.5_three_charge_pulses,LFP,A2,59,0,1.6868155002593994,3
3.5_three_charge_pulses,LFP,A2,2,1,1.3890942335128784,3
3.5_three_charge_pulses,LFP,A2,8,1,0.5414934754371643,3
3.5_three_charge_pulses,LFP,A2,13,1,0.7403927445411682,3
3.5_three_charge_pulses,LFP,A2,21,1,1.0902022123336792,3
3.5_three_charge_pulses,LFP,A2,24,1,0.7500796914100647,3
3.5_three_charge_pulses,LFP,A2,37,1,1.6396825313568115,3
3.5_three_charge_pulses,LFP,A2,40,1,0.9018871784210205,3
3.5_three_charge_pulses,LFP,A2,43,1,0.9843067526817322,3
3.5_three_charge_pulses,LFP,A2,49,1,1.5744848251342773,3
3.5_three_charge_pulses,LFP,A2,50,1,1.7668055295944214,3
3.5_three_charge_pulses,LFP,A2,51,1,2.1154346466064453,3
3.5_three_charge_pulses,LFP,A2,54,1,0.7831363081932068,3
3.5_three_charge_pulses,LFP,A2,59,1,1.5226867198944092,3
3.5_three_charge_pulses,LFP,A2,2,2,1.7924472093582153,3
3.5_three_charge_pulses,LFP,A2,8,2,0.8530905842781067,3
3.5_three_charge_pulses,LFP,A2,13,2,1.0761101245880127,3
3.5_three_charge_pulses,LFP,A2,21,2,1.1538822650909424,3
3.5_three_charge_pulses,LFP,A2,24,2,0.8326773047447205,3
3.5_three_charge_pulses,LFP,A2,37,2,2.199326276779175,3
3.5_three_charge_pulses,LFP,A2,40,2,0.9631906747817993,3
3.5_three_charge_pulses,LFP,A2,43,2,1.0182814598083496,3
3.5_three_charge_pulses,LFP,A2,49,2,1.4162099361419678,3
3.5_three_charge_pulses,LFP,A2,50,2,2.031209945678711,3
3.5_three_charge_pulses,LFP,A2,51,2,2.321715831756592,3
3.5_three_charge_pulses,LFP,A2,54,2,0.8890705704689026,3
3.5_three_charge_pulses,LFP,A2,59,2,1.7547956705093384,3
3.5_three_charge_pulses,LFP,A2,3,0,3.639645576477051,4
3.5_three_charge_pulses,LFP,A2,4,0,1.215766191482544,4
3.5_three_charge_pulses,LFP,A2,10,0,1.4925674200057983,4
3.5_three_charge_pulses,LFP,A2,14,0,2.427114248275757,4
3.5_three_charge_pulses,LFP,A2,15,0,2.8776659965515137,4
3.5_three_charge_pulses,LFP,A2,16,0,2.5565669536590576,4
3.5_three_charge_pulses,LFP,A2,35,0,1.7227705717086792,4
3.5_three_charge_pulses,LFP,A2,38,0,1.0941826105117798,4
3.5_three_charge_pulses,LFP,A2,45,0,1.7822177410125732,4
3.5_three_charge_pulses,LFP,A2,47,0,1.497077465057373,4
3.5_three_charge_pulses,LFP,A2,55,0,2.1642870903015137,4
3.5_three_charge_pulses,LFP,A2,64,0,0.9764169454574585,4
3.5_three_charge_pulses,LFP,A2,3,1,4.216726303100586,4
3.5_three_charge_pulses,LFP,A2,4,1,1.4007278680801392,4
3.5_three_charge_pulses,LFP,A2,10,1,1.5920851230621338,4
3.5_three_charge_pulses,LFP,A2,14,1,2.548621416091919,4
3.5_three_charge_pulses,LFP,A2,15,1,3.0075480937957764,4
3.5_three_charge_pulses,LFP,A2,16,1,2.6246588230133057,4
3.5_three_charge_pulses,LFP,A2,35,1,2.028578281402588,4
3.5_three_charge_pulses,LFP,A2,38,1,1.0087321996688843,4
3.5_three_charge_pulses,LFP,A2,45,1,1.542664885520935,4
3.5_three_charge_pulses,LFP,A2,47,1,1.4070067405700684,4
3.5_three_charge_pulses,LFP,A2,55,1,2.113316535949707,4
3.5_three_charge_pulses,LFP,A2,64,1,0.9661784768104553,4
3.5_three_charge_pulses,LFP,A2,3,2,3.0505363941192627,4
3.5_three_charge_pulses,LFP,A2,4,2,1.5168973207473755,4
3.5_three_charge_pulses,LFP,A2,10,2,1.7162569761276245,4
3.5_three_charge_pulses,LFP,A2,14,2,2.6595211029052734,4
3.5_three_charge_pulses,LFP,A2,15,2,3.093242645263672,4
3.5_three_charge_pulses,LFP,A2,16,2,2.6434953212738037,4
3.5_three_charge_pulses,LFP,A2,35,2,1.9986884593963623,4
3.5_three_charge_pulses,LFP,A2,38,2,0.7609723210334778,4
3.5_three_charge_pulses,LFP,A2,45,2,1.3616948127746582,4
3.5_three_charge_pulses,LFP,A2,47,2,1.187940239906311,4
3.5_three_charge_pulses,LFP,A2,55,2,1.4003640413284302,4
3.5_three_charge_pulses,LFP,A2,64,2,0.8792119026184082,4
3.5_three_discharge_pulses,LFP,A2,7,0,1.22317636013031,0
3.5_three_discharge_pulses,LFP,A2,9,0,1.0075132846832275,0
3.5_three_discharge_pulses,LFP,A2,19,0,2.3428966999053955,0
3.5_three_discharge_pulses,LFP,A2,20,0,1.3756433725357056,0
3.5_three_discharge_pulses,LFP,A2,26,0,1.073248267173767,0
3.5_three_discharge_pulses,LFP,A2,29,0,1.3011057376861572,0
3.5_three_discharge_pulses,LFP,A2,31,0,1.3454384803771973,0
3.5_three_discharge_pulses,LFP,A2,44,0,1.766143560409546,0
3.5_three_discharge_pulses,LFP,A2,46,0,2.9091548919677734,0
3.5_three_discharge_pulses,LFP,A2,48,0,2.013760805130005,0
3.5_three_discharge_pulses,LFP,A2,56,0,0.8516613841056824,0
3.5_three_discharge_pulses,LFP,A2,63,0,1.2304317951202393,0
3.5_three_discharge_pulses,LFP,A2,65,0,1.7930883169174194,0
3.5_three_discharge_pulses,LFP,A2,7,1,1.2356631755828857,0
3.5_three_discharge_pulses,LFP,A2,9,1,0.9674081206321716,0
3.5_three_discharge_pulses,LFP,A2,19,1,2.6589763164520264,0
3.5_three_discharge_pulses,LFP,A2,20,1,1.0544378757476807,0
3.5_three_discharge_pulses,LFP,A2,26,1,0.869063675403595,0
3.5_three_discharge_pulses,LFP,A2,29,1,1.1194403171539307,0
3.5_three_discharge_pulses,LFP,A2,31,1,1.3196748495101929,0
3.5_three_discharge_pulses,LFP,A2,44,1,1.548972725868225,0
3.5_three_discharge_pulses,LFP,A2,46,1,2.39922833442688,0
3.5_three_discharge_pulses,LFP,A2,48,1,1.8101190328598022,0
3.5_three_discharge_pulses,LFP,A2,56,1,0.6830869913101196,0
3.5_three_discharge_pulses,LFP,A2,63,1,0.9786370992660522,0
3.5_three_discharge_pulses,LFP,A2,65,1,1.7261898517608643,0
3.5_three_discharge_pulses,LFP,A2,7,2,1.3256149291992188,0
3.5_three_discharge_pulses,LFP,A2,9,2,0.772824764251709,0
3.5_three_discharge_pulses,LFP,A2,19,2,2.6020748615264893,0
3.5_three_discharge_pulses,LFP,A2,20,2,1.1756898164749146,0
3.5_three_discharge_pulses,LFP,A2,26,2,0.980199933052063,0
3.5_three_discharge_pulses,LFP,A2,29,2,1.1781858205795288,0
3.5_three_discharge_pulses,LFP,A2,31,2,1.3539516925811768,0
3.5_three_discharge_pulses,LFP,A2,44,2,1.6209830045700073,0
3.5_three_discharge_pulses,LFP,A2,46,2,2.6553614139556885,0
3.5_three_discharge_pulses,LFP,A2,48,2,1.836742877960205,0
3.5_three_discharge_pulses,LFP,A2,56,2,0.7990073561668396,0
3.5_three_discharge_pulses,LFP,A2,63,2,1.0510956048965454,0
3.5_three_discharge_pulses,LFP,A2,65,2,1.7413818836212158,0
3.5_three_discharge_pulses,LFP,A2,6,0,1.0568642616271973,1
3.5_three_discharge_pulses,LFP,A2,17,0,2.3193953037261963,1
3.5_three_discharge_pulses,LFP,A2,22,0,1.1399441957473755,1
3.5_three_discharge_pulses,LFP,A2,23,0,1.1555863618850708,1
3.5_three_discharge_pulses,LFP,A2,27,0,0.8623998761177063,1
3.5_three_discharge_pulses,LFP,A2,28,0,1.3105109930038452,1
3.5_three_discharge_pulses,LFP,A2,34,0,1.7186472415924072,1
3.5_three_discharge_pulses,LFP,A2,52,0,1.07179856300354,1
3.5_three_discharge_pulses,LFP,A2,53,0,1.6671292781829834,1
3.5_three_discharge_pulses,LFP,A2,57,0,1.9959150552749634,1
3.5_three_discharge_pulses,LFP,A2,58,0,1.677105188369751,1
3.5_three_discharge_pulses,LFP,A2,60,0,1.105812907218933,1
3.5_three_discharge_pulses,LFP,A2,62,0,1.372658371925354,1
3.5_three_discharge_pulses,LFP,A2,6,1,1.0601630210876465,1
3.5_three_discharge_pulses,LFP,A2,17,1,2.342449188232422,1
3.5_three_discharge_pulses,LFP,A2,22,1,1.1257411241531372,1
3.5_three_discharge_pulses,LFP,A2,23,1,1.1118816137313843,1
3.5_three_discharge_pulses,LFP,A2,27,1,0.8230234384536743,1
3.5_three_discharge_pulses,LFP,A2,28,1,1.2447569370269775,1
3.5_three_discharge_pulses,LFP,A2,34,1,1.7208642959594727,1
3.5_three_discharge_pulses,LFP,A2,52,1,0.7804402112960815,1
3.5_three_discharge_pulses,LFP,A2,53,1,1.503983974456787,1
3.5_three_discharge_pulses,LFP,A2,57,1,1.9432032108306885,1
3.5_three_discharge_pulses,LFP,A2,58,1,1.607905387878418,1
3.5_three_discharge_pulses,LFP,A2,60,1,0.9508010745048523,1
3.5_three_discharge_pulses,LFP,A2,62,1,1.2318695783615112,1
3.5_three_discharge_pulses,LFP,A2,6,2,1.1860015392303467,1
3.5_three_discharge_pulses,LFP,A2,17,2,2.35115122795105,1
3.5_three_discharge_pulses,LFP,A2,22,2,1.1465632915496826,1
3.5_three_discharge_pulses,LFP,A2,23,2,1.2028067111968994,1
3.5_three_discharge_pulses,LFP,A2,27,2,1.082444190979004,1
3.5_three_discharge_pulses,LFP,A2,28,2,1.2645281553268433,1
3.5_three_discharge_pulses,LFP,A2,34,2,1.966619610786438,1
3.5_three_discharge_pulses,LFP,A2,52,2,0.8737035989761353,1
3.5_three_discharge_pulses,LFP,A2,53,2,1.799198031425476,1
3.5_three_discharge_pulses,LFP,A2,57,2,2.143731117248535,1
3.5_three_discharge_pulses,LFP,A2,58,2,1.824839472770691,1
3.5_three_discharge_pulses,LFP,A2,60,2,1.1016607284545898,1
3.5_three_discharge_pulses,LFP,A2,62,2,1.357120394706726,1
3.5_three_discharge_pulses,LFP,A2,5,0,1.6639522314071655,2
3.5_three_discharge_pulses,LFP,A2,11,0,1.3261772394180298,2
3.5_three_discharge_pulses,LFP,A2,12,0,0.7353625297546387,2
3.5_three_discharge_pulses,LFP,A2,18,0,2.1250052452087402,2
3.5_three_discharge_pulses,LFP,A2,25,0,1.2464768886566162,2
3.5_three_discharge_pulses,LFP,A2,30,0,1.3682825565338135,2
3.5_three_discharge_pulses,LFP,A2,32,0,1.921808123588562,2
3.5_three_discharge_pulses,LFP,A2,33,0,2.725238800048828,2
3.5_three_discharge_pulses,LFP,A2,36,0,1.166479468345642,2
3.5_three_discharge_pulses,LFP,A2,39,0,1.33832848072052,2
3.5_three_discharge_pulses,LFP,A2,41,0,1.3034172058105469,2
3.5_three_discharge_pulses,LFP,A2,42,0,1.4004886150360107,2
3.5_three_discharge_pulses,LFP,A2,61,0,1.1816296577453613,2
3.5_three_discharge_pulses,LFP,A2,5,1,1.65177321434021,2
3.5_three_discharge_pulses,LFP,A2,11,1,1.1532306671142578,2
3.5_three_discharge_pulses,LFP,A2,12,1,0.6003444790840149,2
3.5_three_discharge_pulses,LFP,A2,18,1,1.9636770486831665,2
3.5_three_discharge_pulses,LFP,A2,25,1,1.0158478021621704,2
3.5_three_discharge_pulses,LFP,A2,30,1,1.5458033084869385,2
3.5_three_discharge_pulses,LFP,A2,32,1,1.6921379566192627,2
3.5_three_discharge_pulses,LFP,A2,33,1,2.539425849914551,2
3.5_three_discharge_pulses,LFP,A2,36,1,1.1136049032211304,2
3.5_three_discharge_pulses,LFP,A2,39,1,1.0387043952941895,2
3.5_three_discharge_pulses,LFP,A2,41,1,1.0340927839279175,2
3.5_three_discharge_pulses,LFP,A2,42,1,1.183471918106079,2
3.5_three_discharge_pulses,LFP,A2,61,1,0.8669483661651611,2
3.5_three_discharge_pulses,LFP,A2,5,2,1.921467661857605,2
3.5_three_discharge_pulses,LFP,A2,11,2,1.4432743787765503,2
3.5_three_discharge_pulses,LFP,A2,12,2,0.6678984761238098,2
3.5_three_discharge_pulses,LFP,A2,18,2,2.3193650245666504,2
3.5_three_discharge_pulses,LFP,A2,25,2,0.9507476687431335,2
3.5_three_discharge_pulses,LFP,A2,30,2,1.3353512287139893,2
3.5_three_discharge_pulses,LFP,A2,32,2,2.101163625717163,2
3.5_three_discharge_pulses,LFP,A2,33,2,2.871839761734009,2
3.5_three_discharge_pulses,LFP,A2,36,2,1.4851268529891968,2
3.5_three_discharge_pulses,LFP,A2,39,2,0.9025304913520813,2
3.5_three_discharge_pulses,LFP,A2,41,2,0.8896722793579102,2
3.5_three_discharge_pulses,LFP,A2,42,2,1.295778512954712,2
3.5_three_discharge_pulses,LFP,A2,61,2,1.0540871620178223,2
3.5_three_discharge_pulses,LFP,A2,2,0,1.5053542852401733,3
3.5_three_discharge_pulses,LFP,A2,8,0,0.797333300113678,3
3.5_three_discharge_pulses,LFP,A2,13,0,0.9266493916511536,3
3.5_three_discharge_pulses,LFP,A2,21,0,1.2103022336959839,3
3.5_three_discharge_pulses,LFP,A2,24,0,0.9646342992782593,3
3.5_three_discharge_pulses,LFP,A2,37,0,1.803694486618042,3
3.5_three_discharge_pulses,LFP,A2,40,0,1.19774329662323,3
3.5_three_discharge_pulses,LFP,A2,43,0,1.2260184288024902,3
3.5_three_discharge_pulses,LFP,A2,49,0,1.7611480951309204,3
3.5_three_discharge_pulses,LFP,A2,50,0,1.49760901927948,3
3.5_three_discharge_pulses,LFP,A2,51,0,2.163764476776123,3
3.5_three_discharge_pulses,LFP,A2,54,0,1.1632907390594482,3
3.5_three_discharge_pulses,LFP,A2,59,0,1.634872317314148,3
3.5_three_discharge_pulses,LFP,A2,2,1,1.521628975868225,3
3.5_three_discharge_pulses,LFP,A2,8,1,0.7464419603347778,3
3.5_three_discharge_pulses,LFP,A2,13,1,0.9047520756721497,3
3.5_three_discharge_pulses,LFP,A2,21,1,1.234732747077942,3
3.5_three_discharge_pulses,LFP,A2,24,1,1.044268012046814,3
3.5_three_discharge_pulses,LFP,A2,37,1,1.6718133687973022,3
3.5_three_discharge_pulses,LFP,A2,40,1,1.1398619413375854,3
3.5_three_discharge_pulses,LFP,A2,43,1,1.1886241436004639,3
3.5_three_discharge_pulses,LFP,A2,49,1,1.6476107835769653,3
3.5_three_discharge_pulses,LFP,A2,50,1,1.639058232307434,3
3.5_three_discharge_pulses,LFP,A2,51,1,2.156055450439453,3
3.5_three_discharge_pulses,LFP,A2,54,1,1.1622971296310425,3
3.5_three_discharge_pulses,LFP,A2,59,1,1.5783828496932983,3
3.5_three_discharge_pulses,LFP,A2,2,2,1.7498815059661865,3
3.5_three_discharge_pulses,LFP,A2,8,2,0.7452826499938965,3
3.5_three_discharge_pulses,LFP,A2,13,2,1.0502042770385742,3
3.5_three_discharge_pulses,LFP,A2,21,2,1.108705759048462,3
3.5_three_discharge_pulses,LFP,A2,24,2,0.7541710734367371,3
3.5_three_discharge_pulses,LFP,A2,37,2,2.0496034622192383,3
3.5_three_discharge_pulses,LFP,A2,40,2,0.9433754086494446,3
3.5_three_discharge_pulses,LFP,A2,43,2,1.0226813554763794,3
3.5_three_discharge_pulses,LFP,A2,49,2,1.434417486190796,3
3.5_three_discharge_pulses,LFP,A2,50,2,1.680071473121643,3
3.5_three_discharge_pulses,LFP,A2,51,2,2.0282344818115234,3
3.5_three_discharge_pulses,LFP,A2,54,2,0.9550983905792236,3
3.5_three_discharge_pulses,LFP,A2,59,2,1.5842413902282715,3
3.5_three_discharge_pulses,LFP,A2,3,0,3.9046790599823,4
3.5_three_discharge_pulses,LFP,A2,4,0,1.375617265701294,4
3.5_three_discharge_pulses,LFP,A2,10,0,1.537969946861267,4
3.5_three_discharge_pulses,LFP,A2,14,0,2.5876877307891846,4
3.5_three_discharge_pulses,LFP,A2,15,0,3.033529043197632,4
3.5_three_discharge_pulses,LFP,A2,16,0,2.5968756675720215,4
3.5_three_discharge_pulses,LFP,A2,35,0,2.110809087753296,4
3.5_three_discharge_pulses,LFP,A2,38,0,1.1012177467346191,4
3.5_three_discharge_pulses,LFP,A2,45,0,1.6028579473495483,4
3.5_three_discharge_pulses,LFP,A2,47,0,1.4299347400665283,4
3.5_three_discharge_pulses,LFP,A2,55,0,2.3594248294830322,4
3.5_three_discharge_pulses,LFP,A2,64,0,1.0474629402160645,4
3.5_three_discharge_pulses,LFP,A2,3,1,4.156649112701416,4
3.5_three_discharge_pulses,LFP,A2,4,1,1.6395294666290283,4
3.5_three_discharge_pulses,LFP,A2,10,1,1.800987958908081,4
3.5_three_discharge_pulses,LFP,A2,14,1,2.687588691711426,4
3.5_three_discharge_pulses,LFP,A2,15,1,3.1208481788635254,4
3.5_three_discharge_pulses,LFP,A2,16,1,2.5371735095977783,4
3.5_three_discharge_pulses,LFP,A2,35,1,2.284749984741211,4
3.5_three_discharge_pulses,LFP,A2,38,1,0.928796112537384,4
3.5_three_discharge_pulses,LFP,A2,45,1,1.4287582635879517,4
3.5_three_discharge_pulses,LFP,A2,47,1,1.2161002159118652,4
3.5_three_discharge_pulses,LFP,A2,55,1,2.083319664001465,4
3.5_three_discharge_pulses,LFP,A2,64,1,0.9781560301780701,4
3.5_three_discharge_pulses,LFP,A2,3,2,2.9464187622070312,4
3.5_three_discharge_pulses,LFP,A2,4,2,1.558481216430664,4
3.5_three_discharge_pulses,LFP,A2,10,2,1.8301163911819458,4
3.5_three_discharge_pulses,LFP,A2,14,2,2.5166966915130615,4
3.5_three_discharge_pulses,LFP,A2,15,2,3.1309361457824707,4
3.5_three_discharge_pulses,LFP,A2,16,2,2.6461057662963867,4
3.5_three_discharge_pulses,LFP,A2,35,2,2.3505008220672607,4
3.5_three_discharge_pulses,LFP,A2,38,2,0.8476285338401794,4
3.5_three_discharge_pulses,LFP,A2,45,2,1.3192908763885498,4
3.5_three_discharge_pulses,LFP,A2,47,2,1.1544851064682007,4
3.5_three_discharge_pulses,LFP,A2,55,2,1.3537328243255615,4
3.5_three_discharge_pulses,LFP,A2,64,2,1.073888897895813,4
4_encoder_matrix,NMC,cnn__current_mlp,5,0,1.340451955795288,0
4_encoder_matrix,NMC,cnn__current_mlp,8,0,5.131060600280762,0
4_encoder_matrix,NMC,cnn__current_mlp,21,0,2.6968915462493896,0
4_encoder_matrix,NMC,cnn__current_mlp,24,0,1.2173892259597778,0
4_encoder_matrix,NMC,cnn__current_mlp,26,0,1.8187021017074585,0
4_encoder_matrix,NMC,cnn__current_mlp,29,0,2.1715073585510254,0
4_encoder_matrix,NMC,cnn__current_mlp,41,0,2.212284803390503,0
4_encoder_matrix,NMC,cnn__current_mlp,42,0,3.820805788040161,0
4_encoder_matrix,NMC,cnn__current_mlp,44,0,2.1560428142547607,0
4_encoder_matrix,NMC,cnn__current_mlp,5,1,1.117605209350586,0
4_encoder_matrix,NMC,cnn__current_mlp,8,1,4.399263381958008,0
4_encoder_matrix,NMC,cnn__current_mlp,21,1,2.043104887008667,0
4_encoder_matrix,NMC,cnn__current_mlp,24,1,1.0718028545379639,0
4_encoder_matrix,NMC,cnn__current_mlp,26,1,1.5817060470581055,0
4_encoder_matrix,NMC,cnn__current_mlp,29,1,1.8803249597549438,0
4_encoder_matrix,NMC,cnn__current_mlp,41,1,2.2061855792999268,0
4_encoder_matrix,NMC,cnn__current_mlp,42,1,3.1170902252197266,0
4_encoder_matrix,NMC,cnn__current_mlp,44,1,1.7322629690170288,0
4_encoder_matrix,NMC,cnn__current_mlp,5,2,1.0240764617919922,0
4_encoder_matrix,NMC,cnn__current_mlp,8,2,4.299277305603027,0
4_encoder_matrix,NMC,cnn__current_mlp,21,2,2.027766704559326,0
4_encoder_matrix,NMC,cnn__current_mlp,24,2,0.9780959486961365,0
4_encoder_matrix,NMC,cnn__current_mlp,26,2,1.2766577005386353,0
4_encoder_matrix,NMC,cnn__current_mlp,29,2,1.6665984392166138,0
4_encoder_matrix,NMC,cnn__current_mlp,41,2,2.029686212539673,0
4_encoder_matrix,NMC,cnn__current_mlp,42,2,2.9271128177642822,0
4_encoder_matrix,NMC,cnn__current_mlp,44,2,1.5415844917297363,0
4_encoder_matrix,NMC,cnn__current_mlp,6,0,3.0551910400390625,1
4_encoder_matrix,NMC,cnn__current_mlp,17,0,1.9329231977462769,1
4_encoder_matrix,NMC,cnn__current_mlp,19,0,1.2524198293685913,1
4_encoder_matrix,NMC,cnn__current_mlp,25,0,2.1483728885650635,1
4_encoder_matrix,NMC,cnn__current_mlp,28,0,1.7627159357070923,1
4_encoder_matrix,NMC,cnn__current_mlp,30,0,1.6661415100097656,1
4_encoder_matrix,NMC,cnn__current_mlp,32,0,2.156853199005127,1
4_encoder_matrix,NMC,cnn__current_mlp,35,0,4.758630275726318,1
4_encoder_matrix,NMC,cnn__current_mlp,36,0,4.072480201721191,1
4_encoder_matrix,NMC,cnn__current_mlp,6,1,2.8656351566314697,1
4_encoder_matrix,NMC,cnn__current_mlp,17,1,2.084993839263916,1
4_encoder_matrix,NMC,cnn__current_mlp,19,1,1.6070371866226196,1
4_encoder_matrix,NMC,cnn__current_mlp,25,1,1.4853291511535645,1
4_encoder_matrix,NMC,cnn__current_mlp,28,1,1.6894423961639404,1
4_encoder_matrix,NMC,cnn__current_mlp,30,1,2.10589599609375,1
4_encoder_matrix,NMC,cnn__current_mlp,32,1,1.9206870794296265,1
4_encoder_matrix,NMC,cnn__current_mlp,35,1,4.109628200531006,1
4_encoder_matrix,NMC,cnn__current_mlp,36,1,3.5497539043426514,1
4_encoder_matrix,NMC,cnn__current_mlp,6,2,2.507373809814453,1
4_encoder_matrix,NMC,cnn__current_mlp,17,2,1.6607011556625366,1
4_encoder_matrix,NMC,cnn__current_mlp,19,2,1.662326693534851,1
4_encoder_matrix,NMC,cnn__current_mlp,25,2,1.5728671550750732,1
4_encoder_matrix,NMC,cnn__current_mlp,28,2,1.6513519287109375,1
4_encoder_matrix,NMC,cnn__current_mlp,30,2,2.0639731884002686,1
4_encoder_matrix,NMC,cnn__current_mlp,32,2,2.2551562786102295,1
4_encoder_matrix,NMC,cnn__current_mlp,35,2,5.0189104080200195,1
4_encoder_matrix,NMC,cnn__current_mlp,36,2,4.278585433959961,1
4_encoder_matrix,NMC,cnn__current_mlp,4,0,2.148705244064331,2
4_encoder_matrix,NMC,cnn__current_mlp,7,0,2.253143787384033,2
4_encoder_matrix,NMC,cnn__current_mlp,11,0,1.3293359279632568,2
4_encoder_matrix,NMC,cnn__current_mlp,18,0,1.404937744140625,2
4_encoder_matrix,NMC,cnn__current_mlp,22,0,1.6255847215652466,2
4_encoder_matrix,NMC,cnn__current_mlp,27,0,2.290292501449585,2
4_encoder_matrix,NMC,cnn__current_mlp,33,0,4.175766468048096,2
4_encoder_matrix,NMC,cnn__current_mlp,38,0,1.8825963735580444,2
4_encoder_matrix,NMC,cnn__current_mlp,39,0,2.0718350410461426,2
4_encoder_matrix,NMC,cnn__current_mlp,4,1,2.106074571609497,2
4_encoder_matrix,NMC,cnn__current_mlp,7,1,2.6339595317840576,2
4_encoder_matrix,NMC,cnn__current_mlp,11,1,1.2967190742492676,2
4_encoder_matrix,NMC,cnn__current_mlp,18,1,1.2300888299942017,2
4_encoder_matrix,NMC,cnn__current_mlp,22,1,1.5734689235687256,2
4_encoder_matrix,NMC,cnn__current_mlp,27,1,1.9597469568252563,2
4_encoder_matrix,NMC,cnn__current_mlp,33,1,3.388256788253784,2
4_encoder_matrix,NMC,cnn__current_mlp,38,1,1.8680968284606934,2
4_encoder_matrix,NMC,cnn__current_mlp,39,1,1.5098650455474854,2
4_encoder_matrix,NMC,cnn__current_mlp,4,2,1.8540539741516113,2
4_encoder_matrix,NMC,cnn__current_mlp,7,2,1.7402433156967163,2
4_encoder_matrix,NMC,cnn__current_mlp,11,2,0.9453399777412415,2
4_encoder_matrix,NMC,cnn__current_mlp,18,2,1.110185980796814,2
4_encoder_matrix,NMC,cnn__current_mlp,22,2,1.3758513927459717,2
4_encoder_matrix,NMC,cnn__current_mlp,27,2,1.53791344165802,2
4_encoder_matrix,NMC,cnn__current_mlp,33,2,3.83687424659729,2
4_encoder_matrix,NMC,cnn__current_mlp,38,2,1.390832543373108,2
4_encoder_matrix,NMC,cnn__current_mlp,39,2,1.6995604038238525,2
4_encoder_matrix,NMC,cnn__current_mlp,1,0,1.8983513116836548,3
4_encoder_matrix,NMC,cnn__current_mlp,10,0,1.0218685865402222,3
4_encoder_matrix,NMC,cnn__current_mlp,12,0,1.0060484409332275,3
4_encoder_matrix,NMC,cnn__current_mlp,13,0,1.7133872509002686,3
4_encoder_matrix,NMC,cnn__current_mlp,16,0,2.1095261573791504,3
4_encoder_matrix,NMC,cnn__current_mlp,20,0,1.5368499755859375,3
4_encoder_matrix,NMC,cnn__current_mlp,23,0,1.4982166290283203,3
4_encoder_matrix,NMC,cnn__current_mlp,31,0,1.4909002780914307,3
4_encoder_matrix,NMC,cnn__current_mlp,40,0,1.7740240097045898,3
4_encoder_matrix,NMC,cnn__current_mlp,1,1,2.690357208251953,3
4_encoder_matrix,NMC,cnn__current_mlp,10,1,1.1934605836868286,3
4_encoder_matrix,NMC,cnn__current_mlp,12,1,1.0187019109725952,3
4_encoder_matrix,NMC,cnn__current_mlp,13,1,1.8502238988876343,3
4_encoder_matrix,NMC,cnn__current_mlp,16,1,2.144012689590454,3
4_encoder_matrix,NMC,cnn__current_mlp,20,1,1.6228259801864624,3
4_encoder_matrix,NMC,cnn__current_mlp,23,1,1.45491623878479,3
4_encoder_matrix,NMC,cnn__current_mlp,31,1,1.342180848121643,3
4_encoder_matrix,NMC,cnn__current_mlp,40,1,1.8782724142074585,3
4_encoder_matrix,NMC,cnn__current_mlp,1,2,2.2045633792877197,3
4_encoder_matrix,NMC,cnn__current_mlp,10,2,1.0397614240646362,3
4_encoder_matrix,NMC,cnn__current_mlp,12,2,1.0472513437271118,3
4_encoder_matrix,NMC,cnn__current_mlp,13,2,1.6698249578475952,3
4_encoder_matrix,NMC,cnn__current_mlp,16,2,2.0580148696899414,3
4_encoder_matrix,NMC,cnn__current_mlp,20,2,1.4932185411453247,3
4_encoder_matrix,NMC,cnn__current_mlp,23,2,1.475733995437622,3
4_encoder_matrix,NMC,cnn__current_mlp,31,2,1.3041383028030396,3
4_encoder_matrix,NMC,cnn__current_mlp,40,2,1.764962911605835,3
4_encoder_matrix,NMC,cnn__current_mlp,2,0,1.2511590719223022,4
4_encoder_matrix,NMC,cnn__current_mlp,3,0,1.2954435348510742,4
4_encoder_matrix,NMC,cnn__current_mlp,9,0,1.011125922203064,4
4_encoder_matrix,NMC,cnn__current_mlp,14,0,2.5468695163726807,4
4_encoder_matrix,NMC,cnn__current_mlp,15,0,2.1824393272399902,4
4_encoder_matrix,NMC,cnn__current_mlp,34,0,3.4167425632476807,4
4_encoder_matrix,NMC,cnn__current_mlp,37,0,1.979759931564331,4
4_encoder_matrix,NMC,cnn__current_mlp,43,0,2.3509573936462402,4
4_encoder_matrix,NMC,cnn__current_mlp,2,1,1.019909143447876,4
4_encoder_matrix,NMC,cnn__current_mlp,3,1,1.1831191778182983,4
4_encoder_matrix,NMC,cnn__current_mlp,9,1,1.2580006122589111,4
4_encoder_matrix,NMC,cnn__current_mlp,14,1,2.387371063232422,4
4_encoder_matrix,NMC,cnn__current_mlp,15,1,1.978203296661377,4
4_encoder_matrix,NMC,cnn__current_mlp,34,1,3.0172932147979736,4
4_encoder_matrix,NMC,cnn__current_mlp,37,1,1.9530212879180908,4
4_encoder_matrix,NMC,cnn__current_mlp,43,1,2.101802110671997,4
4_encoder_matrix,NMC,cnn__current_mlp,2,2,1.2444653511047363,4
4_encoder_matrix,NMC,cnn__current_mlp,3,2,1.504059076309204,4
4_encoder_matrix,NMC,cnn__current_mlp,9,2,1.0303317308425903,4
4_encoder_matrix,NMC,cnn__current_mlp,14,2,2.607438802719116,4
4_encoder_matrix,NMC,cnn__current_mlp,15,2,2.056813955307007,4
4_encoder_matrix,NMC,cnn__current_mlp,34,2,2.976048469543457,4
4_encoder_matrix,NMC,cnn__current_mlp,37,2,1.7956151962280273,4
4_encoder_matrix,NMC,cnn__current_mlp,43,2,2.5841526985168457,4
4_encoder_matrix,NMC,cnn__rtdl_resnet,5,0,1.1147505044937134,0
4_encoder_matrix,NMC,cnn__rtdl_resnet,8,0,4.420730113983154,0
4_encoder_matrix,NMC,cnn__rtdl_resnet,21,0,2.1351125240325928,0
4_encoder_matrix,NMC,cnn__rtdl_resnet,24,0,1.1701875925064087,0
4_encoder_matrix,NMC,cnn__rtdl_resnet,26,0,1.6623553037643433,0
4_encoder_matrix,NMC,cnn__rtdl_resnet,29,0,1.5541942119598389,0
4_encoder_matrix,NMC,cnn__rtdl_resnet,41,0,2.386370897293091,0
4_encoder_matrix,NMC,cnn__rtdl_resnet,42,0,3.33459734916687,0
4_encoder_matrix,NMC,cnn__rtdl_resnet,44,0,1.8931583166122437,0
4_encoder_matrix,NMC,cnn__rtdl_resnet,5,1,1.474522352218628,0
4_encoder_matrix,NMC,cnn__rtdl_resnet,8,1,4.834615707397461,0
4_encoder_matrix,NMC,cnn__rtdl_resnet,21,1,2.468599796295166,0
4_encoder_matrix,NMC,cnn__rtdl_resnet,24,1,1.3264200687408447,0
4_encoder_matrix,NMC,cnn__rtdl_resnet,26,1,2.3119215965270996,0
4_encoder_matrix,NMC,cnn__rtdl_resnet,29,1,2.1711275577545166,0
4_encoder_matrix,NMC,cnn__rtdl_resnet,41,1,2.5696818828582764,0
4_encoder_matrix,NMC,cnn__rtdl_resnet,42,1,3.591045618057251,0
4_encoder_matrix,NMC,cnn__rtdl_resnet,44,1,2.244170904159546,0
4_encoder_matrix,NMC,cnn__rtdl_resnet,5,2,1.0078130960464478,0
4_encoder_matrix,NMC,cnn__rtdl_resnet,8,2,3.544848680496216,0
4_encoder_matrix,NMC,cnn__rtdl_resnet,21,2,1.4703458547592163,0
4_encoder_matrix,NMC,cnn__rtdl_resnet,24,2,1.3340610265731812,0
4_encoder_matrix,NMC,cnn__rtdl_resnet,26,2,1.7117406129837036,0
4_encoder_matrix,NMC,cnn__rtdl_resnet,29,2,1.5290751457214355,0
4_encoder_matrix,NMC,cnn__rtdl_resnet,41,2,1.997166395187378,0
4_encoder_matrix,NMC,cnn__rtdl_resnet,42,2,2.4474382400512695,0
4_encoder_matrix,NMC,cnn__rtdl_resnet,44,2,1.352373719215393,0
4_encoder_matrix,NMC,cnn__rtdl_resnet,6,0,3.0279054641723633,1
4_encoder_matrix,NMC,cnn__rtdl_resnet,17,0,1.4673612117767334,1
4_encoder_matrix,NMC,cnn__rtdl_resnet,19,0,1.3299769163131714,1
4_encoder_matrix,NMC,cnn__rtdl_resnet,25,0,1.8821113109588623,1
4_encoder_matrix,NMC,cnn__rtdl_resnet,28,0,1.9855899810791016,1
4_encoder_matrix,NMC,cnn__rtdl_resnet,30,0,1.7430477142333984,1
4_encoder_matrix,NMC,cnn__rtdl_resnet,32,0,2.1989645957946777,1
4_encoder_matrix,NMC,cnn__rtdl_resnet,35,0,5.395097255706787,1
4_encoder_matrix,NMC,cnn__rtdl_resnet,36,0,4.4624552726745605,1
4_encoder_matrix,NMC,cnn__rtdl_resnet,6,1,3.427826166152954,1
4_encoder_matrix,NMC,cnn__rtdl_resnet,17,1,1.9933314323425293,1
4_encoder_matrix,NMC,cnn__rtdl_resnet,19,1,1.6288684606552124,1
4_encoder_matrix,NMC,cnn__rtdl_resnet,25,1,1.8583141565322876,1
4_encoder_matrix,NMC,cnn__rtdl_resnet,28,1,2.005434274673462,1
4_encoder_matrix,NMC,cnn__rtdl_resnet,30,1,2.0388214588165283,1
4_encoder_matrix,NMC,cnn__rtdl_resnet,32,1,2.220067024230957,1
4_encoder_matrix,NMC,cnn__rtdl_resnet,35,1,5.054802417755127,1
4_encoder_matrix,NMC,cnn__rtdl_resnet,36,1,4.305996417999268,1
4_encoder_matrix,NMC,cnn__rtdl_resnet,6,2,2.7008726596832275,1
4_encoder_matrix,NMC,cnn__rtdl_resnet,17,2,1.3643544912338257,1
4_encoder_matrix,NMC,cnn__rtdl_resnet,19,2,1.373064398765564,1
4_encoder_matrix,NMC,cnn__rtdl_resnet,25,2,2.2035105228424072,1
4_encoder_matrix,NMC,cnn__rtdl_resnet,28,2,1.582328200340271,1
4_encoder_matrix,NMC,cnn__rtdl_resnet,30,2,1.4848250150680542,1
4_encoder_matrix,NMC,cnn__rtdl_resnet,32,2,2.245333671569824,1
4_encoder_matrix,NMC,cnn__rtdl_resnet,35,2,4.784817218780518,1
4_encoder_matrix,NMC,cnn__rtdl_resnet,36,2,3.940187692642212,1
4_encoder_matrix,NMC,cnn__rtdl_resnet,4,0,1.979783535003662,2
4_encoder_matrix,NMC,cnn__rtdl_resnet,7,0,2.0125210285186768,2
4_encoder_matrix,NMC,cnn__rtdl_resnet,11,0,1.2027263641357422,2
4_encoder_matrix,NMC,cnn__rtdl_resnet,18,0,1.1390650272369385,2
4_encoder_matrix,NMC,cnn__rtdl_resnet,22,0,1.5220683813095093,2
4_encoder_matrix,NMC,cnn__rtdl_resnet,27,0,2.071871519088745,2
4_encoder_matrix,NMC,cnn__rtdl_resnet,33,0,4.343536376953125,2
4_encoder_matrix,NMC,cnn__rtdl_resnet,38,0,1.8144245147705078,2
4_encoder_matrix,NMC,cnn__rtdl_resnet,39,0,1.9720958471298218,2
4_encoder_matrix,NMC,cnn__rtdl_resnet,4,1,1.9263896942138672,2
4_encoder_matrix,NMC,cnn__rtdl_resnet,7,1,2.6485469341278076,2
4_encoder_matrix,NMC,cnn__rtdl_resnet,11,1,1.0930602550506592,2
4_encoder_matrix,NMC,cnn__rtdl_resnet,18,1,1.0830276012420654,2
4_encoder_matrix,NMC,cnn__rtdl_resnet,22,1,1.231834053993225,2
4_encoder_matrix,NMC,cnn__rtdl_resnet,27,1,2.420022964477539,2
4_encoder_matrix,NMC,cnn__rtdl_resnet,33,1,4.0502400398254395,2
4_encoder_matrix,NMC,cnn__rtdl_resnet,38,1,1.6390483379364014,2
4_encoder_matrix,NMC,cnn__rtdl_resnet,39,1,1.6857123374938965,2
4_encoder_matrix,NMC,cnn__rtdl_resnet,4,2,1.8305903673171997,2
4_encoder_matrix,NMC,cnn__rtdl_resnet,7,2,1.694279432296753,2
4_encoder_matrix,NMC,cnn__rtdl_resnet,11,2,0.7765558958053589,2
4_encoder_matrix,NMC,cnn__rtdl_resnet,18,2,0.724213182926178,2
4_encoder_matrix,NMC,cnn__rtdl_resnet,22,2,1.3749841451644897,2
4_encoder_matrix,NMC,cnn__rtdl_resnet,27,2,1.3422807455062866,2
4_encoder_matrix,NMC,cnn__rtdl_resnet,33,2,3.564634084701538,2
4_encoder_matrix,NMC,cnn__rtdl_resnet,38,2,1.2626254558563232,2
4_encoder_matrix,NMC,cnn__rtdl_resnet,39,2,1.5613149404525757,2
4_encoder_matrix,NMC,cnn__rtdl_resnet,1,0,2.075115442276001,3
4_encoder_matrix,NMC,cnn__rtdl_resnet,10,0,1.134995460510254,3
4_encoder_matrix,NMC,cnn__rtdl_resnet,12,0,1.1099283695220947,3
4_encoder_matrix,NMC,cnn__rtdl_resnet,13,0,1.7328681945800781,3
4_encoder_matrix,NMC,cnn__rtdl_resnet,16,0,2.234694242477417,3
4_encoder_matrix,NMC,cnn__rtdl_resnet,20,0,1.2656846046447754,3
4_encoder_matrix,NMC,cnn__rtdl_resnet,23,0,1.6138087511062622,3
4_encoder_matrix,NMC,cnn__rtdl_resnet,31,0,1.464990258216858,3
4_encoder_matrix,NMC,cnn__rtdl_resnet,40,0,1.8149152994155884,3
4_encoder_matrix,NMC,cnn__rtdl_resnet,1,1,1.71511971950531,3
4_encoder_matrix,NMC,cnn__rtdl_resnet,10,1,1.194374442100525,3
4_encoder_matrix,NMC,cnn__rtdl_resnet,12,1,1.2312180995941162,3
4_encoder_matrix,NMC,cnn__rtdl_resnet,13,1,1.656677007675171,3
4_encoder_matrix,NMC,cnn__rtdl_resnet,16,1,2.1324501037597656,3
4_encoder_matrix,NMC,cnn__rtdl_resnet,20,1,1.393453598022461,3
4_encoder_matrix,NMC,cnn__rtdl_resnet,23,1,1.4880180358886719,3
4_encoder_matrix,NMC,cnn__rtdl_resnet,31,1,1.6561782360076904,3
4_encoder_matrix,NMC,cnn__rtdl_resnet,40,1,1.5100653171539307,3
4_encoder_matrix,NMC,cnn__rtdl_resnet,1,2,1.8314878940582275,3
4_encoder_matrix,NMC,cnn__rtdl_resnet,10,2,1.0008878707885742,3
4_encoder_matrix,NMC,cnn__rtdl_resnet,12,2,0.9788562059402466,3
4_encoder_matrix,NMC,cnn__rtdl_resnet,13,2,1.4786944389343262,3
4_encoder_matrix,NMC,cnn__rtdl_resnet,16,2,1.8051749467849731,3
4_encoder_matrix,NMC,cnn__rtdl_resnet,20,2,1.0842511653900146,3
4_encoder_matrix,NMC,cnn__rtdl_resnet,23,2,1.0436131954193115,3
4_encoder_matrix,NMC,cnn__rtdl_resnet,31,2,1.2123980522155762,3
4_encoder_matrix,NMC,cnn__rtdl_resnet,40,2,1.3568438291549683,3
4_encoder_matrix,NMC,cnn__rtdl_resnet,2,0,1.2097935676574707,4
4_encoder_matrix,NMC,cnn__rtdl_resnet,3,0,1.3989111185073853,4
4_encoder_matrix,NMC,cnn__rtdl_resnet,9,0,1.3522117137908936,4
4_encoder_matrix,NMC,cnn__rtdl_resnet,14,0,2.2829091548919678,4
4_encoder_matrix,NMC,cnn__rtdl_resnet,15,0,2.0043094158172607,4
4_encoder_matrix,NMC,cnn__rtdl_resnet,34,0,3.4823272228240967,4
4_encoder_matrix,NMC,cnn__rtdl_resnet,37,0,1.671386957168579,4
4_encoder_matrix,NMC,cnn__rtdl_resnet,43,0,1.6405199766159058,4
4_encoder_matrix,NMC,cnn__rtdl_resnet,2,1,1.2707488536834717,4
4_encoder_matrix,NMC,cnn__rtdl_resnet,3,1,1.486161231994629,4
4_encoder_matrix,NMC,cnn__rtdl_resnet,9,1,1.6269930601119995,4
4_encoder_matrix,NMC,cnn__rtdl_resnet,14,1,2.5725226402282715,4
4_encoder_matrix,NMC,cnn__rtdl_resnet,15,1,1.9294450283050537,4
4_encoder_matrix,NMC,cnn__rtdl_resnet,34,1,3.3760714530944824,4
4_encoder_matrix,NMC,cnn__rtdl_resnet,37,1,1.8179516792297363,4
4_encoder_matrix,NMC,cnn__rtdl_resnet,43,1,2.2340340614318848,4
4_encoder_matrix,NMC,cnn__rtdl_resnet,2,2,1.055288314819336,4
4_encoder_matrix,NMC,cnn__rtdl_resnet,3,2,1.4194109439849854,4
4_encoder_matrix,NMC,cnn__rtdl_resnet,9,2,1.2997851371765137,4
4_encoder_matrix,NMC,cnn__rtdl_resnet,14,2,2.5204031467437744,4
4_encoder_matrix,NMC,cnn__rtdl_resnet,15,2,1.7911643981933594,4
4_encoder_matrix,NMC,cnn__rtdl_resnet,34,2,2.9389870166778564,4
4_encoder_matrix,NMC,cnn__rtdl_resnet,37,2,1.4942785501480103,4
4_encoder_matrix,NMC,cnn__rtdl_resnet,43,2,1.7975016832351685,4
4_encoder_matrix,NMC,cnn__rtdl_ft_transformer,5,0,1.2157012224197388,0
4_encoder_matrix,NMC,cnn__rtdl_ft_transformer,8,0,3.4965248107910156,0
4_encoder_matrix,NMC,cnn__rtdl_ft_transformer,21,0,1.516364574432373,0
4_encoder_matrix,NMC,cnn__rtdl_ft_transformer,24,0,1.6940993070602417,0
4_encoder_matrix,NMC,cnn__rtdl_ft_transformer,26,0,1.5596781969070435,0
4_encoder_matrix,NMC,cnn__rtdl_ft_transformer,29,0,1.5722968578338623,0
4_encoder_matrix,NMC,cnn__rtdl_ft_transformer,41,0,1.8768346309661865,0
4_encoder_matrix,NMC,cnn__rtdl_ft_transformer,42,0,2.3841965198516846,0
4_encoder_matrix,NMC,cnn__rtdl_ft_transformer,44,0,1.2000871896743774,0
4_encoder_matrix,NMC,cnn__rtdl_ft_transformer,5,1,1.5329816341400146,0
4_encoder_matrix,NMC,cnn__rtdl_ft_transformer,8,1,4.773721218109131,0
4_encoder_matrix,NMC,cnn__rtdl_ft_transformer,21,1,2.412853240966797,0
4_encoder_matrix,NMC,cnn__rtdl_ft_transformer,24,1,1.3609545230865479,0
4_encoder_matrix,NMC,cnn__rtdl_ft_transformer,26,1,2.145216226577759,0
4_encoder_matrix,NMC,cnn__rtdl_ft_transformer,29,1,1.5772812366485596,0
4_encoder_matrix,NMC,cnn__rtdl_ft_transformer,41,1,2.740750551223755,0
4_encoder_matrix,NMC,cnn__rtdl_ft_transformer,42,1,3.5387797355651855,0
4_encoder_matrix,NMC,cnn__rtdl_ft_transformer,44,1,2.0089008808135986,0
4_encoder_matrix,NMC,cnn__rtdl_ft_transformer,5,2,1.1075165271759033,0
4_encoder_matrix,NMC,cnn__rtdl_ft_transformer,8,2,3.680464029312134,0
4_encoder_matrix,NMC,cnn__rtdl_ft_transformer,21,2,1.6844223737716675,0
4_encoder_matrix,NMC,cnn__rtdl_ft_transformer,24,2,1.3009302616119385,0
4_encoder_matrix,NMC,cnn__rtdl_ft_transformer,26,2,1.7312610149383545,0
4_encoder_matrix,NMC,cnn__rtdl_ft_transformer,29,2,1.8337132930755615,0
4_encoder_matrix,NMC,cnn__rtdl_ft_transformer,41,2,2.26145076751709,0
4_encoder_matrix,NMC,cnn__rtdl_ft_transformer,42,2,2.7148029804229736,0
4_encoder_matrix,NMC,cnn__rtdl_ft_transformer,44,2,1.6491204500198364,0
4_encoder_matrix,NMC,cnn__rtdl_ft_transformer,6,0,3.226443290710449,1
4_encoder_matrix,NMC,cnn__rtdl_ft_transformer,17,0,1.0292768478393555,1
4_encoder_matrix,NMC,cnn__rtdl_ft_transformer,19,0,1.4393295049667358,1
4_encoder_matrix,NMC,cnn__rtdl_ft_transformer,25,0,1.7104918956756592,1
4_encoder_matrix,NMC,cnn__rtdl_ft_transformer,28,0,1.6003906726837158,1
4_encoder_matrix,NMC,cnn__rtdl_ft_transformer,30,0,1.686850905418396,1
4_encoder_matrix,NMC,cnn__rtdl_ft_transformer,32,0,2.740536689758301,1
4_encoder_matrix,NMC,cnn__rtdl_ft_transformer,35,0,4.659018039703369,1
4_encoder_matrix,NMC,cnn__rtdl_ft_transformer,36,0,4.171276092529297,1
4_encoder_matrix,NMC,cnn__rtdl_ft_transformer,6,1,3.4917447566986084,1
4_encoder_matrix,NMC,cnn__rtdl_ft_transformer,17,1,1.517858862876892,1
4_encoder_matrix,NMC,cnn__rtdl_ft_transformer,19,1,0.9635658860206604,1
4_encoder_matrix,NMC,cnn__rtdl_ft_transformer,25,1,1.7300552129745483,1
4_encoder_matrix,NMC,cnn__rtdl_ft_transformer,28,1,1.3721128702163696,1
4_encoder_matrix,NMC,cnn__rtdl_ft_transformer,30,1,1.2677150964736938,1
4_encoder_matrix,NMC,cnn__rtdl_ft_transformer,32,1,2.233731269836426,1
4_encoder_matrix,NMC,cnn__rtdl_ft_transformer,35,1,4.214454174041748,1
4_encoder_matrix,NMC,cnn__rtdl_ft_transformer,36,1,3.6744322776794434,1
4_encoder_matrix,NMC,cnn__rtdl_ft_transformer,6,2,3.2375576496124268,1
4_encoder_matrix,NMC,cnn__rtdl_ft_transformer,17,2,1.1811341047286987,1
4_encoder_matrix,NMC,cnn__rtdl_ft_transformer,19,2,1.3508996963500977,1
4_encoder_matrix,NMC,cnn__rtdl_ft_transformer,25,2,1.8150111436843872,1
4_encoder_matrix,NMC,cnn__rtdl_ft_transformer,28,2,1.5230467319488525,1
4_encoder_matrix,NMC,cnn__rtdl_ft_transformer,30,2,1.6759402751922607,1
4_encoder_matrix,NMC,cnn__rtdl_ft_transformer,32,2,2.783324956893921,1
4_encoder_matrix,NMC,cnn__rtdl_ft_transformer,35,2,4.335700035095215,1
4_encoder_matrix,NMC,cnn__rtdl_ft_transformer,36,2,4.023442268371582,1
4_encoder_matrix,NMC,cnn__rtdl_ft_transformer,4,0,2.512233257293701,2
4_encoder_matrix,NMC,cnn__rtdl_ft_transformer,7,0,2.0357747077941895,2
4_encoder_matrix,NMC,cnn__rtdl_ft_transformer,11,0,0.9617425799369812,2
4_encoder_matrix,NMC,cnn__rtdl_ft_transformer,18,0,0.836111307144165,2
4_encoder_matrix,NMC,cnn__rtdl_ft_transformer,22,0,1.4209952354431152,2
4_encoder_matrix,NMC,cnn__rtdl_ft_transformer,27,0,2.0382027626037598,2
4_encoder_matrix,NMC,cnn__rtdl_ft_transformer,33,0,3.9144816398620605,2
4_encoder_matrix,NMC,cnn__rtdl_ft_transformer,38,0,1.3999220132827759,2
4_encoder_matrix,NMC,cnn__rtdl_ft_transformer,39,0,1.6620571613311768,2
4_encoder_matrix,NMC,cnn__rtdl_ft_transformer,4,1,3.0266473293304443,2
4_encoder_matrix,NMC,cnn__rtdl_ft_transformer,7,1,2.753941297531128,2
4_encoder_matrix,NMC,cnn__rtdl_ft_transformer,11,1,1.2804075479507446,2
4_encoder_matrix,NMC,cnn__rtdl_ft_transformer,18,1,0.950709342956543,2
4_encoder_matrix,NMC,cnn__rtdl_ft_transformer,22,1,1.950102686882019,2
4_encoder_matrix,NMC,cnn__rtdl_ft_transformer,27,1,2.0420925617218018,2
4_encoder_matrix,NMC,cnn__rtdl_ft_transformer,33,1,3.9937005043029785,2
4_encoder_matrix,NMC,cnn__rtdl_ft_transformer,38,1,1.8876961469650269,2
4_encoder_matrix,NMC,cnn__rtdl_ft_transformer,39,1,1.9067965745925903,2
4_encoder_matrix,NMC,cnn__rtdl_ft_transformer,4,2,2.6125645637512207,2
4_encoder_matrix,NMC,cnn__rtdl_ft_transformer,7,2,2.3779501914978027,2
4_encoder_matrix,NMC,cnn__rtdl_ft_transformer,11,2,1.0403242111206055,2
4_encoder_matrix,NMC,cnn__rtdl_ft_transformer,18,2,0.9760923981666565,2
4_encoder_matrix,NMC,cnn__rtdl_ft_transformer,22,2,1.579998254776001,2
4_encoder_matrix,NMC,cnn__rtdl_ft_transformer,27,2,1.7129712104797363,2
4_encoder_matrix,NMC,cnn__rtdl_ft_transformer,33,2,4.163518905639648,2
4_encoder_matrix,NMC,cnn__rtdl_ft_transformer,38,2,1.2997187376022339,2
4_encoder_matrix,NMC,cnn__rtdl_ft_transformer,39,2,1.8048503398895264,2
4_encoder_matrix,NMC,cnn__rtdl_ft_transformer,1,0,2.473548650741577,3
4_encoder_matrix,NMC,cnn__rtdl_ft_transformer,10,0,1.321818470954895,3
4_encoder_matrix,NMC,cnn__rtdl_ft_transformer,12,0,0.9568873643875122,3
4_encoder_matrix,NMC,cnn__rtdl_ft_transformer,13,0,1.6326930522918701,3
4_encoder_matrix,NMC,cnn__rtdl_ft_transformer,16,0,1.9371013641357422,3
4_encoder_matrix,NMC,cnn__rtdl_ft_transformer,20,0,1.0676116943359375,3
4_encoder_matrix,NMC,cnn__rtdl_ft_transformer,23,0,1.3128505945205688,3
4_encoder_matrix,NMC,cnn__rtdl_ft_transformer,31,0,1.0297150611877441,3
4_encoder_matrix,NMC,cnn__rtdl_ft_transformer,40,0,1.4823344945907593,3
4_encoder_matrix,NMC,cnn__rtdl_ft_transformer,1,1,2.2742507457733154,3
4_encoder_matrix,NMC,cnn__rtdl_ft_transformer,10,1,1.1106349229812622,3
4_encoder_matrix,NMC,cnn__rtdl_ft_transformer,12,1,0.9288186430931091,3
4_encoder_matrix,NMC,cnn__rtdl_ft_transformer,13,1,1.7632620334625244,3
4_encoder_matrix,NMC,cnn__rtdl_ft_transformer,16,1,2.1780264377593994,3
4_encoder_matrix,NMC,cnn__rtdl_ft_transformer,20,1,1.209468126296997,3
4_encoder_matrix,NMC,cnn__rtdl_ft_transformer,23,1,1.5450783967971802,3
4_encoder_matrix,NMC,cnn__rtdl_ft_transformer,31,1,1.3812522888183594,3
4_encoder_matrix,NMC,cnn__rtdl_ft_transformer,40,1,1.576982021331787,3
4_encoder_matrix,NMC,cnn__rtdl_ft_transformer,1,2,2.6127095222473145,3
4_encoder_matrix,NMC,cnn__rtdl_ft_transformer,10,2,1.3019441366195679,3
4_encoder_matrix,NMC,cnn__rtdl_ft_transformer,12,2,0.9378494024276733,3
4_encoder_matrix,NMC,cnn__rtdl_ft_transformer,13,2,1.73863685131073,3
4_encoder_matrix,NMC,cnn__rtdl_ft_transformer,16,2,2.0883491039276123,3
4_encoder_matrix,NMC,cnn__rtdl_ft_transformer,20,2,1.0305752754211426,3
4_encoder_matrix,NMC,cnn__rtdl_ft_transformer,23,2,1.4341046810150146,3
4_encoder_matrix,NMC,cnn__rtdl_ft_transformer,31,2,1.272383451461792,3
4_encoder_matrix,NMC,cnn__rtdl_ft_transformer,40,2,1.6412949562072754,3
4_encoder_matrix,NMC,cnn__rtdl_ft_transformer,2,0,1.6372946500778198,4
4_encoder_matrix,NMC,cnn__rtdl_ft_transformer,3,0,1.9374326467514038,4
4_encoder_matrix,NMC,cnn__rtdl_ft_transformer,9,0,1.1428272724151611,4
4_encoder_matrix,NMC,cnn__rtdl_ft_transformer,14,0,2.8086137771606445,4
4_encoder_matrix,NMC,cnn__rtdl_ft_transformer,15,0,2.333811044692993,4
4_encoder_matrix,NMC,cnn__rtdl_ft_transformer,34,0,2.9920566082000732,4
4_encoder_matrix,NMC,cnn__rtdl_ft_transformer,37,0,1.6136282682418823,4
4_encoder_matrix,NMC,cnn__rtdl_ft_transformer,43,0,1.4199429750442505,4
4_encoder_matrix,NMC,cnn__rtdl_ft_transformer,2,1,1.7576597929000854,4
4_encoder_matrix,NMC,cnn__rtdl_ft_transformer,3,1,2.0358521938323975,4
4_encoder_matrix,NMC,cnn__rtdl_ft_transformer,9,1,0.9713448286056519,4
4_encoder_matrix,NMC,cnn__rtdl_ft_transformer,14,1,3.3399665355682373,4
4_encoder_matrix,NMC,cnn__rtdl_ft_transformer,15,1,2.7909657955169678,4
4_encoder_matrix,NMC,cnn__rtdl_ft_transformer,34,1,3.1603877544403076,4
4_encoder_matrix,NMC,cnn__rtdl_ft_transformer,37,1,2.130946159362793,4
4_encoder_matrix,NMC,cnn__rtdl_ft_transformer,43,1,2.2127819061279297,4
4_encoder_matrix,NMC,cnn__rtdl_ft_transformer,2,2,1.1563680171966553,4
4_encoder_matrix,NMC,cnn__rtdl_ft_transformer,3,2,1.2518556118011475,4
4_encoder_matrix,NMC,cnn__rtdl_ft_transformer,9,2,1.4728659391403198,4
4_encoder_matrix,NMC,cnn__rtdl_ft_transformer,14,2,2.3915271759033203,4
4_encoder_matrix,NMC,cnn__rtdl_ft_transformer,15,2,2.1061413288116455,4
4_encoder_matrix,NMC,cnn__rtdl_ft_transformer,34,2,3.9967126846313477,4
4_encoder_matrix,NMC,cnn__rtdl_ft_transformer,37,2,1.650501012802124,4
4_encoder_matrix,NMC,cnn__rtdl_ft_transformer,43,2,1.3571460247039795,4
4_encoder_matrix,NMC,mlp__current_mlp,5,0,1.0547541379928589,0
4_encoder_matrix,NMC,mlp__current_mlp,8,0,4.931201457977295,0
4_encoder_matrix,NMC,mlp__current_mlp,21,0,2.640143632888794,0
4_encoder_matrix,NMC,mlp__current_mlp,24,0,0.9970645904541016,0
4_encoder_matrix,NMC,mlp__current_mlp,26,0,1.7037243843078613,0
4_encoder_matrix,NMC,mlp__current_mlp,29,0,1.48550283908844,0
4_encoder_matrix,NMC,mlp__current_mlp,41,0,1.7961927652359009,0
4_encoder_matrix,NMC,mlp__current_mlp,42,0,3.4542384147644043,0
4_encoder_matrix,NMC,mlp__current_mlp,44,0,1.6400612592697144,0
4_encoder_matrix,NMC,mlp__current_mlp,5,1,1.1647155284881592,0
4_encoder_matrix,NMC,mlp__current_mlp,8,1,4.607758522033691,0
4_encoder_matrix,NMC,mlp__current_mlp,21,1,2.246058225631714,0
4_encoder_matrix,NMC,mlp__current_mlp,24,1,1.2418490648269653,0
4_encoder_matrix,NMC,mlp__current_mlp,26,1,1.6396205425262451,0
4_encoder_matrix,NMC,mlp__current_mlp,29,1,1.594278335571289,0
4_encoder_matrix,NMC,mlp__current_mlp,41,1,2.0156545639038086,0
4_encoder_matrix,NMC,mlp__current_mlp,42,1,3.2843587398529053,0
4_encoder_matrix,NMC,mlp__current_mlp,44,1,1.7322688102722168,0
4_encoder_matrix,NMC,mlp__current_mlp,5,2,1.1543965339660645,0
4_encoder_matrix,NMC,mlp__current_mlp,8,2,5.191291332244873,0
4_encoder_matrix,NMC,mlp__current_mlp,21,2,2.767542839050293,0
4_encoder_matrix,NMC,mlp__current_mlp,24,2,1.1979366540908813,0
4_encoder_matrix,NMC,mlp__current_mlp,26,2,1.939130425453186,0
4_encoder_matrix,NMC,mlp__current_mlp,29,2,1.757964015007019,0
4_encoder_matrix,NMC,mlp__current_mlp,41,2,1.9320428371429443,0
4_encoder_matrix,NMC,mlp__current_mlp,42,2,3.767422914505005,0
4_encoder_matrix,NMC,mlp__current_mlp,44,2,1.7624757289886475,0
4_encoder_matrix,NMC,mlp__current_mlp,6,0,3.6778225898742676,1
4_encoder_matrix,NMC,mlp__current_mlp,17,0,1.778181791305542,1
4_encoder_matrix,NMC,mlp__current_mlp,19,0,1.1704858541488647,1
4_encoder_matrix,NMC,mlp__current_mlp,25,0,1.8054609298706055,1
4_encoder_matrix,NMC,mlp__current_mlp,28,0,1.4439283609390259,1
4_encoder_matrix,NMC,mlp__current_mlp,30,0,1.711241364479065,1
4_encoder_matrix,NMC,mlp__current_mlp,32,0,1.8787765502929688,1
4_encoder_matrix,NMC,mlp__current_mlp,35,0,4.731969833374023,1
4_encoder_matrix,NMC,mlp__current_mlp,36,0,4.010071754455566,1
4_encoder_matrix,NMC,mlp__current_mlp,6,1,2.795703887939453,1
4_encoder_matrix,NMC,mlp__current_mlp,17,1,1.494627833366394,1
4_encoder_matrix,NMC,mlp__current_mlp,19,1,1.466575264930725,1
4_encoder_matrix,NMC,mlp__current_mlp,25,1,1.7667725086212158,1
4_encoder_matrix,NMC,mlp__current_mlp,28,1,1.59022855758667,1
4_encoder_matrix,NMC,mlp__current_mlp,30,1,1.8055212497711182,1
4_encoder_matrix,NMC,mlp__current_mlp,32,1,2.2103028297424316,1
4_encoder_matrix,NMC,mlp__current_mlp,35,1,4.123000621795654,1
4_encoder_matrix,NMC,mlp__current_mlp,36,1,3.6969776153564453,1
4_encoder_matrix,NMC,mlp__current_mlp,6,2,3.540480136871338,1
4_encoder_matrix,NMC,mlp__current_mlp,17,2,1.681414008140564,1
4_encoder_matrix,NMC,mlp__current_mlp,19,2,1.2748122215270996,1
4_encoder_matrix,NMC,mlp__current_mlp,25,2,1.5238268375396729,1
4_encoder_matrix,NMC,mlp__current_mlp,28,2,1.5315616130828857,1
4_encoder_matrix,NMC,mlp__current_mlp,30,2,1.8405945301055908,1
4_encoder_matrix,NMC,mlp__current_mlp,32,2,2.0199646949768066,1
4_encoder_matrix,NMC,mlp__current_mlp,35,2,4.96236515045166,1
4_encoder_matrix,NMC,mlp__current_mlp,36,2,4.064723968505859,1
4_encoder_matrix,NMC,mlp__current_mlp,4,0,2.2577171325683594,2
4_encoder_matrix,NMC,mlp__current_mlp,7,0,2.573659658432007,2
4_encoder_matrix,NMC,mlp__current_mlp,11,0,1.016781210899353,2
4_encoder_matrix,NMC,mlp__current_mlp,18,0,0.9773154258728027,2
4_encoder_matrix,NMC,mlp__current_mlp,22,0,1.4404431581497192,2
4_encoder_matrix,NMC,mlp__current_mlp,27,0,1.816898226737976,2
4_encoder_matrix,NMC,mlp__current_mlp,33,0,3.7747561931610107,2
4_encoder_matrix,NMC,mlp__current_mlp,38,0,1.7495572566986084,2
4_encoder_matrix,NMC,mlp__current_mlp,39,0,1.4849649667739868,2
4_encoder_matrix,NMC,mlp__current_mlp,4,1,2.178788423538208,2
4_encoder_matrix,NMC,mlp__current_mlp,7,1,2.3864333629608154,2
4_encoder_matrix,NMC,mlp__current_mlp,11,1,0.970788300037384,2
4_encoder_matrix,NMC,mlp__current_mlp,18,1,0.9553336501121521,2
4_encoder_matrix,NMC,mlp__current_mlp,22,1,1.5186026096343994,2
4_encoder_matrix,NMC,mlp__current_mlp,27,1,1.8635832071304321,2
4_encoder_matrix,NMC,mlp__current_mlp,33,1,3.5697736740112305,2
4_encoder_matrix,NMC,mlp__current_mlp,38,1,1.6957931518554688,2
4_encoder_matrix,NMC,mlp__current_mlp,39,1,1.4288042783737183,2
4_encoder_matrix,NMC,mlp__current_mlp,4,2,1.979131817817688,2
4_encoder_matrix,NMC,mlp__current_mlp,7,2,2.1065921783447266,2
4_encoder_matrix,NMC,mlp__current_mlp,11,2,0.7508962750434875,2
4_encoder_matrix,NMC,mlp__current_mlp,18,2,0.813788652420044,2
4_encoder_matrix,NMC,mlp__current_mlp,22,2,1.2055339813232422,2
4_encoder_matrix,NMC,mlp__current_mlp,27,2,1.8391082286834717,2
4_encoder_matrix,NMC,mlp__current_mlp,33,2,3.50003719329834,2
4_encoder_matrix,NMC,mlp__current_mlp,38,2,1.4870258569717407,2
4_encoder_matrix,NMC,mlp__current_mlp,39,2,1.5144612789154053,2
4_encoder_matrix,NMC,mlp__current_mlp,1,0,2.07785701751709,3
4_encoder_matrix,NMC,mlp__current_mlp,10,0,1.1004897356033325,3
4_encoder_matrix,NMC,mlp__current_mlp,12,0,1.0335779190063477,3
4_encoder_matrix,NMC,mlp__current_mlp,13,0,1.4404149055480957,3
4_encoder_matrix,NMC,mlp__current_mlp,16,0,1.7823677062988281,3
4_encoder_matrix,NMC,mlp__current_mlp,20,0,0.9690923690795898,3
4_encoder_matrix,NMC,mlp__current_mlp,23,0,1.3946958780288696,3
4_encoder_matrix,NMC,mlp__current_mlp,31,0,1.4261294603347778,3
4_encoder_matrix,NMC,mlp__current_mlp,40,0,1.5005203485488892,3
4_encoder_matrix,NMC,mlp__current_mlp,1,1,1.7626135349273682,3
4_encoder_matrix,NMC,mlp__current_mlp,10,1,0.9947137832641602,3
4_encoder_matrix,NMC,mlp__current_mlp,12,1,1.0012589693069458,3
4_encoder_matrix,NMC,mlp__current_mlp,13,1,1.7464059591293335,3
4_encoder_matrix,NMC,mlp__current_mlp,16,1,1.9459359645843506,3
4_encoder_matrix,NMC,mlp__current_mlp,20,1,1.3087389469146729,3
4_encoder_matrix,NMC,mlp__current_mlp,23,1,1.3376150131225586,3
4_encoder_matrix,NMC,mlp__current_mlp,31,1,1.241884469985962,3
4_encoder_matrix,NMC,mlp__current_mlp,40,1,1.707287073135376,3
4_encoder_matrix,NMC,mlp__current_mlp,1,2,2.1106045246124268,3
4_encoder_matrix,NMC,mlp__current_mlp,10,2,1.069500207901001,3
4_encoder_matrix,NMC,mlp__current_mlp,12,2,1.0295326709747314,3
4_encoder_matrix,NMC,mlp__current_mlp,13,2,1.7730590105056763,3
4_encoder_matrix,NMC,mlp__current_mlp,16,2,2.1488051414489746,3
4_encoder_matrix,NMC,mlp__current_mlp,20,2,1.4703426361083984,3
4_encoder_matrix,NMC,mlp__current_mlp,23,2,1.5018647909164429,3
4_encoder_matrix,NMC,mlp__current_mlp,31,2,1.2752326726913452,3
4_encoder_matrix,NMC,mlp__current_mlp,40,2,1.8043713569641113,3
4_encoder_matrix,NMC,mlp__current_mlp,2,0,1.1303033828735352,4
4_encoder_matrix,NMC,mlp__current_mlp,3,0,1.362038016319275,4
4_encoder_matrix,NMC,mlp__current_mlp,9,0,1.0095163583755493,4
4_encoder_matrix,NMC,mlp__current_mlp,14,0,2.56229829788208,4
4_encoder_matrix,NMC,mlp__current_mlp,15,0,2.026373863220215,4
4_encoder_matrix,NMC,mlp__current_mlp,34,0,2.845848560333252,4
4_encoder_matrix,NMC,mlp__current_mlp,37,0,1.8299134969711304,4
4_encoder_matrix,NMC,mlp__current_mlp,43,0,2.1909291744232178,4
4_encoder_matrix,NMC,mlp__current_mlp,2,1,1.0853066444396973,4
4_encoder_matrix,NMC,mlp__current_mlp,3,1,1.3243718147277832,4
4_encoder_matrix,NMC,mlp__current_mlp,9,1,1.1396886110305786,4
4_encoder_matrix,NMC,mlp__current_mlp,14,1,2.4652156829833984,4
4_encoder_matrix,NMC,mlp__current_mlp,15,1,2.137963056564331,4
4_encoder_matrix,NMC,mlp__current_mlp,34,1,2.922098398208618,4
4_encoder_matrix,NMC,mlp__current_mlp,37,1,1.9194629192352295,4
4_encoder_matrix,NMC,mlp__current_mlp,43,1,2.038572072982788,4
4_encoder_matrix,NMC,mlp__current_mlp,2,2,1.0608707666397095,4
4_encoder_matrix,NMC,mlp__current_mlp,3,2,1.2996551990509033,4
4_encoder_matrix,NMC,mlp__current_mlp,9,2,1.3396564722061157,4
4_encoder_matrix,NMC,mlp__current_mlp,14,2,2.221977949142456,4
4_encoder_matrix,NMC,mlp__current_mlp,15,2,1.9052613973617554,4
4_encoder_matrix,NMC,mlp__current_mlp,34,2,2.8907623291015625,4
4_encoder_matrix,NMC,mlp__current_mlp,37,2,1.757564663887024,4
4_encoder_matrix,NMC,mlp__current_mlp,43,2,1.9623675346374512,4
4_encoder_matrix,NMC,mlp__rtdl_resnet,5,0,1.1082942485809326,0
4_encoder_matrix,NMC,mlp__rtdl_resnet,8,0,4.949456691741943,0
4_encoder_matrix,NMC,mlp__rtdl_resnet,21,0,2.4376978874206543,0
4_encoder_matrix,NMC,mlp__rtdl_resnet,24,0,0.9583430886268616,0
4_encoder_matrix,NMC,mlp__rtdl_resnet,26,0,1.9568172693252563,0
4_encoder_matrix,NMC,mlp__rtdl_resnet,29,0,1.5852824449539185,0
4_encoder_matrix,NMC,mlp__rtdl_resnet,41,0,1.8660364151000977,0
4_encoder_matrix,NMC,mlp__rtdl_resnet,42,0,3.5555419921875,0
4_encoder_matrix,NMC,mlp__rtdl_resnet,44,0,1.7880197763442993,0
4_encoder_matrix,NMC,mlp__rtdl_resnet,5,1,1.1711467504501343,0
4_encoder_matrix,NMC,mlp__rtdl_resnet,8,1,3.951791763305664,0
4_encoder_matrix,NMC,mlp__rtdl_resnet,21,1,1.7440780401229858,0
4_encoder_matrix,NMC,mlp__rtdl_resnet,24,1,1.2016186714172363,0
4_encoder_matrix,NMC,mlp__rtdl_resnet,26,1,1.7662224769592285,0
4_encoder_matrix,NMC,mlp__rtdl_resnet,29,1,1.4615129232406616,0
4_encoder_matrix,NMC,mlp__rtdl_resnet,41,1,1.9978435039520264,0
4_encoder_matrix,NMC,mlp__rtdl_resnet,42,1,2.763129472732544,0
4_encoder_matrix,NMC,mlp__rtdl_resnet,44,1,1.5813544988632202,0
4_encoder_matrix,NMC,mlp__rtdl_resnet,5,2,1.039980173110962,0
4_encoder_matrix,NMC,mlp__rtdl_resnet,8,2,3.757235288619995,0
4_encoder_matrix,NMC,mlp__rtdl_resnet,21,2,1.8039344549179077,0
4_encoder_matrix,NMC,mlp__rtdl_resnet,24,2,0.7595764994621277,0
4_encoder_matrix,NMC,mlp__rtdl_resnet,26,2,2.015493154525757,0
4_encoder_matrix,NMC,mlp__rtdl_resnet,29,2,1.4389967918395996,0
4_encoder_matrix,NMC,mlp__rtdl_resnet,41,2,1.70990788936615,0
4_encoder_matrix,NMC,mlp__rtdl_resnet,42,2,2.592494010925293,0
4_encoder_matrix,NMC,mlp__rtdl_resnet,44,2,1.3293511867523193,0
4_encoder_matrix,NMC,mlp__rtdl_resnet,6,0,2.943458318710327,1
4_encoder_matrix,NMC,mlp__rtdl_resnet,17,0,1.485681414604187,1
4_encoder_matrix,NMC,mlp__rtdl_resnet,19,0,1.0588773488998413,1
4_encoder_matrix,NMC,mlp__rtdl_resnet,25,0,1.494692087173462,1
4_encoder_matrix,NMC,mlp__rtdl_resnet,28,0,1.2941089868545532,1
4_encoder_matrix,NMC,mlp__rtdl_resnet,30,0,1.3639795780181885,1
4_encoder_matrix,NMC,mlp__rtdl_resnet,32,0,1.725140929222107,1
4_encoder_matrix,NMC,mlp__rtdl_resnet,35,0,4.368682861328125,1
4_encoder_matrix,NMC,mlp__rtdl_resnet,36,0,3.8613853454589844,1
4_encoder_matrix,NMC,mlp__rtdl_resnet,6,1,2.9194118976593018,1
4_encoder_matrix,NMC,mlp__rtdl_resnet,17,1,1.2687770128250122,1
4_encoder_matrix,NMC,mlp__rtdl_resnet,19,1,1.2634574174880981,1
4_encoder_matrix,NMC,mlp__rtdl_resnet,25,1,2.233438491821289,1
4_encoder_matrix,NMC,mlp__rtdl_resnet,28,1,1.6306895017623901,1
4_encoder_matrix,NMC,mlp__rtdl_resnet,30,1,1.5180851221084595,1
4_encoder_matrix,NMC,mlp__rtdl_resnet,32,1,2.28328275680542,1
4_encoder_matrix,NMC,mlp__rtdl_resnet,35,1,4.289850234985352,1
4_encoder_matrix,NMC,mlp__rtdl_resnet,36,1,4.081018447875977,1
4_encoder_matrix,NMC,mlp__rtdl_resnet,6,2,3.1154417991638184,1
4_encoder_matrix,NMC,mlp__rtdl_resnet,17,2,1.2759664058685303,1
4_encoder_matrix,NMC,mlp__rtdl_resnet,19,2,1.139291763305664,1
4_encoder_matrix,NMC,mlp__rtdl_resnet,25,2,1.9297525882720947,1
4_encoder_matrix,NMC,mlp__rtdl_resnet,28,2,1.394968032836914,1
4_encoder_matrix,NMC,mlp__rtdl_resnet,30,2,1.482340693473816,1
4_encoder_matrix,NMC,mlp__rtdl_resnet,32,2,2.2239906787872314,1
4_encoder_matrix,NMC,mlp__rtdl_resnet,35,2,3.593219518661499,1
4_encoder_matrix,NMC,mlp__rtdl_resnet,36,2,3.671225070953369,1
4_encoder_matrix,NMC,mlp__rtdl_resnet,4,0,2.5464324951171875,2
4_encoder_matrix,NMC,mlp__rtdl_resnet,7,0,2.8091254234313965,2
4_encoder_matrix,NMC,mlp__rtdl_resnet,11,0,0.985648512840271,2
4_encoder_matrix,NMC,mlp__rtdl_resnet,18,0,0.8021063208580017,2
4_encoder_matrix,NMC,mlp__rtdl_resnet,22,0,1.6033352613449097,2
4_encoder_matrix,NMC,mlp__rtdl_resnet,27,0,1.8611502647399902,2
4_encoder_matrix,NMC,mlp__rtdl_resnet,33,0,4.108758449554443,2
4_encoder_matrix,NMC,mlp__rtdl_resnet,38,0,1.5868550539016724,2
4_encoder_matrix,NMC,mlp__rtdl_resnet,39,0,1.482776165008545,2
4_encoder_matrix,NMC,mlp__rtdl_resnet,4,1,1.6317371129989624,2
4_encoder_matrix,NMC,mlp__rtdl_resnet,7,1,1.738864779472351,2
4_encoder_matrix,NMC,mlp__rtdl_resnet,11,1,1.1770668029785156,2
4_encoder_matrix,NMC,mlp__rtdl_resnet,18,1,1.1305607557296753,2
4_encoder_matrix,NMC,mlp__rtdl_resnet,22,1,1.4843103885650635,2
4_encoder_matrix,NMC,mlp__rtdl_resnet,27,1,1.8279086351394653,2
4_encoder_matrix,NMC,mlp__rtdl_resnet,33,1,4.21824312210083,2
4_encoder_matrix,NMC,mlp__rtdl_resnet,38,1,1.7713669538497925,2
4_encoder_matrix,NMC,mlp__rtdl_resnet,39,1,2.0622847080230713,2
4_encoder_matrix,NMC,mlp__rtdl_resnet,4,2,2.134287118911743,2
4_encoder_matrix,NMC,mlp__rtdl_resnet,7,2,2.1177237033843994,2
4_encoder_matrix,NMC,mlp__rtdl_resnet,11,2,0.9529862999916077,2
4_encoder_matrix,NMC,mlp__rtdl_resnet,18,2,0.8274670839309692,2
4_encoder_matrix,NMC,mlp__rtdl_resnet,22,2,1.4143975973129272,2
4_encoder_matrix,NMC,mlp__rtdl_resnet,27,2,2.137315511703491,2
4_encoder_matrix,NMC,mlp__rtdl_resnet,33,2,3.5541446208953857,2
4_encoder_matrix,NMC,mlp__rtdl_resnet,38,2,1.6491446495056152,2
4_encoder_matrix,NMC,mlp__rtdl_resnet,39,2,1.5093340873718262,2
4_encoder_matrix,NMC,mlp__rtdl_resnet,1,0,1.9629836082458496,3
4_encoder_matrix,NMC,mlp__rtdl_resnet,10,0,1.0709162950515747,3
4_encoder_matrix,NMC,mlp__rtdl_resnet,12,0,0.825947642326355,3
4_encoder_matrix,NMC,mlp__rtdl_resnet,13,0,1.445120930671692,3
4_encoder_matrix,NMC,mlp__rtdl_resnet,16,0,1.6329418420791626,3
4_encoder_matrix,NMC,mlp__rtdl_resnet,20,0,0.9840540885925293,3
4_encoder_matrix,NMC,mlp__rtdl_resnet,23,0,1.2935189008712769,3
4_encoder_matrix,NMC,mlp__rtdl_resnet,31,0,0.9618873000144958,3
4_encoder_matrix,NMC,mlp__rtdl_resnet,40,0,1.4853801727294922,3
4_encoder_matrix,NMC,mlp__rtdl_resnet,1,1,1.617050051689148,3
4_encoder_matrix,NMC,mlp__rtdl_resnet,10,1,1.2447223663330078,3
4_encoder_matrix,NMC,mlp__rtdl_resnet,12,1,0.9234393239021301,3
4_encoder_matrix,NMC,mlp__rtdl_resnet,13,1,1.340094804763794,3
4_encoder_matrix,NMC,mlp__rtdl_resnet,16,1,1.9098081588745117,3
4_encoder_matrix,NMC,mlp__rtdl_resnet,20,1,1.107731819152832,3
4_encoder_matrix,NMC,mlp__rtdl_resnet,23,1,1.3865340948104858,3
4_encoder_matrix,NMC,mlp__rtdl_resnet,31,1,1.3423837423324585,3
4_encoder_matrix,NMC,mlp__rtdl_resnet,40,1,1.5013236999511719,3
4_encoder_matrix,NMC,mlp__rtdl_resnet,1,2,1.9408912658691406,3
4_encoder_matrix,NMC,mlp__rtdl_resnet,10,2,0.93575119972229,3
4_encoder_matrix,NMC,mlp__rtdl_resnet,12,2,0.8267001509666443,3
4_encoder_matrix,NMC,mlp__rtdl_resnet,13,2,1.5558750629425049,3
4_encoder_matrix,NMC,mlp__rtdl_resnet,16,2,1.9995206594467163,3
4_encoder_matrix,NMC,mlp__rtdl_resnet,20,2,1.2694982290267944,3
4_encoder_matrix,NMC,mlp__rtdl_resnet,23,2,1.2814487218856812,3
4_encoder_matrix,NMC,mlp__rtdl_resnet,31,2,1.135707974433899,3
4_encoder_matrix,NMC,mlp__rtdl_resnet,40,2,1.5780527591705322,3
4_encoder_matrix,NMC,mlp__rtdl_resnet,2,0,0.9055660367012024,4
4_encoder_matrix,NMC,mlp__rtdl_resnet,3,0,1.0369889736175537,4
4_encoder_matrix,NMC,mlp__rtdl_resnet,9,0,0.9838637709617615,4
4_encoder_matrix,NMC,mlp__rtdl_resnet,14,0,2.450937032699585,4
4_encoder_matrix,NMC,mlp__rtdl_resnet,15,0,1.9790714979171753,4
4_encoder_matrix,NMC,mlp__rtdl_resnet,34,0,3.107386350631714,4
4_encoder_matrix,NMC,mlp__rtdl_resnet,37,0,1.6231743097305298,4
4_encoder_matrix,NMC,mlp__rtdl_resnet,43,0,1.8951536417007446,4
4_encoder_matrix,NMC,mlp__rtdl_resnet,2,1,0.959251880645752,4
4_encoder_matrix,NMC,mlp__rtdl_resnet,3,1,1.1953754425048828,4
4_encoder_matrix,NMC,mlp__rtdl_resnet,9,1,1.1470328569412231,4
4_encoder_matrix,NMC,mlp__rtdl_resnet,14,1,2.282423496246338,4
4_encoder_matrix,NMC,mlp__rtdl_resnet,15,1,1.834270715713501,4
4_encoder_matrix,NMC,mlp__rtdl_resnet,34,1,3.3871355056762695,4
4_encoder_matrix,NMC,mlp__rtdl_resnet,37,1,1.6784971952438354,4
4_encoder_matrix,NMC,mlp__rtdl_resnet,43,1,1.9899588823318481,4
4_encoder_matrix,NMC,mlp__rtdl_resnet,2,2,0.9985502362251282,4
4_encoder_matrix,NMC,mlp__rtdl_resnet,3,2,1.2245851755142212,4
4_encoder_matrix,NMC,mlp__rtdl_resnet,9,2,0.9602746963500977,4
4_encoder_matrix,NMC,mlp__rtdl_resnet,14,2,2.548950672149658,4
4_encoder_matrix,NMC,mlp__rtdl_resnet,15,2,2.309234380722046,4
4_encoder_matrix,NMC,mlp__rtdl_resnet,34,2,2.5787127017974854,4
4_encoder_matrix,NMC,mlp__rtdl_resnet,37,2,1.8880460262298584,4
4_encoder_matrix,NMC,mlp__rtdl_resnet,43,2,2.082615375518799,4
4_encoder_matrix,NMC,mlp__rtdl_ft_transformer,5,0,1.3495514392852783,0
4_encoder_matrix,NMC,mlp__rtdl_ft_transformer,8,0,3.597677707672119,0
4_encoder_matrix,NMC,mlp__rtdl_ft_transformer,21,0,1.7564443349838257,0
4_encoder_matrix,NMC,mlp__rtdl_ft_transformer,24,0,1.4359378814697266,0
4_encoder_matrix,NMC,mlp__rtdl_ft_transformer,26,0,1.916472315788269,0
4_encoder_matrix,NMC,mlp__rtdl_ft_transformer,29,0,1.7579426765441895,0
4_encoder_matrix,NMC,mlp__rtdl_ft_transformer,41,0,2.1464600563049316,0
4_encoder_matrix,NMC,mlp__rtdl_ft_transformer,42,0,2.6336331367492676,0
4_encoder_matrix,NMC,mlp__rtdl_ft_transformer,44,0,1.5641446113586426,0
4_encoder_matrix,NMC,mlp__rtdl_ft_transformer,5,1,1.3022994995117188,0
4_encoder_matrix,NMC,mlp__rtdl_ft_transformer,8,1,4.008924961090088,0
4_encoder_matrix,NMC,mlp__rtdl_ft_transformer,21,1,1.9003655910491943,0
4_encoder_matrix,NMC,mlp__rtdl_ft_transformer,24,1,1.3967738151550293,0
4_encoder_matrix,NMC,mlp__rtdl_ft_transformer,26,1,1.5623244047164917,0
4_encoder_matrix,NMC,mlp__rtdl_ft_transformer,29,1,1.8197137117385864,0
4_encoder_matrix,NMC,mlp__rtdl_ft_transformer,41,1,2.324808359146118,0
4_encoder_matrix,NMC,mlp__rtdl_ft_transformer,42,1,2.931309461593628,0
4_encoder_matrix,NMC,mlp__rtdl_ft_transformer,44,1,1.6807310581207275,0
4_encoder_matrix,NMC,mlp__rtdl_ft_transformer,5,2,1.2774614095687866,0
4_encoder_matrix,NMC,mlp__rtdl_ft_transformer,8,2,2.8460397720336914,0
4_encoder_matrix,NMC,mlp__rtdl_ft_transformer,21,2,1.5384918451309204,0
4_encoder_matrix,NMC,mlp__rtdl_ft_transformer,24,2,1.5426697731018066,0
4_encoder_matrix,NMC,mlp__rtdl_ft_transformer,26,2,1.7576065063476562,0
4_encoder_matrix,NMC,mlp__rtdl_ft_transformer,29,2,1.9024994373321533,0
4_encoder_matrix,NMC,mlp__rtdl_ft_transformer,41,2,2.6245346069335938,0
4_encoder_matrix,NMC,mlp__rtdl_ft_transformer,42,2,2.2858173847198486,0
4_encoder_matrix,NMC,mlp__rtdl_ft_transformer,44,2,1.817549228668213,0
4_encoder_matrix,NMC,mlp__rtdl_ft_transformer,6,0,3.6510939598083496,1
4_encoder_matrix,NMC,mlp__rtdl_ft_transformer,17,0,1.4396108388900757,1
4_encoder_matrix,NMC,mlp__rtdl_ft_transformer,19,0,1.194530963897705,1
4_encoder_matrix,NMC,mlp__rtdl_ft_transformer,25,0,1.9662412405014038,1
4_encoder_matrix,NMC,mlp__rtdl_ft_transformer,28,0,1.6434311866760254,1
4_encoder_matrix,NMC,mlp__rtdl_ft_transformer,30,0,1.3531848192214966,1
4_encoder_matrix,NMC,mlp__rtdl_ft_transformer,32,0,2.362746000289917,1
4_encoder_matrix,NMC,mlp__rtdl_ft_transformer,35,0,4.8569746017456055,1
4_encoder_matrix,NMC,mlp__rtdl_ft_transformer,36,0,4.109091758728027,1
4_encoder_matrix,NMC,mlp__rtdl_ft_transformer,6,1,3.0674033164978027,1
4_encoder_matrix,NMC,mlp__rtdl_ft_transformer,17,1,1.1819288730621338,1
4_encoder_matrix,NMC,mlp__rtdl_ft_transformer,19,1,1.944400429725647,1
4_encoder_matrix,NMC,mlp__rtdl_ft_transformer,25,1,2.722513437271118,1
4_encoder_matrix,NMC,mlp__rtdl_ft_transformer,28,1,2.1439120769500732,1
4_encoder_matrix,NMC,mlp__rtdl_ft_transformer,30,1,1.841528058052063,1
4_encoder_matrix,NMC,mlp__rtdl_ft_transformer,32,1,3.358548164367676,1
4_encoder_matrix,NMC,mlp__rtdl_ft_transformer,35,1,4.9925537109375,1
4_encoder_matrix,NMC,mlp__rtdl_ft_transformer,36,1,4.630242824554443,1
4_encoder_matrix,NMC,mlp__rtdl_ft_transformer,6,2,3.1728649139404297,1
4_encoder_matrix,NMC,mlp__rtdl_ft_transformer,17,2,1.1483092308044434,1
4_encoder_matrix,NMC,mlp__rtdl_ft_transformer,19,2,2.1932148933410645,1
4_encoder_matrix,NMC,mlp__rtdl_ft_transformer,25,2,2.77994966506958,1
4_encoder_matrix,NMC,mlp__rtdl_ft_transformer,28,2,2.033447265625,1
4_encoder_matrix,NMC,mlp__rtdl_ft_transformer,30,2,2.555844783782959,1
4_encoder_matrix,NMC,mlp__rtdl_ft_transformer,32,2,3.8247528076171875,1
4_encoder_matrix,NMC,mlp__rtdl_ft_transformer,35,2,5.691158771514893,1
4_encoder_matrix,NMC,mlp__rtdl_ft_transformer,36,2,5.223741054534912,1
4_encoder_matrix,NMC,mlp__rtdl_ft_transformer,4,0,2.8202927112579346,2
4_encoder_matrix,NMC,mlp__rtdl_ft_transformer,7,0,2.346092462539673,2
4_encoder_matrix,NMC,mlp__rtdl_ft_transformer,11,0,1.1632001399993896,2
4_encoder_matrix,NMC,mlp__rtdl_ft_transformer,18,0,0.9276580810546875,2
4_encoder_matrix,NMC,mlp__rtdl_ft_transformer,22,0,1.7558268308639526,2
4_encoder_matrix,NMC,mlp__rtdl_ft_transformer,27,0,2.378678560256958,2
4_encoder_matrix,NMC,mlp__rtdl_ft_transformer,33,0,4.4532647132873535,2
4_encoder_matrix,NMC,mlp__rtdl_ft_transformer,38,0,1.8270617723464966,2
4_encoder_matrix,NMC,mlp__rtdl_ft_transformer,39,0,2.0720112323760986,2
4_encoder_matrix,NMC,mlp__rtdl_ft_transformer,4,1,2.4554271697998047,2
4_encoder_matrix,NMC,mlp__rtdl_ft_transformer,7,1,2.183638572692871,2
4_encoder_matrix,NMC,mlp__rtdl_ft_transformer,11,1,1.0762996673583984,2
4_encoder_matrix,NMC,mlp__rtdl_ft_transformer,18,1,1.2287038564682007,2
4_encoder_matrix,NMC,mlp__rtdl_ft_transformer,22,1,1.4006283283233643,2
4_encoder_matrix,NMC,mlp__rtdl_ft_transformer,27,1,2.0958950519561768,2
4_encoder_matrix,NMC,mlp__rtdl_ft_transformer,33,1,4.889777183532715,2
4_encoder_matrix,NMC,mlp__rtdl_ft_transformer,38,1,1.8161542415618896,2
4_encoder_matrix,NMC,mlp__rtdl_ft_transformer,39,1,2.461665153503418,2
4_encoder_matrix,NMC,mlp__rtdl_ft_transformer,4,2,2.949171781539917,2
4_encoder_matrix,NMC,mlp__rtdl_ft_transformer,7,2,2.6883788108825684,2
4_encoder_matrix,NMC,mlp__rtdl_ft_transformer,11,2,1.0334811210632324,2
4_encoder_matrix,NMC,mlp__rtdl_ft_transformer,18,2,0.7667244672775269,2
4_encoder_matrix,NMC,mlp__rtdl_ft_transformer,22,2,1.6502091884613037,2
4_encoder_matrix,NMC,mlp__rtdl_ft_transformer,27,2,1.937978982925415,2
4_encoder_matrix,NMC,mlp__rtdl_ft_transformer,33,2,4.07863712310791,2
4_encoder_matrix,NMC,mlp__rtdl_ft_transformer,38,2,1.6645876169204712,2
4_encoder_matrix,NMC,mlp__rtdl_ft_transformer,39,2,1.8621097803115845,2
4_encoder_matrix,NMC,mlp__rtdl_ft_transformer,1,0,2.1710920333862305,3
4_encoder_matrix,NMC,mlp__rtdl_ft_transformer,10,0,1.310211181640625,3
4_encoder_matrix,NMC,mlp__rtdl_ft_transformer,12,0,1.0617132186889648,3
4_encoder_matrix,NMC,mlp__rtdl_ft_transformer,13,0,1.8493297100067139,3
4_encoder_matrix,NMC,mlp__rtdl_ft_transformer,16,0,2.185314416885376,3
4_encoder_matrix,NMC,mlp__rtdl_ft_transformer,20,0,1.1669890880584717,3
4_encoder_matrix,NMC,mlp__rtdl_ft_transformer,23,0,1.5574047565460205,3
4_encoder_matrix,NMC,mlp__rtdl_ft_transformer,31,0,1.525183916091919,3
4_encoder_matrix,NMC,mlp__rtdl_ft_transformer,40,0,1.7201865911483765,3
4_encoder_matrix,NMC,mlp__rtdl_ft_transformer,1,1,3.099055528640747,3
4_encoder_matrix,NMC,mlp__rtdl_ft_transformer,10,1,1.5976415872573853,3
4_encoder_matrix,NMC,mlp__rtdl_ft_transformer,12,1,1.3630465269088745,3
4_encoder_matrix,NMC,mlp__rtdl_ft_transformer,13,1,2.3968958854675293,3
4_encoder_matrix,NMC,mlp__rtdl_ft_transformer,16,1,2.811239242553711,3
4_encoder_matrix,NMC,mlp__rtdl_ft_transformer,20,1,1.2749680280685425,3
4_encoder_matrix,NMC,mlp__rtdl_ft_transformer,23,1,2.1336171627044678,3
4_encoder_matrix,NMC,mlp__rtdl_ft_transformer,31,1,1.9459284543991089,3
4_encoder_matrix,NMC,mlp__rtdl_ft_transformer,40,1,1.9977750778198242,3
4_encoder_matrix,NMC,mlp__rtdl_ft_transformer,1,2,2.4744889736175537,3
4_encoder_matrix,NMC,mlp__rtdl_ft_transformer,10,2,1.123409628868103,3
4_encoder_matrix,NMC,mlp__rtdl_ft_transformer,12,2,0.8967396020889282,3
4_encoder_matrix,NMC,mlp__rtdl_ft_transformer,13,2,1.5836845636367798,3
4_encoder_matrix,NMC,mlp__rtdl_ft_transformer,16,2,2.054551362991333,3
4_encoder_matrix,NMC,mlp__rtdl_ft_transformer,20,2,1.147877812385559,3
4_encoder_matrix,NMC,mlp__rtdl_ft_transformer,23,2,1.4478083848953247,3
4_encoder_matrix,NMC,mlp__rtdl_ft_transformer,31,2,1.3962955474853516,3
4_encoder_matrix,NMC,mlp__rtdl_ft_transformer,40,2,1.7003825902938843,3
4_encoder_matrix,NMC,mlp__rtdl_ft_transformer,2,0,1.3094286918640137,4
4_encoder_matrix,NMC,mlp__rtdl_ft_transformer,3,0,1.3879388570785522,4
4_encoder_matrix,NMC,mlp__rtdl_ft_transformer,9,0,1.494506597518921,4
4_encoder_matrix,NMC,mlp__rtdl_ft_transformer,14,0,2.6625311374664307,4
4_encoder_matrix,NMC,mlp__rtdl_ft_transformer,15,0,2.340296983718872,4
4_encoder_matrix,NMC,mlp__rtdl_ft_transformer,34,0,3.6785826683044434,4
4_encoder_matrix,NMC,mlp__rtdl_ft_transformer,37,0,2.015592098236084,4
4_encoder_matrix,NMC,mlp__rtdl_ft_transformer,43,0,1.8274052143096924,4
4_encoder_matrix,NMC,mlp__rtdl_ft_transformer,2,1,1.2820321321487427,4
4_encoder_matrix,NMC,mlp__rtdl_ft_transformer,3,1,1.297510027885437,4
4_encoder_matrix,NMC,mlp__rtdl_ft_transformer,9,1,1.4347273111343384,4
4_encoder_matrix,NMC,mlp__rtdl_ft_transformer,14,1,2.6251561641693115,4
4_encoder_matrix,NMC,mlp__rtdl_ft_transformer,15,1,2.2332022190093994,4
4_encoder_matrix,NMC,mlp__rtdl_ft_transformer,34,1,3.861821174621582,4
4_encoder_matrix,NMC,mlp__rtdl_ft_transformer,37,1,1.9687106609344482,4
4_encoder_matrix,NMC,mlp__rtdl_ft_transformer,43,1,1.8831632137298584,4
4_encoder_matrix,NMC,mlp__rtdl_ft_transformer,2,2,1.1955292224884033,4
4_encoder_matrix,NMC,mlp__rtdl_ft_transformer,3,2,1.3421833515167236,4
4_encoder_matrix,NMC,mlp__rtdl_ft_transformer,9,2,0.9327338933944702,4
4_encoder_matrix,NMC,mlp__rtdl_ft_transformer,14,2,2.819321393966675,4
4_encoder_matrix,NMC,mlp__rtdl_ft_transformer,15,2,2.4267656803131104,4
4_encoder_matrix,NMC,mlp__rtdl_ft_transformer,34,2,3.2728676795959473,4
4_encoder_matrix,NMC,mlp__rtdl_ft_transformer,37,2,1.830394983291626,4
4_encoder_matrix,NMC,mlp__rtdl_ft_transformer,43,2,2.024009943008423,4
4_encoder_matrix,NMC,tcn__current_mlp,5,0,0.9238595962524414,0
4_encoder_matrix,NMC,tcn__current_mlp,8,0,4.52432107925415,0
4_encoder_matrix,NMC,tcn__current_mlp,21,0,2.095870018005371,0
4_encoder_matrix,NMC,tcn__current_mlp,24,0,0.9138076901435852,0
4_encoder_matrix,NMC,tcn__current_mlp,26,0,1.7802915573120117,0
4_encoder_matrix,NMC,tcn__current_mlp,29,0,1.460929036140442,0
4_encoder_matrix,NMC,tcn__current_mlp,41,0,1.6640751361846924,0
4_encoder_matrix,NMC,tcn__current_mlp,42,0,2.9506540298461914,0
4_encoder_matrix,NMC,tcn__current_mlp,44,0,1.2886866331100464,0
4_encoder_matrix,NMC,tcn__current_mlp,5,1,1.3359953165054321,0
4_encoder_matrix,NMC,tcn__current_mlp,8,1,5.24464750289917,0
4_encoder_matrix,NMC,tcn__current_mlp,21,1,2.8200056552886963,0
4_encoder_matrix,NMC,tcn__current_mlp,24,1,1.1442418098449707,0
4_encoder_matrix,NMC,tcn__current_mlp,26,1,1.9580682516098022,0
4_encoder_matrix,NMC,tcn__current_mlp,29,1,1.6334840059280396,0
4_encoder_matrix,NMC,tcn__current_mlp,41,1,1.8056687116622925,0
4_encoder_matrix,NMC,tcn__current_mlp,42,1,3.696342945098877,0
4_encoder_matrix,NMC,tcn__current_mlp,44,1,1.7928165197372437,0
4_encoder_matrix,NMC,tcn__current_mlp,5,2,1.0295236110687256,0
4_encoder_matrix,NMC,tcn__current_mlp,8,2,4.88124942779541,0
4_encoder_matrix,NMC,tcn__current_mlp,21,2,2.4335360527038574,0
4_encoder_matrix,NMC,tcn__current_mlp,24,2,0.9157848358154297,0
4_encoder_matrix,NMC,tcn__current_mlp,26,2,1.7275885343551636,0
4_encoder_matrix,NMC,tcn__current_mlp,29,2,2.0182862281799316,0
4_encoder_matrix,NMC,tcn__current_mlp,41,2,2.2521729469299316,0
4_encoder_matrix,NMC,tcn__current_mlp,42,2,3.4739301204681396,0
4_encoder_matrix,NMC,tcn__current_mlp,44,2,1.7911990880966187,0
4_encoder_matrix,NMC,tcn__current_mlp,6,0,3.3031184673309326,1
4_encoder_matrix,NMC,tcn__current_mlp,17,0,1.8720906972885132,1
4_encoder_matrix,NMC,tcn__current_mlp,19,0,1.0902175903320312,1
4_encoder_matrix,NMC,tcn__current_mlp,25,0,1.357020378112793,1
4_encoder_matrix,NMC,tcn__current_mlp,28,0,1.1114654541015625,1
4_encoder_matrix,NMC,tcn__current_mlp,30,0,1.7228999137878418,1
4_encoder_matrix,NMC,tcn__current_mlp,32,0,1.729080080986023,1
4_encoder_matrix,NMC,tcn__current_mlp,35,0,3.965874195098877,1
4_encoder_matrix,NMC,tcn__current_mlp,36,0,3.380488395690918,1
4_encoder_matrix,NMC,tcn__current_mlp,6,1,3.1433145999908447,1
4_encoder_matrix,NMC,tcn__current_mlp,17,1,1.530949354171753,1
4_encoder_matrix,NMC,tcn__current_mlp,19,1,1.2257236242294312,1
4_encoder_matrix,NMC,tcn__current_mlp,25,1,1.6663975715637207,1
4_encoder_matrix,NMC,tcn__current_mlp,28,1,1.5287189483642578,1
4_encoder_matrix,NMC,tcn__current_mlp,30,1,1.7117692232131958,1
4_encoder_matrix,NMC,tcn__current_mlp,32,1,2.052372455596924,1
4_encoder_matrix,NMC,tcn__current_mlp,35,1,4.1672139167785645,1
4_encoder_matrix,NMC,tcn__current_mlp,36,1,3.5713319778442383,1
4_encoder_matrix,NMC,tcn__current_mlp,6,2,3.562795400619507,1
4_encoder_matrix,NMC,tcn__current_mlp,17,2,1.9397926330566406,1
4_encoder_matrix,NMC,tcn__current_mlp,19,2,1.3696305751800537,1
4_encoder_matrix,NMC,tcn__current_mlp,25,2,1.9800845384597778,1
4_encoder_matrix,NMC,tcn__current_mlp,28,2,1.5643198490142822,1
4_encoder_matrix,NMC,tcn__current_mlp,30,2,1.7581650018692017,1
4_encoder_matrix,NMC,tcn__current_mlp,32,2,1.9995002746582031,1
4_encoder_matrix,NMC,tcn__current_mlp,35,2,4.901923179626465,1
4_encoder_matrix,NMC,tcn__current_mlp,36,2,3.8470242023468018,1
4_encoder_matrix,NMC,tcn__current_mlp,4,0,2.252336025238037,2
4_encoder_matrix,NMC,tcn__current_mlp,7,0,2.430018663406372,2
4_encoder_matrix,NMC,tcn__current_mlp,11,0,1.087009072303772,2
4_encoder_matrix,NMC,tcn__current_mlp,18,0,0.9329729080200195,2
4_encoder_matrix,NMC,tcn__current_mlp,22,0,1.6888091564178467,2
4_encoder_matrix,NMC,tcn__current_mlp,27,0,1.638763427734375,2
4_encoder_matrix,NMC,tcn__current_mlp,33,0,3.4408342838287354,2
4_encoder_matrix,NMC,tcn__current_mlp,38,0,1.6432790756225586,2
4_encoder_matrix,NMC,tcn__current_mlp,39,0,1.1836556196212769,2
4_encoder_matrix,NMC,tcn__current_mlp,4,1,2.1276118755340576,2
4_encoder_matrix,NMC,tcn__current_mlp,7,1,2.164489507675171,2
4_encoder_matrix,NMC,tcn__current_mlp,11,1,1.1013305187225342,2
4_encoder_matrix,NMC,tcn__current_mlp,18,1,0.843828558921814,2
4_encoder_matrix,NMC,tcn__current_mlp,22,1,1.875706434249878,2
4_encoder_matrix,NMC,tcn__current_mlp,27,1,1.791682243347168,2
4_encoder_matrix,NMC,tcn__current_mlp,33,1,3.9502933025360107,2
4_encoder_matrix,NMC,tcn__current_mlp,38,1,1.7591711282730103,2
4_encoder_matrix,NMC,tcn__current_mlp,39,1,1.7493064403533936,2
4_encoder_matrix,NMC,tcn__current_mlp,4,2,2.3514199256896973,2
4_encoder_matrix,NMC,tcn__current_mlp,7,2,2.780029773712158,2
4_encoder_matrix,NMC,tcn__current_mlp,11,2,1.162172555923462,2
4_encoder_matrix,NMC,tcn__current_mlp,18,2,1.2291600704193115,2
4_encoder_matrix,NMC,tcn__current_mlp,22,2,1.6831762790679932,2
4_encoder_matrix,NMC,tcn__current_mlp,27,2,2.1024482250213623,2
4_encoder_matrix,NMC,tcn__current_mlp,33,2,3.7911059856414795,2
4_encoder_matrix,NMC,tcn__current_mlp,38,2,1.86703622341156,2
4_encoder_matrix,NMC,tcn__current_mlp,39,2,1.6868717670440674,2
4_encoder_matrix,NMC,tcn__current_mlp,1,0,2.025695562362671,3
4_encoder_matrix,NMC,tcn__current_mlp,10,0,0.8875778913497925,3
4_encoder_matrix,NMC,tcn__current_mlp,12,0,0.9195889830589294,3
4_encoder_matrix,NMC,tcn__current_mlp,13,0,1.7178682088851929,3
4_encoder_matrix,NMC,tcn__current_mlp,16,0,1.9035978317260742,3
4_encoder_matrix,NMC,tcn__current_mlp,20,0,1.21011483669281,3
4_encoder_matrix,NMC,tcn__current_mlp,23,0,1.3161447048187256,3
4_encoder_matrix,NMC,tcn__current_mlp,31,0,1.3096628189086914,3
4_encoder_matrix,NMC,tcn__current_mlp,40,0,1.5246509313583374,3
4_encoder_matrix,NMC,tcn__current_mlp,1,1,2.0495071411132812,3
4_encoder_matrix,NMC,tcn__current_mlp,10,1,1.0074400901794434,3
4_encoder_matrix,NMC,tcn__current_mlp,12,1,0.859026312828064,3
4_encoder_matrix,NMC,tcn__current_mlp,13,1,1.6891491413116455,3
4_encoder_matrix,NMC,tcn__current_mlp,16,1,2.1933069229125977,3
4_encoder_matrix,NMC,tcn__current_mlp,20,1,1.1985021829605103,3
4_encoder_matrix,NMC,tcn__current_mlp,23,1,1.444426417350769,3
4_encoder_matrix,NMC,tcn__current_mlp,31,1,1.2159258127212524,3
4_encoder_matrix,NMC,tcn__current_mlp,40,1,1.7249895334243774,3
4_encoder_matrix,NMC,tcn__current_mlp,1,2,1.6954853534698486,3
4_encoder_matrix,NMC,tcn__current_mlp,10,2,1.0805143117904663,3
4_encoder_matrix,NMC,tcn__current_mlp,12,2,1.0469599962234497,3
4_encoder_matrix,NMC,tcn__current_mlp,13,2,1.5075883865356445,3
4_encoder_matrix,NMC,tcn__current_mlp,16,2,1.8981930017471313,3
4_encoder_matrix,NMC,tcn__current_mlp,20,2,1.2919377088546753,3
4_encoder_matrix,NMC,tcn__current_mlp,23,2,1.484061360359192,3
4_encoder_matrix,NMC,tcn__current_mlp,31,2,1.677011489868164,3
4_encoder_matrix,NMC,tcn__current_mlp,40,2,1.5551782846450806,3
4_encoder_matrix,NMC,tcn__current_mlp,2,0,0.8391905426979065,4
4_encoder_matrix,NMC,tcn__current_mlp,3,0,1.0501881837844849,4
4_encoder_matrix,NMC,tcn__current_mlp,9,0,1.1472299098968506,4
4_encoder_matrix,NMC,tcn__current_mlp,14,0,2.221311330795288,4
4_encoder_matrix,NMC,tcn__current_mlp,15,0,1.8386952877044678,4
4_encoder_matrix,NMC,tcn__current_mlp,34,0,2.886277437210083,4
4_encoder_matrix,NMC,tcn__current_mlp,37,0,1.6855772733688354,4
4_encoder_matrix,NMC,tcn__current_mlp,43,0,1.986433744430542,4
4_encoder_matrix,NMC,tcn__current_mlp,2,1,1.1492829322814941,4
4_encoder_matrix,NMC,tcn__current_mlp,3,1,1.3846485614776611,4
4_encoder_matrix,NMC,tcn__current_mlp,9,1,1.2141308784484863,4
4_encoder_matrix,NMC,tcn__current_mlp,14,1,2.3835158348083496,4
4_encoder_matrix,NMC,tcn__current_mlp,15,1,1.8556811809539795,4
4_encoder_matrix,NMC,tcn__current_mlp,34,1,3.196626901626587,4
4_encoder_matrix,NMC,tcn__current_mlp,37,1,1.5417442321777344,4
4_encoder_matrix,NMC,tcn__current_mlp,43,1,1.8012226819992065,4
4_encoder_matrix,NMC,tcn__current_mlp,2,2,1.1072701215744019,4
4_encoder_matrix,NMC,tcn__current_mlp,3,2,1.2822117805480957,4
4_encoder_matrix,NMC,tcn__current_mlp,9,2,0.933380126953125,4
4_encoder_matrix,NMC,tcn__current_mlp,14,2,2.4940967559814453,4
4_encoder_matrix,NMC,tcn__current_mlp,15,2,2.0063421726226807,4
4_encoder_matrix,NMC,tcn__current_mlp,34,2,3.140752077102661,4
4_encoder_matrix,NMC,tcn__current_mlp,37,2,1.9765602350234985,4
4_encoder_matrix,NMC,tcn__current_mlp,43,2,2.370216131210327,4
4_encoder_matrix,NMC,tcn__rtdl_resnet,5,0,1.095223307609558,0
4_encoder_matrix,NMC,tcn__rtdl_resnet,8,0,3.972003936767578,0
4_encoder_matrix,NMC,tcn__rtdl_resnet,21,0,1.788621187210083,0
4_encoder_matrix,NMC,tcn__rtdl_resnet,24,0,1.3624138832092285,0
4_encoder_matrix,NMC,tcn__rtdl_resnet,26,0,1.6569797992706299,0
4_encoder_matrix,NMC,tcn__rtdl_resnet,29,0,1.7223931550979614,0
4_encoder_matrix,NMC,tcn__rtdl_resnet,41,0,1.9663493633270264,0
4_encoder_matrix,NMC,tcn__rtdl_resnet,42,0,2.7377254962921143,0
4_encoder_matrix,NMC,tcn__rtdl_resnet,44,0,1.3637104034423828,0
4_encoder_matrix,NMC,tcn__rtdl_resnet,5,1,0.9701420664787292,0
4_encoder_matrix,NMC,tcn__rtdl_resnet,8,1,4.846489906311035,0
4_encoder_matrix,NMC,tcn__rtdl_resnet,21,1,2.255796432495117,0
4_encoder_matrix,NMC,tcn__rtdl_resnet,24,1,1.088819980621338,0
4_encoder_matrix,NMC,tcn__rtdl_resnet,26,1,1.798856258392334,0
4_encoder_matrix,NMC,tcn__rtdl_resnet,29,1,1.4895350933074951,0
4_encoder_matrix,NMC,tcn__rtdl_resnet,41,1,1.7605189085006714,0
4_encoder_matrix,NMC,tcn__rtdl_resnet,42,1,3.2544965744018555,0
4_encoder_matrix,NMC,tcn__rtdl_resnet,44,1,1.4407967329025269,0
4_encoder_matrix,NMC,tcn__rtdl_resnet,5,2,0.9154937267303467,0
4_encoder_matrix,NMC,tcn__rtdl_resnet,8,2,3.804072141647339,0
4_encoder_matrix,NMC,tcn__rtdl_resnet,21,2,1.7292077541351318,0
4_encoder_matrix,NMC,tcn__rtdl_resnet,24,2,1.077204704284668,0
4_encoder_matrix,NMC,tcn__rtdl_resnet,26,2,1.605484127998352,0
4_encoder_matrix,NMC,tcn__rtdl_resnet,29,2,1.667878270149231,0
4_encoder_matrix,NMC,tcn__rtdl_resnet,41,2,2.1620543003082275,0
4_encoder_matrix,NMC,tcn__rtdl_resnet,42,2,2.782900810241699,0
4_encoder_matrix,NMC,tcn__rtdl_resnet,44,2,1.5163776874542236,0
4_encoder_matrix,NMC,tcn__rtdl_resnet,6,0,3.2477569580078125,1
4_encoder_matrix,NMC,tcn__rtdl_resnet,17,0,1.1759212017059326,1
4_encoder_matrix,NMC,tcn__rtdl_resnet,19,0,1.1335352659225464,1
4_encoder_matrix,NMC,tcn__rtdl_resnet,25,0,1.9303467273712158,1
4_encoder_matrix,NMC,tcn__rtdl_resnet,28,0,1.542853832244873,1
4_encoder_matrix,NMC,tcn__rtdl_resnet,30,0,1.4685255289077759,1
4_encoder_matrix,NMC,tcn__rtdl_resnet,32,0,2.2534172534942627,1
4_encoder_matrix,NMC,tcn__rtdl_resnet,35,0,4.219409942626953,1
4_encoder_matrix,NMC,tcn__rtdl_resnet,36,0,3.695086717605591,1
4_encoder_matrix,NMC,tcn__rtdl_resnet,6,1,3.3503289222717285,1
4_encoder_matrix,NMC,tcn__rtdl_resnet,17,1,1.5843570232391357,1
4_encoder_matrix,NMC,tcn__rtdl_resnet,19,1,1.1648533344268799,1
4_encoder_matrix,NMC,tcn__rtdl_resnet,25,1,2.1054325103759766,1
4_encoder_matrix,NMC,tcn__rtdl_resnet,28,1,1.6191025972366333,1
4_encoder_matrix,NMC,tcn__rtdl_resnet,30,1,1.2510919570922852,1
4_encoder_matrix,NMC,tcn__rtdl_resnet,32,1,1.904003381729126,1
4_encoder_matrix,NMC,tcn__rtdl_resnet,35,1,4.570850372314453,1
4_encoder_matrix,NMC,tcn__rtdl_resnet,36,1,4.147886753082275,1
4_encoder_matrix,NMC,tcn__rtdl_resnet,6,2,2.932968854904175,1
4_encoder_matrix,NMC,tcn__rtdl_resnet,17,2,1.3568345308303833,1
4_encoder_matrix,NMC,tcn__rtdl_resnet,19,2,1.2977927923202515,1
4_encoder_matrix,NMC,tcn__rtdl_resnet,25,2,1.7983856201171875,1
4_encoder_matrix,NMC,tcn__rtdl_resnet,28,2,1.4654431343078613,1
4_encoder_matrix,NMC,tcn__rtdl_resnet,30,2,1.6169588565826416,1
4_encoder_matrix,NMC,tcn__rtdl_resnet,32,2,2.278883218765259,1
4_encoder_matrix,NMC,tcn__rtdl_resnet,35,2,4.620737075805664,1
4_encoder_matrix,NMC,tcn__rtdl_resnet,36,2,4.0473551750183105,1
4_encoder_matrix,NMC,tcn__rtdl_resnet,4,0,2.420376777648926,2
4_encoder_matrix,NMC,tcn__rtdl_resnet,7,0,2.427487850189209,2
4_encoder_matrix,NMC,tcn__rtdl_resnet,11,0,1.1168464422225952,2
4_encoder_matrix,NMC,tcn__rtdl_resnet,18,0,1.0198451280593872,2
4_encoder_matrix,NMC,tcn__rtdl_resnet,22,0,1.3841924667358398,2
4_encoder_matrix,NMC,tcn__rtdl_resnet,27,0,1.9671285152435303,2
4_encoder_matrix,NMC,tcn__rtdl_resnet,33,0,3.6241238117218018,2
4_encoder_matrix,NMC,tcn__rtdl_resnet,38,0,1.56002676486969,2
4_encoder_matrix,NMC,tcn__rtdl_resnet,39,0,1.5218744277954102,2
4_encoder_matrix,NMC,tcn__rtdl_resnet,4,1,2.091862201690674,2
4_encoder_matrix,NMC,tcn__rtdl_resnet,7,1,2.2549800872802734,2
4_encoder_matrix,NMC,tcn__rtdl_resnet,11,1,0.8308490514755249,2
4_encoder_matrix,NMC,tcn__rtdl_resnet,18,1,0.7795997858047485,2
4_encoder_matrix,NMC,tcn__rtdl_resnet,22,1,1.3435487747192383,2
4_encoder_matrix,NMC,tcn__rtdl_resnet,27,1,1.570316195487976,2
4_encoder_matrix,NMC,tcn__rtdl_resnet,33,1,4.113469123840332,2
4_encoder_matrix,NMC,tcn__rtdl_resnet,38,1,1.1653201580047607,2
4_encoder_matrix,NMC,tcn__rtdl_resnet,39,1,1.2280335426330566,2
4_encoder_matrix,NMC,tcn__rtdl_resnet,4,2,1.818101406097412,2
4_encoder_matrix,NMC,tcn__rtdl_resnet,7,2,2.119300603866577,2
4_encoder_matrix,NMC,tcn__rtdl_resnet,11,2,0.7795323133468628,2
4_encoder_matrix,NMC,tcn__rtdl_resnet,18,2,0.839737594127655,2
4_encoder_matrix,NMC,tcn__rtdl_resnet,22,2,1.201249599456787,2
4_encoder_matrix,NMC,tcn__rtdl_resnet,27,2,1.8025989532470703,2
4_encoder_matrix,NMC,tcn__rtdl_resnet,33,2,4.106144905090332,2
4_encoder_matrix,NMC,tcn__rtdl_resnet,38,2,1.3112413883209229,2
4_encoder_matrix,NMC,tcn__rtdl_resnet,39,2,1.6202393770217896,2
4_encoder_matrix,NMC,tcn__rtdl_resnet,1,0,1.9533512592315674,3
4_encoder_matrix,NMC,tcn__rtdl_resnet,10,0,0.9505629539489746,3
4_encoder_matrix,NMC,tcn__rtdl_resnet,12,0,0.9392417669296265,3
4_encoder_matrix,NMC,tcn__rtdl_resnet,13,0,1.3774429559707642,3
4_encoder_matrix,NMC,tcn__rtdl_resnet,16,0,1.7651649713516235,3
4_encoder_matrix,NMC,tcn__rtdl_resnet,20,0,1.4760466814041138,3
4_encoder_matrix,NMC,tcn__rtdl_resnet,23,0,1.245012879371643,3
4_encoder_matrix,NMC,tcn__rtdl_resnet,31,0,1.2814383506774902,3
4_encoder_matrix,NMC,tcn__rtdl_resnet,40,0,1.4588104486465454,3
4_encoder_matrix,NMC,tcn__rtdl_resnet,1,1,1.9640597105026245,3
4_encoder_matrix,NMC,tcn__rtdl_resnet,10,1,1.315645456314087,3
4_encoder_matrix,NMC,tcn__rtdl_resnet,12,1,0.9908145666122437,3
4_encoder_matrix,NMC,tcn__rtdl_resnet,13,1,1.7233449220657349,3
4_encoder_matrix,NMC,tcn__rtdl_resnet,16,1,1.916730284690857,3
4_encoder_matrix,NMC,tcn__rtdl_resnet,20,1,1.1599611043930054,3
4_encoder_matrix,NMC,tcn__rtdl_resnet,23,1,1.41093909740448,3
4_encoder_matrix,NMC,tcn__rtdl_resnet,31,1,1.3079208135604858,3
4_encoder_matrix,NMC,tcn__rtdl_resnet,40,1,1.7028558254241943,3
4_encoder_matrix,NMC,tcn__rtdl_resnet,1,2,2.184088945388794,3
4_encoder_matrix,NMC,tcn__rtdl_resnet,10,2,1.4881008863449097,3
4_encoder_matrix,NMC,tcn__rtdl_resnet,12,2,1.1727815866470337,3
4_encoder_matrix,NMC,tcn__rtdl_resnet,13,2,1.675697922706604,3
4_encoder_matrix,NMC,tcn__rtdl_resnet,16,2,1.9749009609222412,3
4_encoder_matrix,NMC,tcn__rtdl_resnet,20,2,0.9152157306671143,3
4_encoder_matrix,NMC,tcn__rtdl_resnet,23,2,1.4327261447906494,3
4_encoder_matrix,NMC,tcn__rtdl_resnet,31,2,1.577750325202942,3
4_encoder_matrix,NMC,tcn__rtdl_resnet,40,2,1.384748101234436,3
4_encoder_matrix,NMC,tcn__rtdl_resnet,2,0,0.9915536642074585,4
4_encoder_matrix,NMC,tcn__rtdl_resnet,3,0,1.1661168336868286,4
4_encoder_matrix,NMC,tcn__rtdl_resnet,9,0,1.0984092950820923,4
4_encoder_matrix,NMC,tcn__rtdl_resnet,14,0,2.470369338989258,4
4_encoder_matrix,NMC,tcn__rtdl_resnet,15,0,2.182387590408325,4
4_encoder_matrix,NMC,tcn__rtdl_resnet,34,0,3.2446494102478027,4
4_encoder_matrix,NMC,tcn__rtdl_resnet,37,0,1.734544277191162,4
4_encoder_matrix,NMC,tcn__rtdl_resnet,43,0,1.7490839958190918,4
4_encoder_matrix,NMC,tcn__rtdl_resnet,2,1,1.772213101387024,4
4_encoder_matrix,NMC,tcn__rtdl_resnet,3,1,2.0214617252349854,4
4_encoder_matrix,NMC,tcn__rtdl_resnet,9,1,1.8556344509124756,4
4_encoder_matrix,NMC,tcn__rtdl_resnet,14,1,1.9852505922317505,4
4_encoder_matrix,NMC,tcn__rtdl_resnet,15,1,1.6922932863235474,4
4_encoder_matrix,NMC,tcn__rtdl_resnet,34,1,3.2251431941986084,4
4_encoder_matrix,NMC,tcn__rtdl_resnet,37,1,1.2571370601654053,4
4_encoder_matrix,NMC,tcn__rtdl_resnet,43,1,1.0745444297790527,4
4_encoder_matrix,NMC,tcn__rtdl_resnet,2,2,1.2037935256958008,4
4_encoder_matrix,NMC,tcn__rtdl_resnet,3,2,1.2744182348251343,4
4_encoder_matrix,NMC,tcn__rtdl_resnet,9,2,1.4257099628448486,4
4_encoder_matrix,NMC,tcn__rtdl_resnet,14,2,2.4443976879119873,4
4_encoder_matrix,NMC,tcn__rtdl_resnet,15,2,2.029599905014038,4
4_encoder_matrix,NMC,tcn__rtdl_resnet,34,2,3.6262173652648926,4
4_encoder_matrix,NMC,tcn__rtdl_resnet,37,2,1.899765968322754,4
4_encoder_matrix,NMC,tcn__rtdl_resnet,43,2,2.0056543350219727,4
4_encoder_matrix,NMC,tcn__rtdl_ft_transformer,5,0,1.203033447265625,0
4_encoder_matrix,NMC,tcn__rtdl_ft_transformer,8,0,3.247776508331299,0
4_encoder_matrix,NMC,tcn__rtdl_ft_transformer,21,0,1.5178358554840088,0
4_encoder_matrix,NMC,tcn__rtdl_ft_transformer,24,0,1.526747703552246,0
4_encoder_matrix,NMC,tcn__rtdl_ft_transformer,26,0,1.7527196407318115,0
4_encoder_matrix,NMC,tcn__rtdl_ft_transformer,29,0,1.8871139287948608,0
4_encoder_matrix,NMC,tcn__rtdl_ft_transformer,41,0,2.6618118286132812,0
4_encoder_matrix,NMC,tcn__rtdl_ft_transformer,42,0,2.674140691757202,0
4_encoder_matrix,NMC,tcn__rtdl_ft_transformer,44,0,1.9540940523147583,0
4_encoder_matrix,NMC,tcn__rtdl_ft_transformer,5,1,1.6546473503112793,0
4_encoder_matrix,NMC,tcn__rtdl_ft_transformer,8,1,3.9492053985595703,0
4_encoder_matrix,NMC,tcn__rtdl_ft_transformer,21,1,1.948524832725525,0
4_encoder_matrix,NMC,tcn__rtdl_ft_transformer,24,1,2.077824354171753,0
4_encoder_matrix,NMC,tcn__rtdl_ft_transformer,26,1,2.068789482116699,0
4_encoder_matrix,NMC,tcn__rtdl_ft_transformer,29,1,2.063943862915039,0
4_encoder_matrix,NMC,tcn__rtdl_ft_transformer,41,1,2.8485641479492188,0
4_encoder_matrix,NMC,tcn__rtdl_ft_transformer,42,1,3.089294195175171,0
4_encoder_matrix,NMC,tcn__rtdl_ft_transformer,44,1,2.1033332347869873,0
4_encoder_matrix,NMC,tcn__rtdl_ft_transformer,5,2,1.6321994066238403,0
4_encoder_matrix,NMC,tcn__rtdl_ft_transformer,8,2,4.527677536010742,0
4_encoder_matrix,NMC,tcn__rtdl_ft_transformer,21,2,2.360473394393921,0
4_encoder_matrix,NMC,tcn__rtdl_ft_transformer,24,2,1.3849273920059204,0
4_encoder_matrix,NMC,tcn__rtdl_ft_transformer,26,2,2.209470272064209,0
4_encoder_matrix,NMC,tcn__rtdl_ft_transformer,29,2,1.7494544982910156,0
4_encoder_matrix,NMC,tcn__rtdl_ft_transformer,41,2,2.610691785812378,0
4_encoder_matrix,NMC,tcn__rtdl_ft_transformer,42,2,3.414201498031616,0
4_encoder_matrix,NMC,tcn__rtdl_ft_transformer,44,2,1.9695173501968384,0
4_encoder_matrix,NMC,tcn__rtdl_ft_transformer,6,0,3.1171255111694336,1
4_encoder_matrix,NMC,tcn__rtdl_ft_transformer,17,0,1.8452425003051758,1
4_encoder_matrix,NMC,tcn__rtdl_ft_transformer,19,0,1.6310381889343262,1
4_encoder_matrix,NMC,tcn__rtdl_ft_transformer,25,0,2.0415542125701904,1
4_encoder_matrix,NMC,tcn__rtdl_ft_transformer,28,0,2.160330057144165,1
4_encoder_matrix,NMC,tcn__rtdl_ft_transformer,30,0,1.8673330545425415,1
4_encoder_matrix,NMC,tcn__rtdl_ft_transformer,32,0,2.527186870574951,1
4_encoder_matrix,NMC,tcn__rtdl_ft_transformer,35,0,4.576956748962402,1
4_encoder_matrix,NMC,tcn__rtdl_ft_transformer,36,0,4.185489654541016,1
4_encoder_matrix,NMC,tcn__rtdl_ft_transformer,6,1,3.696173906326294,1
4_encoder_matrix,NMC,tcn__rtdl_ft_transformer,17,1,1.741869568824768,1
4_encoder_matrix,NMC,tcn__rtdl_ft_transformer,19,1,1.046370029449463,1
4_encoder_matrix,NMC,tcn__rtdl_ft_transformer,25,1,1.8578486442565918,1
4_encoder_matrix,NMC,tcn__rtdl_ft_transformer,28,1,1.9753801822662354,1
4_encoder_matrix,NMC,tcn__rtdl_ft_transformer,30,1,1.279240608215332,1
4_encoder_matrix,NMC,tcn__rtdl_ft_transformer,32,1,2.0811450481414795,1
4_encoder_matrix,NMC,tcn__rtdl_ft_transformer,35,1,4.0932087898254395,1
4_encoder_matrix,NMC,tcn__rtdl_ft_transformer,36,1,3.8454678058624268,1
4_encoder_matrix,NMC,tcn__rtdl_ft_transformer,6,2,4.014922142028809,1
4_encoder_matrix,NMC,tcn__rtdl_ft_transformer,17,2,2.3320324420928955,1
4_encoder_matrix,NMC,tcn__rtdl_ft_transformer,19,2,1.5379419326782227,1
4_encoder_matrix,NMC,tcn__rtdl_ft_transformer,25,2,1.8339120149612427,1
4_encoder_matrix,NMC,tcn__rtdl_ft_transformer,28,2,2.219486713409424,1
4_encoder_matrix,NMC,tcn__rtdl_ft_transformer,30,2,1.957375168800354,1
4_encoder_matrix,NMC,tcn__rtdl_ft_transformer,32,2,1.980955958366394,1
4_encoder_matrix,NMC,tcn__rtdl_ft_transformer,35,2,4.370704650878906,1
4_encoder_matrix,NMC,tcn__rtdl_ft_transformer,36,2,3.644641876220703,1
4_encoder_matrix,NMC,tcn__rtdl_ft_transformer,4,0,3.00219464302063,2
4_encoder_matrix,NMC,tcn__rtdl_ft_transformer,7,0,2.700972557067871,2
4_encoder_matrix,NMC,tcn__rtdl_ft_transformer,11,0,1.4370026588439941,2
4_encoder_matrix,NMC,tcn__rtdl_ft_transformer,18,0,1.0622220039367676,2
4_encoder_matrix,NMC,tcn__rtdl_ft_transformer,22,0,2.063861608505249,2
4_encoder_matrix,NMC,tcn__rtdl_ft_transformer,27,0,2.2843286991119385,2
4_encoder_matrix,NMC,tcn__rtdl_ft_transformer,33,0,4.16768217086792,2
4_encoder_matrix,NMC,tcn__rtdl_ft_transformer,38,0,2.3013346195220947,2
4_encoder_matrix,NMC,tcn__rtdl_ft_transformer,39,0,2.5944037437438965,2
4_encoder_matrix,NMC,tcn__rtdl_ft_transformer,4,1,2.7476022243499756,2
4_encoder_matrix,NMC,tcn__rtdl_ft_transformer,7,1,2.520191192626953,2
4_encoder_matrix,NMC,tcn__rtdl_ft_transformer,11,1,1.252893090248108,2
4_encoder_matrix,NMC,tcn__rtdl_ft_transformer,18,1,1.1666231155395508,2
4_encoder_matrix,NMC,tcn__rtdl_ft_transformer,22,1,1.7807625532150269,2
4_encoder_matrix,NMC,tcn__rtdl_ft_transformer,27,1,2.5559046268463135,2
4_encoder_matrix,NMC,tcn__rtdl_ft_transformer,33,1,4.5557475090026855,2
4_encoder_matrix,NMC,tcn__rtdl_ft_transformer,38,1,1.9560352563858032,2
4_encoder_matrix,NMC,tcn__rtdl_ft_transformer,39,1,2.2999064922332764,2
4_encoder_matrix,NMC,tcn__rtdl_ft_transformer,4,2,3.284613847732544,2
4_encoder_matrix,NMC,tcn__rtdl_ft_transformer,7,2,2.854975700378418,2
4_encoder_matrix,NMC,tcn__rtdl_ft_transformer,11,2,1.7103779315948486,2
4_encoder_matrix,NMC,tcn__rtdl_ft_transformer,18,2,1.538170576095581,2
4_encoder_matrix,NMC,tcn__rtdl_ft_transformer,22,2,2.1942501068115234,2
4_encoder_matrix,NMC,tcn__rtdl_ft_transformer,27,2,2.6540920734405518,2
4_encoder_matrix,NMC,tcn__rtdl_ft_transformer,33,2,4.029128551483154,2
4_encoder_matrix,NMC,tcn__rtdl_ft_transformer,38,2,2.4036056995391846,2
4_encoder_matrix,NMC,tcn__rtdl_ft_transformer,39,2,2.29360032081604,2
4_encoder_matrix,NMC,tcn__rtdl_ft_transformer,1,0,2.532907485961914,3
4_encoder_matrix,NMC,tcn__rtdl_ft_transformer,10,0,1.2495169639587402,3
4_encoder_matrix,NMC,tcn__rtdl_ft_transformer,12,0,0.9194552898406982,3
4_encoder_matrix,NMC,tcn__rtdl_ft_transformer,13,0,2.0881333351135254,3
4_encoder_matrix,NMC,tcn__rtdl_ft_transformer,16,0,2.2508060932159424,3
4_encoder_matrix,NMC,tcn__rtdl_ft_transformer,20,0,1.2303049564361572,3
4_encoder_matrix,NMC,tcn__rtdl_ft_transformer,23,0,1.6493488550186157,3
4_encoder_matrix,NMC,tcn__rtdl_ft_transformer,31,0,1.0105273723602295,3
4_encoder_matrix,NMC,tcn__rtdl_ft_transformer,40,0,1.5631979703903198,3
4_encoder_matrix,NMC,tcn__rtdl_ft_transformer,1,1,2.894763469696045,3
4_encoder_matrix,NMC,tcn__rtdl_ft_transformer,10,1,1.6011531352996826,3
4_encoder_matrix,NMC,tcn__rtdl_ft_transformer,12,1,1.32361900806427,3
4_encoder_matrix,NMC,tcn__rtdl_ft_transformer,13,1,2.3564565181732178,3
4_encoder_matrix,NMC,tcn__rtdl_ft_transformer,16,1,2.6273036003112793,3
4_encoder_matrix,NMC,tcn__rtdl_ft_transformer,20,1,1.4891455173492432,3
4_encoder_matrix,NMC,tcn__rtdl_ft_transformer,23,1,2.081528663635254,3
4_encoder_matrix,NMC,tcn__rtdl_ft_transformer,31,1,1.1525368690490723,3
4_encoder_matrix,NMC,tcn__rtdl_ft_transformer,40,1,2.111858606338501,3
4_encoder_matrix,NMC,tcn__rtdl_ft_transformer,1,2,3.112602472305298,3
4_encoder_matrix,NMC,tcn__rtdl_ft_transformer,10,2,1.3732901811599731,3
4_encoder_matrix,NMC,tcn__rtdl_ft_transformer,12,2,1.1829646825790405,3
4_encoder_matrix,NMC,tcn__rtdl_ft_transformer,13,2,2.2038609981536865,3
4_encoder_matrix,NMC,tcn__rtdl_ft_transformer,16,2,2.6707117557525635,3
4_encoder_matrix,NMC,tcn__rtdl_ft_transformer,20,2,1.606262445449829,3
4_encoder_matrix,NMC,tcn__rtdl_ft_transformer,23,2,1.99460768699646,3
4_encoder_matrix,NMC,tcn__rtdl_ft_transformer,31,2,1.083141565322876,3
4_encoder_matrix,NMC,tcn__rtdl_ft_transformer,40,2,2.2977139949798584,3
4_encoder_matrix,NMC,tcn__rtdl_ft_transformer,2,0,1.4668173789978027,4
4_encoder_matrix,NMC,tcn__rtdl_ft_transformer,3,0,1.756447196006775,4
4_encoder_matrix,NMC,tcn__rtdl_ft_transformer,9,0,1.0228177309036255,4
4_encoder_matrix,NMC,tcn__rtdl_ft_transformer,14,0,3.1246423721313477,4
4_encoder_matrix,NMC,tcn__rtdl_ft_transformer,15,0,2.7293500900268555,4
4_encoder_matrix,NMC,tcn__rtdl_ft_transformer,34,0,3.7129244804382324,4
4_encoder_matrix,NMC,tcn__rtdl_ft_transformer,37,0,2.052605152130127,4
4_encoder_matrix,NMC,tcn__rtdl_ft_transformer,43,0,1.7421821355819702,4
4_encoder_matrix,NMC,tcn__rtdl_ft_transformer,2,1,1.4791998863220215,4
4_encoder_matrix,NMC,tcn__rtdl_ft_transformer,3,1,1.668018102645874,4
4_encoder_matrix,NMC,tcn__rtdl_ft_transformer,9,1,1.1697343587875366,4
4_encoder_matrix,NMC,tcn__rtdl_ft_transformer,14,1,3.061379909515381,4
4_encoder_matrix,NMC,tcn__rtdl_ft_transformer,15,1,2.663377285003662,4
4_encoder_matrix,NMC,tcn__rtdl_ft_transformer,34,1,3.516188859939575,4
4_encoder_matrix,NMC,tcn__rtdl_ft_transformer,37,1,1.9842441082000732,4
4_encoder_matrix,NMC,tcn__rtdl_ft_transformer,43,1,1.924928069114685,4
4_encoder_matrix,NMC,tcn__rtdl_ft_transformer,2,2,1.493562936782837,4
4_encoder_matrix,NMC,tcn__rtdl_ft_transformer,3,2,1.7632375955581665,4
4_encoder_matrix,NMC,tcn__rtdl_ft_transformer,9,2,1.0446511507034302,4
4_encoder_matrix,NMC,tcn__rtdl_ft_transformer,14,2,2.828104019165039,4
4_encoder_matrix,NMC,tcn__rtdl_ft_transformer,15,2,2.419675588607788,4
4_encoder_matrix,NMC,tcn__rtdl_ft_transformer,34,2,3.725372791290283,4
4_encoder_matrix,NMC,tcn__rtdl_ft_transformer,37,2,1.7570916414260864,4
4_encoder_matrix,NMC,tcn__rtdl_ft_transformer,43,2,1.405531644821167,4
4_encoder_matrix,NMC,transformer__current_mlp,5,0,1.1599980592727661,0
4_encoder_matrix,NMC,transformer__current_mlp,8,0,4.246175765991211,0
4_encoder_matrix,NMC,transformer__current_mlp,21,0,1.9665523767471313,0
4_encoder_matrix,NMC,transformer__current_mlp,24,0,1.3788411617279053,0
4_encoder_matrix,NMC,transformer__current_mlp,26,0,1.6868832111358643,0
4_encoder_matrix,NMC,transformer__current_mlp,29,0,1.7546839714050293,0
4_encoder_matrix,NMC,transformer__current_mlp,41,0,1.9360207319259644,0
4_encoder_matrix,NMC,transformer__current_mlp,42,0,2.953077793121338,0
4_encoder_matrix,NMC,transformer__current_mlp,44,0,1.4648239612579346,0
4_encoder_matrix,NMC,transformer__current_mlp,5,1,0.9899308681488037,0
4_encoder_matrix,NMC,transformer__current_mlp,8,1,4.350950717926025,0
4_encoder_matrix,NMC,transformer__current_mlp,21,1,1.9127792119979858,0
4_encoder_matrix,NMC,transformer__current_mlp,24,1,1.2027190923690796,0
4_encoder_matrix,NMC,transformer__current_mlp,26,1,1.6644922494888306,0
4_encoder_matrix,NMC,transformer__current_mlp,29,1,1.6764445304870605,0
4_encoder_matrix,NMC,transformer__current_mlp,41,1,1.9513523578643799,0
4_encoder_matrix,NMC,transformer__current_mlp,42,1,2.9939277172088623,0
4_encoder_matrix,NMC,transformer__current_mlp,44,1,1.5617519617080688,0
4_encoder_matrix,NMC,transformer__current_mlp,5,2,1.1663199663162231,0
4_encoder_matrix,NMC,transformer__current_mlp,8,2,4.963250637054443,0
4_encoder_matrix,NMC,transformer__current_mlp,21,2,2.6583194732666016,0
4_encoder_matrix,NMC,transformer__current_mlp,24,2,1.273664951324463,0
4_encoder_matrix,NMC,transformer__current_mlp,26,2,1.7403203248977661,0
4_encoder_matrix,NMC,transformer__current_mlp,29,2,1.540263295173645,0
4_encoder_matrix,NMC,transformer__current_mlp,41,2,1.7098125219345093,0
4_encoder_matrix,NMC,transformer__current_mlp,42,2,3.4217276573181152,0
4_encoder_matrix,NMC,transformer__current_mlp,44,2,1.578761339187622,0
4_encoder_matrix,NMC,transformer__current_mlp,6,0,2.562932014465332,1
4_encoder_matrix,NMC,transformer__current_mlp,17,0,1.324316382408142,1
4_encoder_matrix,NMC,transformer__current_mlp,19,0,1.202731966972351,1
4_encoder_matrix,NMC,transformer__current_mlp,25,0,1.720674991607666,1
4_encoder_matrix,NMC,transformer__current_mlp,28,0,1.3181589841842651,1
4_encoder_matrix,NMC,transformer__current_mlp,30,0,1.4549082517623901,1
4_encoder_matrix,NMC,transformer__current_mlp,32,0,1.9741034507751465,1
4_encoder_matrix,NMC,transformer__current_mlp,35,0,3.764934539794922,1
4_encoder_matrix,NMC,transformer__current_mlp,36,0,3.4887092113494873,1
4_encoder_matrix,NMC,transformer__current_mlp,6,1,3.1533255577087402,1
4_encoder_matrix,NMC,transformer__current_mlp,17,1,1.5012872219085693,1
4_encoder_matrix,NMC,transformer__current_mlp,19,1,1.5315649509429932,1
4_encoder_matrix,NMC,transformer__current_mlp,25,1,2.0222055912017822,1
4_encoder_matrix,NMC,transformer__current_mlp,28,1,1.7177183628082275,1
4_encoder_matrix,NMC,transformer__current_mlp,30,1,1.9524067640304565,1
4_encoder_matrix,NMC,transformer__current_mlp,32,1,2.3755595684051514,1
4_encoder_matrix,NMC,transformer__current_mlp,35,1,4.60969877243042,1
4_encoder_matrix,NMC,transformer__current_mlp,36,1,3.989187717437744,1
4_encoder_matrix,NMC,transformer__current_mlp,6,2,3.206723928451538,1
4_encoder_matrix,NMC,transformer__current_mlp,17,2,1.4390108585357666,1
4_encoder_matrix,NMC,transformer__current_mlp,19,2,1.3318438529968262,1
4_encoder_matrix,NMC,transformer__current_mlp,25,2,1.9131944179534912,1
4_encoder_matrix,NMC,transformer__current_mlp,28,2,1.577833652496338,1
4_encoder_matrix,NMC,transformer__current_mlp,30,2,1.7150206565856934,1
4_encoder_matrix,NMC,transformer__current_mlp,32,2,2.3760037422180176,1
4_encoder_matrix,NMC,transformer__current_mlp,35,2,4.660302639007568,1
4_encoder_matrix,NMC,transformer__current_mlp,36,2,4.160257339477539,1
4_encoder_matrix,NMC,transformer__current_mlp,4,0,1.9815229177474976,2
4_encoder_matrix,NMC,transformer__current_mlp,7,0,2.292628526687622,2
4_encoder_matrix,NMC,transformer__current_mlp,11,0,0.9971534609794617,2
4_encoder_matrix,NMC,transformer__current_mlp,18,0,1.0814170837402344,2
4_encoder_matrix,NMC,transformer__current_mlp,22,0,1.4607216119766235,2
4_encoder_matrix,NMC,transformer__current_mlp,27,0,1.8252229690551758,2
4_encoder_matrix,NMC,transformer__current_mlp,33,0,4.01549768447876,2
4_encoder_matrix,NMC,transformer__current_mlp,38,0,1.596686840057373,2
4_encoder_matrix,NMC,transformer__current_mlp,39,0,1.8559036254882812,2
4_encoder_matrix,NMC,transformer__current_mlp,4,1,1.9107979536056519,2
4_encoder_matrix,NMC,transformer__current_mlp,7,1,2.137291193008423,2
4_encoder_matrix,NMC,transformer__current_mlp,11,1,0.9553861021995544,2
4_encoder_matrix,NMC,transformer__current_mlp,18,1,0.9554834365844727,2
4_encoder_matrix,NMC,transformer__current_mlp,22,1,1.2360395193099976,2
4_encoder_matrix,NMC,transformer__current_mlp,27,1,1.9171491861343384,2
4_encoder_matrix,NMC,transformer__current_mlp,33,1,3.69191312789917,2
4_encoder_matrix,NMC,transformer__current_mlp,38,1,1.4831030368804932,2
4_encoder_matrix,NMC,transformer__current_mlp,39,1,1.6285165548324585,2
4_encoder_matrix,NMC,transformer__current_mlp,4,2,2.0100884437561035,2
4_encoder_matrix,NMC,transformer__current_mlp,7,2,2.108355760574341,2
4_encoder_matrix,NMC,transformer__current_mlp,11,2,0.9646868705749512,2
4_encoder_matrix,NMC,transformer__current_mlp,18,2,0.9535365104675293,2
4_encoder_matrix,NMC,transformer__current_mlp,22,2,1.3911808729171753,2
4_encoder_matrix,NMC,transformer__current_mlp,27,2,1.7572507858276367,2
4_encoder_matrix,NMC,transformer__current_mlp,33,2,3.4652915000915527,2
4_encoder_matrix,NMC,transformer__current_mlp,38,2,1.5138815641403198,2
4_encoder_matrix,NMC,transformer__current_mlp,39,2,1.392217755317688,2
4_encoder_matrix,NMC,transformer__current_mlp,1,0,1.8357330560684204,3
4_encoder_matrix,NMC,transformer__current_mlp,10,0,1.016281247138977,3
4_encoder_matrix,NMC,transformer__current_mlp,12,0,1.0259835720062256,3
4_encoder_matrix,NMC,transformer__current_mlp,13,0,1.6115025281906128,3
4_encoder_matrix,NMC,transformer__current_mlp,16,0,1.9773324728012085,3
4_encoder_matrix,NMC,transformer__current_mlp,20,0,1.2536934614181519,3
4_encoder_matrix,NMC,transformer__current_mlp,23,0,1.3954637050628662,3
4_encoder_matrix,NMC,transformer__current_mlp,31,0,1.352108359336853,3
4_encoder_matrix,NMC,transformer__current_mlp,40,0,1.54812490940094,3
4_encoder_matrix,NMC,transformer__current_mlp,1,1,2.0085294246673584,3
4_encoder_matrix,NMC,transformer__current_mlp,10,1,0.8998281359672546,3
4_encoder_matrix,NMC,transformer__current_mlp,12,1,0.9817641973495483,3
4_encoder_matrix,NMC,transformer__current_mlp,13,1,1.3383992910385132,3
4_encoder_matrix,NMC,transformer__current_mlp,16,1,1.9480034112930298,3
4_encoder_matrix,NMC,transformer__current_mlp,20,1,1.241913080215454,3
4_encoder_matrix,NMC,transformer__current_mlp,23,1,1.4024971723556519,3
4_encoder_matrix,NMC,transformer__current_mlp,31,1,1.392488956451416,3
4_encoder_matrix,NMC,transformer__current_mlp,40,1,1.3642289638519287,3
4_encoder_matrix,NMC,transformer__current_mlp,1,2,1.7892600297927856,3
4_encoder_matrix,NMC,transformer__current_mlp,10,2,1.1092134714126587,3
4_encoder_matrix,NMC,transformer__current_mlp,12,2,0.9086490273475647,3
4_encoder_matrix,NMC,transformer__current_mlp,13,2,1.2966376543045044,3
4_encoder_matrix,NMC,transformer__current_mlp,16,2,1.7405915260314941,3
4_encoder_matrix,NMC,transformer__current_mlp,20,2,1.0238114595413208,3
4_encoder_matrix,NMC,transformer__current_mlp,23,2,1.125084400177002,3
4_encoder_matrix,NMC,transformer__current_mlp,31,2,1.3822784423828125,3
4_encoder_matrix,NMC,transformer__current_mlp,40,2,1.2670304775238037,3
4_encoder_matrix,NMC,transformer__current_mlp,2,0,0.9701563715934753,4
4_encoder_matrix,NMC,transformer__current_mlp,3,0,1.1940548419952393,4
4_encoder_matrix,NMC,transformer__current_mlp,9,0,1.1571171283721924,4
4_encoder_matrix,NMC,transformer__current_mlp,14,0,2.3125100135803223,4
4_encoder_matrix,NMC,transformer__current_mlp,15,0,1.9262700080871582,4
4_encoder_matrix,NMC,transformer__current_mlp,34,0,2.9264917373657227,4
4_encoder_matrix,NMC,transformer__current_mlp,37,0,1.7873363494873047,4
4_encoder_matrix,NMC,transformer__current_mlp,43,0,2.079749822616577,4
4_encoder_matrix,NMC,transformer__current_mlp,2,1,1.2809959650039673,4
4_encoder_matrix,NMC,transformer__current_mlp,3,1,1.3406627178192139,4
4_encoder_matrix,NMC,transformer__current_mlp,9,1,1.351978063583374,4
4_encoder_matrix,NMC,transformer__current_mlp,14,1,2.4025652408599854,4
4_encoder_matrix,NMC,transformer__current_mlp,15,1,1.8633511066436768,4
4_encoder_matrix,NMC,transformer__current_mlp,34,1,3.4105472564697266,4
4_encoder_matrix,NMC,transformer__current_mlp,37,1,1.7462018728256226,4
4_encoder_matrix,NMC,transformer__current_mlp,43,1,1.67166268825531,4
4_encoder_matrix,NMC,transformer__current_mlp,2,2,1.0250616073608398,4
4_encoder_matrix,NMC,transformer__current_mlp,3,2,1.1284689903259277,4
4_encoder_matrix,NMC,transformer__current_mlp,9,2,1.075818657875061,4
4_encoder_matrix,NMC,transformer__current_mlp,14,2,2.6345465183258057,4
4_encoder_matrix,NMC,transformer__current_mlp,15,2,2.1085386276245117,4
4_encoder_matrix,NMC,transformer__current_mlp,34,2,2.9666318893432617,4
4_encoder_matrix,NMC,transformer__current_mlp,37,2,1.9070782661437988,4
4_encoder_matrix,NMC,transformer__current_mlp,43,2,2.1936874389648438,4
4_encoder_matrix,NMC,transformer__rtdl_resnet,5,0,1.0053465366363525,0
4_encoder_matrix,NMC,transformer__rtdl_resnet,8,0,4.199481964111328,0
4_encoder_matrix,NMC,transformer__rtdl_resnet,21,0,2.098843812942505,0
4_encoder_matrix,NMC,transformer__rtdl_resnet,24,0,0.8535489439964294,0
4_encoder_matrix,NMC,transformer__rtdl_resnet,26,0,1.8216794729232788,0
4_encoder_matrix,NMC,transformer__rtdl_resnet,29,0,1.8087656497955322,0
4_encoder_matrix,NMC,transformer__rtdl_resnet,41,0,2.0063273906707764,0
4_encoder_matrix,NMC,transformer__rtdl_resnet,42,0,2.9423179626464844,0
4_encoder_matrix,NMC,transformer__rtdl_resnet,44,0,1.5724211931228638,0
4_encoder_matrix,NMC,transformer__rtdl_resnet,5,1,1.3594889640808105,0
4_encoder_matrix,NMC,transformer__rtdl_resnet,8,1,5.44843053817749,0
4_encoder_matrix,NMC,transformer__rtdl_resnet,21,1,2.8154473304748535,0
4_encoder_matrix,NMC,transformer__rtdl_resnet,24,1,1.3843052387237549,0
4_encoder_matrix,NMC,transformer__rtdl_resnet,26,1,2.114529848098755,0
4_encoder_matrix,NMC,transformer__rtdl_resnet,29,1,1.897918939590454,0
4_encoder_matrix,NMC,transformer__rtdl_resnet,41,1,2.414854049682617,0
4_encoder_matrix,NMC,transformer__rtdl_resnet,42,1,4.1042890548706055,0
4_encoder_matrix,NMC,transformer__rtdl_resnet,44,1,2.3126730918884277,0
4_encoder_matrix,NMC,transformer__rtdl_resnet,5,2,1.1860073804855347,0
4_encoder_matrix,NMC,transformer__rtdl_resnet,8,2,4.016437530517578,0
4_encoder_matrix,NMC,transformer__rtdl_resnet,21,2,1.8705615997314453,0
4_encoder_matrix,NMC,transformer__rtdl_resnet,24,2,1.3365147113800049,0
4_encoder_matrix,NMC,transformer__rtdl_resnet,26,2,1.9283314943313599,0
4_encoder_matrix,NMC,transformer__rtdl_resnet,29,2,1.6073755025863647,0
4_encoder_matrix,NMC,transformer__rtdl_resnet,41,2,2.1351115703582764,0
4_encoder_matrix,NMC,transformer__rtdl_resnet,42,2,2.8779308795928955,0
4_encoder_matrix,NMC,transformer__rtdl_resnet,44,2,1.5820393562316895,0
4_encoder_matrix,NMC,transformer__rtdl_resnet,6,0,3.290384531021118,1
4_encoder_matrix,NMC,transformer__rtdl_resnet,17,0,1.438069462776184,1
4_encoder_matrix,NMC,transformer__rtdl_resnet,19,0,1.09930419921875,1
4_encoder_matrix,NMC,transformer__rtdl_resnet,25,0,1.726753830909729,1
4_encoder_matrix,NMC,transformer__rtdl_resnet,28,0,1.103627324104309,1
4_encoder_matrix,NMC,transformer__rtdl_resnet,30,0,1.5901648998260498,1
4_encoder_matrix,NMC,transformer__rtdl_resnet,32,0,2.316643476486206,1
4_encoder_matrix,NMC,transformer__rtdl_resnet,35,0,4.60890531539917,1
4_encoder_matrix,NMC,transformer__rtdl_resnet,36,0,4.269848346710205,1
4_encoder_matrix,NMC,transformer__rtdl_resnet,6,1,3.458127021789551,1
4_encoder_matrix,NMC,transformer__rtdl_resnet,17,1,1.833828330039978,1
4_encoder_matrix,NMC,transformer__rtdl_resnet,19,1,1.3875808715820312,1
4_encoder_matrix,NMC,transformer__rtdl_resnet,25,1,1.5323742628097534,1
4_encoder_matrix,NMC,transformer__rtdl_resnet,28,1,1.7982996702194214,1
4_encoder_matrix,NMC,transformer__rtdl_resnet,30,1,1.687518835067749,1
4_encoder_matrix,NMC,transformer__rtdl_resnet,32,1,2.0762526988983154,1
4_encoder_matrix,NMC,transformer__rtdl_resnet,35,1,5.172511100769043,1
4_encoder_matrix,NMC,transformer__rtdl_resnet,36,1,4.241858005523682,1
4_encoder_matrix,NMC,transformer__rtdl_resnet,6,2,2.601470708847046,1
4_encoder_matrix,NMC,transformer__rtdl_resnet,17,2,1.027258276939392,1
4_encoder_matrix,NMC,transformer__rtdl_resnet,19,2,1.5018097162246704,1
4_encoder_matrix,NMC,transformer__rtdl_resnet,25,2,1.9309940338134766,1
4_encoder_matrix,NMC,transformer__rtdl_resnet,28,2,1.5501534938812256,1
4_encoder_matrix,NMC,transformer__rtdl_resnet,30,2,1.5718671083450317,1
4_encoder_matrix,NMC,transformer__rtdl_resnet,32,2,2.496250629425049,1
4_encoder_matrix,NMC,transformer__rtdl_resnet,35,2,4.365253448486328,1
4_encoder_matrix,NMC,transformer__rtdl_resnet,36,2,4.149577617645264,1
4_encoder_matrix,NMC,transformer__rtdl_resnet,4,0,2.225156784057617,2
4_encoder_matrix,NMC,transformer__rtdl_resnet,7,0,2.441725969314575,2
4_encoder_matrix,NMC,transformer__rtdl_resnet,11,0,1.11328125,2
4_encoder_matrix,NMC,transformer__rtdl_resnet,18,0,1.1493183374404907,2
4_encoder_matrix,NMC,transformer__rtdl_resnet,22,0,1.3497780561447144,2
4_encoder_matrix,NMC,transformer__rtdl_resnet,27,0,1.9866385459899902,2
4_encoder_matrix,NMC,transformer__rtdl_resnet,33,0,4.018117427825928,2
4_encoder_matrix,NMC,transformer__rtdl_resnet,38,0,1.7402994632720947,2
4_encoder_matrix,NMC,transformer__rtdl_resnet,39,0,1.9400701522827148,2
4_encoder_matrix,NMC,transformer__rtdl_resnet,4,1,2.111389398574829,2
4_encoder_matrix,NMC,transformer__rtdl_resnet,7,1,2.4629628658294678,2
4_encoder_matrix,NMC,transformer__rtdl_resnet,11,1,1.2462939023971558,2
4_encoder_matrix,NMC,transformer__rtdl_resnet,18,1,1.360584020614624,2
4_encoder_matrix,NMC,transformer__rtdl_resnet,22,1,1.3830463886260986,2
4_encoder_matrix,NMC,transformer__rtdl_resnet,27,1,2.327915906906128,2
4_encoder_matrix,NMC,transformer__rtdl_resnet,33,1,4.423238277435303,2
4_encoder_matrix,NMC,transformer__rtdl_resnet,38,1,1.8744233846664429,2
4_encoder_matrix,NMC,transformer__rtdl_resnet,39,1,2.05804443359375,2
4_encoder_matrix,NMC,transformer__rtdl_resnet,4,2,1.5937585830688477,2
4_encoder_matrix,NMC,transformer__rtdl_resnet,7,2,1.8115301132202148,2
4_encoder_matrix,NMC,transformer__rtdl_resnet,11,2,0.9655876755714417,2
4_encoder_matrix,NMC,transformer__rtdl_resnet,18,2,0.992884635925293,2
4_encoder_matrix,NMC,transformer__rtdl_resnet,22,2,1.2027852535247803,2
4_encoder_matrix,NMC,transformer__rtdl_resnet,27,2,1.6064528226852417,2
4_encoder_matrix,NMC,transformer__rtdl_resnet,33,2,4.0160441398620605,2
4_encoder_matrix,NMC,transformer__rtdl_resnet,38,2,1.4471865892410278,2
4_encoder_matrix,NMC,transformer__rtdl_resnet,39,2,1.9056087732315063,2
4_encoder_matrix,NMC,transformer__rtdl_resnet,1,0,1.9531522989273071,3
4_encoder_matrix,NMC,transformer__rtdl_resnet,10,0,0.9336137175559998,3
4_encoder_matrix,NMC,transformer__rtdl_resnet,12,0,0.839704692363739,3
4_encoder_matrix,NMC,transformer__rtdl_resnet,13,0,1.387007236480713,3
4_encoder_matrix,NMC,transformer__rtdl_resnet,16,0,1.8559778928756714,3
4_encoder_matrix,NMC,transformer__rtdl_resnet,20,0,1.1188656091690063,3
4_encoder_matrix,NMC,transformer__rtdl_resnet,23,0,1.183603048324585,3
4_encoder_matrix,NMC,transformer__rtdl_resnet,31,0,1.2255420684814453,3
4_encoder_matrix,NMC,transformer__rtdl_resnet,40,0,1.4102566242218018,3
4_encoder_matrix,NMC,transformer__rtdl_resnet,1,1,1.8983551263809204,3
4_encoder_matrix,NMC,transformer__rtdl_resnet,10,1,1.119370698928833,3
4_encoder_matrix,NMC,transformer__rtdl_resnet,12,1,1.0592354536056519,3
4_encoder_matrix,NMC,transformer__rtdl_resnet,13,1,1.450070858001709,3
4_encoder_matrix,NMC,transformer__rtdl_resnet,16,1,1.8178918361663818,3
4_encoder_matrix,NMC,transformer__rtdl_resnet,20,1,1.3448660373687744,3
4_encoder_matrix,NMC,transformer__rtdl_resnet,23,1,1.3357223272323608,3
4_encoder_matrix,NMC,transformer__rtdl_resnet,31,1,1.644577980041504,3
4_encoder_matrix,NMC,transformer__rtdl_resnet,40,1,1.5733006000518799,3
4_encoder_matrix,NMC,transformer__rtdl_resnet,1,2,2.0245630741119385,3
4_encoder_matrix,NMC,transformer__rtdl_resnet,10,2,0.962317705154419,3
4_encoder_matrix,NMC,transformer__rtdl_resnet,12,2,0.8522047400474548,3
4_encoder_matrix,NMC,transformer__rtdl_resnet,13,2,1.468494176864624,3
4_encoder_matrix,NMC,transformer__rtdl_resnet,16,2,2.053516387939453,3
4_encoder_matrix,NMC,transformer__rtdl_resnet,20,2,1.349466323852539,3
4_encoder_matrix,NMC,transformer__rtdl_resnet,23,2,1.460216760635376,3
4_encoder_matrix,NMC,transformer__rtdl_resnet,31,2,1.2643648386001587,3
4_encoder_matrix,NMC,transformer__rtdl_resnet,40,2,1.4470890760421753,3
4_encoder_matrix,NMC,transformer__rtdl_resnet,2,0,1.1527488231658936,4
4_encoder_matrix,NMC,transformer__rtdl_resnet,3,0,1.3367297649383545,4
4_encoder_matrix,NMC,transformer__rtdl_resnet,9,0,1.183073878288269,4
4_encoder_matrix,NMC,transformer__rtdl_resnet,14,0,2.478034257888794,4
4_encoder_matrix,NMC,transformer__rtdl_resnet,15,0,2.1515636444091797,4
4_encoder_matrix,NMC,transformer__rtdl_resnet,34,0,3.1432461738586426,4
4_encoder_matrix,NMC,transformer__rtdl_resnet,37,0,1.6974605321884155,4
4_encoder_matrix,NMC,transformer__rtdl_resnet,43,0,1.9956401586532593,4
4_encoder_matrix,NMC,transformer__rtdl_resnet,2,1,1.1242202520370483,4
4_encoder_matrix,NMC,transformer__rtdl_resnet,3,1,1.0275160074234009,4
4_encoder_matrix,NMC,transformer__rtdl_resnet,9,1,1.165855884552002,4
4_encoder_matrix,NMC,transformer__rtdl_resnet,14,1,2.45442271232605,4
4_encoder_matrix,NMC,transformer__rtdl_resnet,15,1,2.3002028465270996,4
4_encoder_matrix,NMC,transformer__rtdl_resnet,34,1,3.7194015979766846,4
4_encoder_matrix,NMC,transformer__rtdl_resnet,37,1,2.051837682723999,4
4_encoder_matrix,NMC,transformer__rtdl_resnet,43,1,2.075388193130493,4
4_encoder_matrix,NMC,transformer__rtdl_resnet,2,2,0.9728992581367493,4
4_encoder_matrix,NMC,transformer__rtdl_resnet,3,2,1.0151005983352661,4
4_encoder_matrix,NMC,transformer__rtdl_resnet,9,2,1.0851166248321533,4
4_encoder_matrix,NMC,transformer__rtdl_resnet,14,2,2.465271234512329,4
4_encoder_matrix,NMC,transformer__rtdl_resnet,15,2,2.1143453121185303,4
4_encoder_matrix,NMC,transformer__rtdl_resnet,34,2,3.2454137802124023,4
4_encoder_matrix,NMC,transformer__rtdl_resnet,37,2,1.8616019487380981,4
4_encoder_matrix,NMC,transformer__rtdl_resnet,43,2,2.0507235527038574,4
4_encoder_matrix,NMC,transformer__rtdl_ft_transformer,5,0,1.327357292175293,0
4_encoder_matrix,NMC,transformer__rtdl_ft_transformer,8,0,4.166676044464111,0
4_encoder_matrix,NMC,transformer__rtdl_ft_transformer,21,0,1.9251247644424438,0
4_encoder_matrix,NMC,transformer__rtdl_ft_transformer,24,0,1.5921827554702759,0
4_encoder_matrix,NMC,transformer__rtdl_ft_transformer,26,0,1.4720343351364136,0
4_encoder_matrix,NMC,transformer__rtdl_ft_transformer,29,0,1.707672357559204,0
4_encoder_matrix,NMC,transformer__rtdl_ft_transformer,41,0,2.6258950233459473,0
4_encoder_matrix,NMC,transformer__rtdl_ft_transformer,42,0,3.239034414291382,0
4_encoder_matrix,NMC,transformer__rtdl_ft_transformer,44,0,2.023252487182617,0
4_encoder_matrix,NMC,transformer__rtdl_ft_transformer,5,1,1.0978714227676392,0
4_encoder_matrix,NMC,transformer__rtdl_ft_transformer,8,1,3.5405056476593018,0
4_encoder_matrix,NMC,transformer__rtdl_ft_transformer,21,1,1.6744619607925415,0
4_encoder_matrix,NMC,transformer__rtdl_ft_transformer,24,1,1.4135695695877075,0
4_encoder_matrix,NMC,transformer__rtdl_ft_transformer,26,1,1.487258791923523,0
4_encoder_matrix,NMC,transformer__rtdl_ft_transformer,29,1,1.7877999544143677,0
4_encoder_matrix,NMC,transformer__rtdl_ft_transformer,41,1,2.1997756958007812,0
4_encoder_matrix,NMC,transformer__rtdl_ft_transformer,42,1,2.6196746826171875,0
4_encoder_matrix,NMC,transformer__rtdl_ft_transformer,44,1,1.4990586042404175,0
4_encoder_matrix,NMC,transformer__rtdl_ft_transformer,5,2,1.4441028833389282,0
4_encoder_matrix,NMC,transformer__rtdl_ft_transformer,8,2,4.155168056488037,0
4_encoder_matrix,NMC,transformer__rtdl_ft_transformer,21,2,2.026137113571167,0
4_encoder_matrix,NMC,transformer__rtdl_ft_transformer,24,2,1.3234413862228394,0
4_encoder_matrix,NMC,transformer__rtdl_ft_transformer,26,2,2.044879913330078,0
4_encoder_matrix,NMC,transformer__rtdl_ft_transformer,29,2,1.7956105470657349,0
4_encoder_matrix,NMC,transformer__rtdl_ft_transformer,41,2,2.566903829574585,0
4_encoder_matrix,NMC,transformer__rtdl_ft_transformer,42,2,3.1490302085876465,0
4_encoder_matrix,NMC,transformer__rtdl_ft_transformer,44,2,1.9593901634216309,0
4_encoder_matrix,NMC,transformer__rtdl_ft_transformer,6,0,3.668187141418457,1
4_encoder_matrix,NMC,transformer__rtdl_ft_transformer,17,0,2.0511746406555176,1
4_encoder_matrix,NMC,transformer__rtdl_ft_transformer,19,0,1.3791515827178955,1
4_encoder_matrix,NMC,transformer__rtdl_ft_transformer,25,0,1.9051201343536377,1
4_encoder_matrix,NMC,transformer__rtdl_ft_transformer,28,0,2.170034170150757,1
4_encoder_matrix,NMC,transformer__rtdl_ft_transformer,30,0,1.7372123003005981,1
4_encoder_matrix,NMC,transformer__rtdl_ft_transformer,32,0,2.1102631092071533,1
4_encoder_matrix,NMC,transformer__rtdl_ft_transformer,35,0,4.802893161773682,1
4_encoder_matrix,NMC,transformer__rtdl_ft_transformer,36,0,4.0224385261535645,1
4_encoder_matrix,NMC,transformer__rtdl_ft_transformer,6,1,3.135359287261963,1
4_encoder_matrix,NMC,transformer__rtdl_ft_transformer,17,1,1.0887223482131958,1
4_encoder_matrix,NMC,transformer__rtdl_ft_transformer,19,1,1.4117634296417236,1
4_encoder_matrix,NMC,transformer__rtdl_ft_transformer,25,1,2.0207676887512207,1
4_encoder_matrix,NMC,transformer__rtdl_ft_transformer,28,1,1.519351601600647,1
4_encoder_matrix,NMC,transformer__rtdl_ft_transformer,30,1,1.500078558921814,1
4_encoder_matrix,NMC,transformer__rtdl_ft_transformer,32,1,2.8286685943603516,1
4_encoder_matrix,NMC,transformer__rtdl_ft_transformer,35,1,4.188324451446533,1
4_encoder_matrix,NMC,transformer__rtdl_ft_transformer,36,1,3.84536075592041,1
4_encoder_matrix,NMC,transformer__rtdl_ft_transformer,6,2,3.532837152481079,1
4_encoder_matrix,NMC,transformer__rtdl_ft_transformer,17,2,1.3883047103881836,1
4_encoder_matrix,NMC,transformer__rtdl_ft_transformer,19,2,1.265658974647522,1
4_encoder_matrix,NMC,transformer__rtdl_ft_transformer,25,2,1.767449140548706,1
4_encoder_matrix,NMC,transformer__rtdl_ft_transformer,28,2,1.6131926774978638,1
4_encoder_matrix,NMC,transformer__rtdl_ft_transformer,30,2,1.5614029169082642,1
4_encoder_matrix,NMC,transformer__rtdl_ft_transformer,32,2,2.597707509994507,1
4_encoder_matrix,NMC,transformer__rtdl_ft_transformer,35,2,4.312438488006592,1
4_encoder_matrix,NMC,transformer__rtdl_ft_transformer,36,2,3.972595691680908,1
4_encoder_matrix,NMC,transformer__rtdl_ft_transformer,4,0,3.079389810562134,2
4_encoder_matrix,NMC,transformer__rtdl_ft_transformer,7,0,2.9692769050598145,2
4_encoder_matrix,NMC,transformer__rtdl_ft_transformer,11,0,1.2254873514175415,2
4_encoder_matrix,NMC,transformer__rtdl_ft_transformer,18,0,0.9157751798629761,2
4_encoder_matrix,NMC,transformer__rtdl_ft_transformer,22,0,2.1420586109161377,2
4_encoder_matrix,NMC,transformer__rtdl_ft_transformer,27,0,2.278806447982788,2
4_encoder_matrix,NMC,transformer__rtdl_ft_transformer,33,0,4.177996635437012,2
4_encoder_matrix,NMC,transformer__rtdl_ft_transformer,38,0,2.318174362182617,2
4_encoder_matrix,NMC,transformer__rtdl_ft_transformer,39,0,1.9929288625717163,2
4_encoder_matrix,NMC,transformer__rtdl_ft_transformer,4,1,2.3374881744384766,2
4_encoder_matrix,NMC,transformer__rtdl_ft_transformer,7,1,1.8261052370071411,2
4_encoder_matrix,NMC,transformer__rtdl_ft_transformer,11,1,0.9403598308563232,2
4_encoder_matrix,NMC,transformer__rtdl_ft_transformer,18,1,0.8621055483818054,2
4_encoder_matrix,NMC,transformer__rtdl_ft_transformer,22,1,1.5072565078735352,2
4_encoder_matrix,NMC,transformer__rtdl_ft_transformer,27,1,2.0117835998535156,2
4_encoder_matrix,NMC,transformer__rtdl_ft_transformer,33,1,3.786872625350952,2
4_encoder_matrix,NMC,transformer__rtdl_ft_transformer,38,1,1.5822324752807617,2
4_encoder_matrix,NMC,transformer__rtdl_ft_transformer,39,1,1.7853680849075317,2
4_encoder_matrix,NMC,transformer__rtdl_ft_transformer,4,2,2.8654417991638184,2
4_encoder_matrix,NMC,transformer__rtdl_ft_transformer,7,2,2.785552978515625,2
4_encoder_matrix,NMC,transformer__rtdl_ft_transformer,11,2,1.1898142099380493,2
4_encoder_matrix,NMC,transformer__rtdl_ft_transformer,18,2,1.0710200071334839,2
4_encoder_matrix,NMC,transformer__rtdl_ft_transformer,22,2,1.6443318128585815,2
4_encoder_matrix,NMC,transformer__rtdl_ft_transformer,27,2,2.2399489879608154,2
4_encoder_matrix,NMC,transformer__rtdl_ft_transformer,33,2,4.184017658233643,2
4_encoder_matrix,NMC,transformer__rtdl_ft_transformer,38,2,1.8551278114318848,2
4_encoder_matrix,NMC,transformer__rtdl_ft_transformer,39,2,1.885322093963623,2
4_encoder_matrix,NMC,transformer__rtdl_ft_transformer,1,0,2.197711944580078,3
4_encoder_matrix,NMC,transformer__rtdl_ft_transformer,10,0,1.428608775138855,3
4_encoder_matrix,NMC,transformer__rtdl_ft_transformer,12,0,1.0619138479232788,3
4_encoder_matrix,NMC,transformer__rtdl_ft_transformer,13,0,1.9861093759536743,3
4_encoder_matrix,NMC,transformer__rtdl_ft_transformer,16,0,2.270312786102295,3
4_encoder_matrix,NMC,transformer__rtdl_ft_transformer,20,0,1.2531577348709106,3
4_encoder_matrix,NMC,transformer__rtdl_ft_transformer,23,0,1.7118791341781616,3
4_encoder_matrix,NMC,transformer__rtdl_ft_transformer,31,0,1.5754175186157227,3
4_encoder_matrix,NMC,transformer__rtdl_ft_transformer,40,0,1.6874990463256836,3
4_encoder_matrix,NMC,transformer__rtdl_ft_transformer,1,1,2.232358932495117,3
4_encoder_matrix,NMC,transformer__rtdl_ft_transformer,10,1,1.4882445335388184,3
4_encoder_matrix,NMC,transformer__rtdl_ft_transformer,12,1,1.1326664686203003,3
4_encoder_matrix,NMC,transformer__rtdl_ft_transformer,13,1,1.5465521812438965,3
4_encoder_matrix,NMC,transformer__rtdl_ft_transformer,16,1,1.9413297176361084,3
4_encoder_matrix,NMC,transformer__rtdl_ft_transformer,20,1,1.102677345275879,3
4_encoder_matrix,NMC,transformer__rtdl_ft_transformer,23,1,1.503739356994629,3
4_encoder_matrix,NMC,transformer__rtdl_ft_transformer,31,1,1.5689175128936768,3
4_encoder_matrix,NMC,transformer__rtdl_ft_transformer,40,1,1.8101283311843872,3
4_encoder_matrix,NMC,transformer__rtdl_ft_transformer,1,2,2.073659896850586,3
4_encoder_matrix,NMC,transformer__rtdl_ft_transformer,10,2,1.3377093076705933,3
4_encoder_matrix,NMC,transformer__rtdl_ft_transformer,12,2,1.0786161422729492,3
4_encoder_matrix,NMC,transformer__rtdl_ft_transformer,13,2,1.6050506830215454,3
4_encoder_matrix,NMC,transformer__rtdl_ft_transformer,16,2,1.9777958393096924,3
4_encoder_matrix,NMC,transformer__rtdl_ft_transformer,20,2,1.1002730131149292,3
4_encoder_matrix,NMC,transformer__rtdl_ft_transformer,23,2,1.5042881965637207,3
4_encoder_matrix,NMC,transformer__rtdl_ft_transformer,31,2,1.5173304080963135,3
4_encoder_matrix,NMC,transformer__rtdl_ft_transformer,40,2,1.5596094131469727,3
4_encoder_matrix,NMC,transformer__rtdl_ft_transformer,2,0,1.2897676229476929,4
4_encoder_matrix,NMC,transformer__rtdl_ft_transformer,3,0,1.4432594776153564,4
4_encoder_matrix,NMC,transformer__rtdl_ft_transformer,9,0,1.1708836555480957,4
4_encoder_matrix,NMC,transformer__rtdl_ft_transformer,14,0,2.863417863845825,4
4_encoder_matrix,NMC,transformer__rtdl_ft_transformer,15,0,2.5349345207214355,4
4_encoder_matrix,NMC,transformer__rtdl_ft_transformer,34,0,3.63566517829895,4
4_encoder_matrix,NMC,transformer__rtdl_ft_transformer,37,0,1.8926361799240112,4
4_encoder_matrix,NMC,transformer__rtdl_ft_transformer,43,0,1.7805113792419434,4
4_encoder_matrix,NMC,transformer__rtdl_ft_transformer,2,1,1.411106824874878,4
4_encoder_matrix,NMC,transformer__rtdl_ft_transformer,3,1,1.6365203857421875,4
4_encoder_matrix,NMC,transformer__rtdl_ft_transformer,9,1,1.3786578178405762,4
4_encoder_matrix,NMC,transformer__rtdl_ft_transformer,14,1,2.5750842094421387,4
4_encoder_matrix,NMC,transformer__rtdl_ft_transformer,15,1,2.228571653366089,4
4_encoder_matrix,NMC,transformer__rtdl_ft_transformer,34,1,2.876272439956665,4
4_encoder_matrix,NMC,transformer__rtdl_ft_transformer,37,1,1.7812265157699585,4
4_encoder_matrix,NMC,transformer__rtdl_ft_transformer,43,1,1.6962729692459106,4
4_encoder_matrix,NMC,transformer__rtdl_ft_transformer,2,2,1.6923727989196777,4
4_encoder_matrix,NMC,transformer__rtdl_ft_transformer,3,2,1.8501707315444946,4
4_encoder_matrix,NMC,transformer__rtdl_ft_transformer,9,2,1.093792200088501,4
4_encoder_matrix,NMC,transformer__rtdl_ft_transformer,14,2,3.238111972808838,4
4_encoder_matrix,NMC,transformer__rtdl_ft_transformer,15,2,2.8930740356445312,4
4_encoder_matrix,NMC,transformer__rtdl_ft_transformer,34,2,3.622579336166382,4
4_encoder_matrix,NMC,transformer__rtdl_ft_transformer,37,2,2.2067573070526123,4
4_encoder_matrix,NMC,transformer__rtdl_ft_transformer,43,2,1.975257158279419,4
4_encoder_matrix,NMC,patchtst__current_mlp,5,0,1.2769676446914673,0
4_encoder_matrix,NMC,patchtst__current_mlp,8,0,4.816251277923584,0
4_encoder_matrix,NMC,patchtst__current_mlp,21,0,2.481677532196045,0
4_encoder_matrix,NMC,patchtst__current_mlp,24,0,1.2523819208145142,0
4_encoder_matrix,NMC,patchtst__current_mlp,26,0,1.932687520980835,0
4_encoder_matrix,NMC,patchtst__current_mlp,29,0,1.3811289072036743,0
4_encoder_matrix,NMC,patchtst__current_mlp,41,0,1.8997372388839722,0
4_encoder_matrix,NMC,patchtst__current_mlp,42,0,3.414226531982422,0
4_encoder_matrix,NMC,patchtst__current_mlp,44,0,1.5740803480148315,0
4_encoder_matrix,NMC,patchtst__current_mlp,5,1,1.4162914752960205,0
4_encoder_matrix,NMC,patchtst__current_mlp,8,1,4.967541217803955,0
4_encoder_matrix,NMC,patchtst__current_mlp,21,1,2.4359805583953857,0
4_encoder_matrix,NMC,patchtst__current_mlp,24,1,1.5374085903167725,0
4_encoder_matrix,NMC,patchtst__current_mlp,26,1,1.8237025737762451,0
4_encoder_matrix,NMC,patchtst__current_mlp,29,1,2.112905740737915,0
4_encoder_matrix,NMC,patchtst__current_mlp,41,1,2.3024892807006836,0
4_encoder_matrix,NMC,patchtst__current_mlp,42,1,3.626096725463867,0
4_encoder_matrix,NMC,patchtst__current_mlp,44,1,2.052586078643799,0
4_encoder_matrix,NMC,patchtst__current_mlp,5,2,0.9732410311698914,0
4_encoder_matrix,NMC,patchtst__current_mlp,8,2,3.6701912879943848,0
4_encoder_matrix,NMC,patchtst__current_mlp,21,2,1.5810319185256958,0
4_encoder_matrix,NMC,patchtst__current_mlp,24,2,1.2862448692321777,0
4_encoder_matrix,NMC,patchtst__current_mlp,26,2,1.564776062965393,0
4_encoder_matrix,NMC,patchtst__current_mlp,29,2,1.47422456741333,0
4_encoder_matrix,NMC,patchtst__current_mlp,41,2,1.7889355421066284,0
4_encoder_matrix,NMC,patchtst__current_mlp,42,2,2.523296594619751,0
4_encoder_matrix,NMC,patchtst__current_mlp,44,2,1.3199728727340698,0
4_encoder_matrix,NMC,patchtst__current_mlp,6,0,3.46252179145813,1
4_encoder_matrix,NMC,patchtst__current_mlp,17,0,1.6612801551818848,1
4_encoder_matrix,NMC,patchtst__current_mlp,19,0,1.1818273067474365,1
4_encoder_matrix,NMC,patchtst__current_mlp,25,0,1.381803274154663,1
4_encoder_matrix,NMC,patchtst__current_mlp,28,0,1.4398115873336792,1
4_encoder_matrix,NMC,patchtst__current_mlp,30,0,1.715732455253601,1
4_encoder_matrix,NMC,patchtst__current_mlp,32,0,1.7778023481369019,1
4_encoder_matrix,NMC,patchtst__current_mlp,35,0,4.7761149406433105,1
4_encoder_matrix,NMC,patchtst__current_mlp,36,0,3.85495662689209,1
4_encoder_matrix,NMC,patchtst__current_mlp,6,1,3.28143048286438,1
4_encoder_matrix,NMC,patchtst__current_mlp,17,1,1.3656986951828003,1
4_encoder_matrix,NMC,patchtst__current_mlp,19,1,1.3061505556106567,1
4_encoder_matrix,NMC,patchtst__current_mlp,25,1,1.923940658569336,1
4_encoder_matrix,NMC,patchtst__current_mlp,28,1,1.769648790359497,1
4_encoder_matrix,NMC,patchtst__current_mlp,30,1,1.6684895753860474,1
4_encoder_matrix,NMC,patchtst__current_mlp,32,1,2.3489952087402344,1
4_encoder_matrix,NMC,patchtst__current_mlp,35,1,4.754526615142822,1
4_encoder_matrix,NMC,patchtst__current_mlp,36,1,4.119267463684082,1
4_encoder_matrix,NMC,patchtst__current_mlp,6,2,3.003525733947754,1
4_encoder_matrix,NMC,patchtst__current_mlp,17,2,1.3693064451217651,1
4_encoder_matrix,NMC,patchtst__current_mlp,19,2,1.0171061754226685,1
4_encoder_matrix,NMC,patchtst__current_mlp,25,2,1.7282946109771729,1
4_encoder_matrix,NMC,patchtst__current_mlp,28,2,1.4393023252487183,1
4_encoder_matrix,NMC,patchtst__current_mlp,30,2,1.5504828691482544,1
4_encoder_matrix,NMC,patchtst__current_mlp,32,2,1.9618488550186157,1
4_encoder_matrix,NMC,patchtst__current_mlp,35,2,4.423917293548584,1
4_encoder_matrix,NMC,patchtst__current_mlp,36,2,3.618877410888672,1
4_encoder_matrix,NMC,patchtst__current_mlp,4,0,1.9038758277893066,2
4_encoder_matrix,NMC,patchtst__current_mlp,7,0,2.5399651527404785,2
4_encoder_matrix,NMC,patchtst__current_mlp,11,0,1.0971380472183228,2
4_encoder_matrix,NMC,patchtst__current_mlp,18,0,1.2396759986877441,2
4_encoder_matrix,NMC,patchtst__current_mlp,22,0,1.225377082824707,2
4_encoder_matrix,NMC,patchtst__current_mlp,27,0,2.1695008277893066,2
4_encoder_matrix,NMC,patchtst__current_mlp,33,0,4.085936546325684,2
4_encoder_matrix,NMC,patchtst__current_mlp,38,0,1.6418040990829468,2
4_encoder_matrix,NMC,patchtst__current_mlp,39,0,1.6348497867584229,2
4_encoder_matrix,NMC,patchtst__current_mlp,4,1,1.9688359498977661,2
4_encoder_matrix,NMC,patchtst__current_mlp,7,1,2.2808032035827637,2
4_encoder_matrix,NMC,patchtst__current_mlp,11,1,1.0473544597625732,2
4_encoder_matrix,NMC,patchtst__current_mlp,18,1,0.9691938757896423,2
4_encoder_matrix,NMC,patchtst__current_mlp,22,1,1.4876444339752197,2
4_encoder_matrix,NMC,patchtst__current_mlp,27,1,2.045612096786499,2
4_encoder_matrix,NMC,patchtst__current_mlp,33,1,4.2167067527771,2
4_encoder_matrix,NMC,patchtst__current_mlp,38,1,1.6175789833068848,2
4_encoder_matrix,NMC,patchtst__current_mlp,39,1,1.864749789237976,2
4_encoder_matrix,NMC,patchtst__current_mlp,4,2,1.707131266593933,2
4_encoder_matrix,NMC,patchtst__current_mlp,7,2,1.5795239210128784,2
4_encoder_matrix,NMC,patchtst__current_mlp,11,2,0.9989762902259827,2
4_encoder_matrix,NMC,patchtst__current_mlp,18,2,0.9688373804092407,2
4_encoder_matrix,NMC,patchtst__current_mlp,22,2,1.5249942541122437,2
4_encoder_matrix,NMC,patchtst__current_mlp,27,2,1.7260373830795288,2
4_encoder_matrix,NMC,patchtst__current_mlp,33,2,3.9277026653289795,2
4_encoder_matrix,NMC,patchtst__current_mlp,38,2,1.6730842590332031,2
4_encoder_matrix,NMC,patchtst__current_mlp,39,2,1.872069239616394,2
4_encoder_matrix,NMC,patchtst__current_mlp,1,0,2.3362393379211426,3
4_encoder_matrix,NMC,patchtst__current_mlp,10,0,1.1728323698043823,3
4_encoder_matrix,NMC,patchtst__current_mlp,12,0,0.9410641193389893,3
4_encoder_matrix,NMC,patchtst__current_mlp,13,0,1.7078434228897095,3
4_encoder_matrix,NMC,patchtst__current_mlp,16,0,2.0439670085906982,3
4_encoder_matrix,NMC,patchtst__current_mlp,20,0,1.3453277349472046,3
4_encoder_matrix,NMC,patchtst__current_mlp,23,0,1.2738758325576782,3
4_encoder_matrix,NMC,patchtst__current_mlp,31,0,1.3139913082122803,3
4_encoder_matrix,NMC,patchtst__current_mlp,40,0,1.476613998413086,3
4_encoder_matrix,NMC,patchtst__current_mlp,1,1,1.5127612352371216,3
4_encoder_matrix,NMC,patchtst__current_mlp,10,1,1.1287293434143066,3
4_encoder_matrix,NMC,patchtst__current_mlp,12,1,1.0627200603485107,3
4_encoder_matrix,NMC,patchtst__current_mlp,13,1,1.3488191366195679,3
4_encoder_matrix,NMC,patchtst__current_mlp,16,1,1.7788373231887817,3
4_encoder_matrix,NMC,patchtst__current_mlp,20,1,1.262001395225525,3
4_encoder_matrix,NMC,patchtst__current_mlp,23,1,1.3413269519805908,3
4_encoder_matrix,NMC,patchtst__current_mlp,31,1,1.5588458776474,3
4_encoder_matrix,NMC,patchtst__current_mlp,40,1,1.5216152667999268,3
4_encoder_matrix,NMC,patchtst__current_mlp,1,2,1.968313217163086,3
4_encoder_matrix,NMC,patchtst__current_mlp,10,2,1.2086328268051147,3
4_encoder_matrix,NMC,patchtst__current_mlp,12,2,1.104082703590393,3
4_encoder_matrix,NMC,patchtst__current_mlp,13,2,1.8527846336364746,3
4_encoder_matrix,NMC,patchtst__current_mlp,16,2,2.199547529220581,3
4_encoder_matrix,NMC,patchtst__current_mlp,20,2,1.2533468008041382,3
4_encoder_matrix,NMC,patchtst__current_mlp,23,2,1.385040044784546,3
4_encoder_matrix,NMC,patchtst__current_mlp,31,2,1.5335639715194702,3
4_encoder_matrix,NMC,patchtst__current_mlp,40,2,1.9051940441131592,3
4_encoder_matrix,NMC,patchtst__current_mlp,2,0,1.0675469636917114,4
4_encoder_matrix,NMC,patchtst__current_mlp,3,0,1.3079278469085693,4
4_encoder_matrix,NMC,patchtst__current_mlp,9,0,1.0660278797149658,4
4_encoder_matrix,NMC,patchtst__current_mlp,14,0,2.5209414958953857,4
4_encoder_matrix,NMC,patchtst__current_mlp,15,0,2.120201587677002,4
4_encoder_matrix,NMC,patchtst__current_mlp,34,0,3.1138720512390137,4
4_encoder_matrix,NMC,patchtst__current_mlp,37,0,1.7676045894622803,4
4_encoder_matrix,NMC,patchtst__current_mlp,43,0,2.047609567642212,4
4_encoder_matrix,NMC,patchtst__current_mlp,2,1,1.3674627542495728,4
4_encoder_matrix,NMC,patchtst__current_mlp,3,1,1.4408531188964844,4
4_encoder_matrix,NMC,patchtst__current_mlp,9,1,1.6763228178024292,4
4_encoder_matrix,NMC,patchtst__current_mlp,14,1,2.217622995376587,4
4_encoder_matrix,NMC,patchtst__current_mlp,15,1,1.9920575618743896,4
4_encoder_matrix,NMC,patchtst__current_mlp,34,1,3.6354990005493164,4
4_encoder_matrix,NMC,patchtst__current_mlp,37,1,2.1302335262298584,4
4_encoder_matrix,NMC,patchtst__current_mlp,43,1,1.9276454448699951,4
4_encoder_matrix,NMC,patchtst__current_mlp,2,2,0.9791983366012573,4
4_encoder_matrix,NMC,patchtst__current_mlp,3,2,1.1479711532592773,4
4_encoder_matrix,NMC,patchtst__current_mlp,9,2,1.3985885381698608,4
4_encoder_matrix,NMC,patchtst__current_mlp,14,2,2.256402015686035,4
4_encoder_matrix,NMC,patchtst__current_mlp,15,2,1.9438927173614502,4
4_encoder_matrix,NMC,patchtst__current_mlp,34,2,3.1267857551574707,4
4_encoder_matrix,NMC,patchtst__current_mlp,37,2,1.7390518188476562,4
4_encoder_matrix,NMC,patchtst__current_mlp,43,2,1.8704394102096558,4
4_encoder_matrix,NMC,patchtst__rtdl_resnet,5,0,1.0655916929244995,0
4_encoder_matrix,NMC,patchtst__rtdl_resnet,8,0,4.034470558166504,0
4_encoder_matrix,NMC,patchtst__rtdl_resnet,21,0,1.8664861917495728,0
4_encoder_matrix,NMC,patchtst__rtdl_resnet,24,0,1.1611968278884888,0
4_encoder_matrix,NMC,patchtst__rtdl_resnet,26,0,1.4528884887695312,0
4_encoder_matrix,NMC,patchtst__rtdl_resnet,29,0,1.3595306873321533,0
4_encoder_matrix,NMC,patchtst__rtdl_resnet,41,0,1.7195439338684082,0
4_encoder_matrix,NMC,patchtst__rtdl_resnet,42,0,2.798765182495117,0
4_encoder_matrix,NMC,patchtst__rtdl_resnet,44,0,1.4153088331222534,0
4_encoder_matrix,NMC,patchtst__rtdl_resnet,5,1,0.9275982975959778,0
4_encoder_matrix,NMC,patchtst__rtdl_resnet,8,1,3.495543956756592,0
4_encoder_matrix,NMC,patchtst__rtdl_resnet,21,1,1.3988620042800903,0
4_encoder_matrix,NMC,patchtst__rtdl_resnet,24,1,1.421290636062622,0
4_encoder_matrix,NMC,patchtst__rtdl_resnet,26,1,1.428543210029602,0
4_encoder_matrix,NMC,patchtst__rtdl_resnet,29,1,1.501115322113037,0
4_encoder_matrix,NMC,patchtst__rtdl_resnet,41,1,1.8774633407592773,0
4_encoder_matrix,NMC,patchtst__rtdl_resnet,42,1,2.434407949447632,0
4_encoder_matrix,NMC,patchtst__rtdl_resnet,44,1,1.2565510272979736,0
4_encoder_matrix,NMC,patchtst__rtdl_resnet,5,2,1.1420438289642334,0
4_encoder_matrix,NMC,patchtst__rtdl_resnet,8,2,4.085513591766357,0
4_encoder_matrix,NMC,patchtst__rtdl_resnet,21,2,1.7458133697509766,0
4_encoder_matrix,NMC,patchtst__rtdl_resnet,24,2,1.2237344980239868,0
4_encoder_matrix,NMC,patchtst__rtdl_resnet,26,2,1.6222336292266846,0
4_encoder_matrix,NMC,patchtst__rtdl_resnet,29,2,1.7292027473449707,0
4_encoder_matrix,NMC,patchtst__rtdl_resnet,41,2,2.2172634601593018,0
4_encoder_matrix,NMC,patchtst__rtdl_resnet,42,2,2.9862115383148193,0
4_encoder_matrix,NMC,patchtst__rtdl_resnet,44,2,1.626777172088623,0
4_encoder_matrix,NMC,patchtst__rtdl_resnet,6,0,3.06369948387146,1
4_encoder_matrix,NMC,patchtst__rtdl_resnet,17,0,1.4937033653259277,1
4_encoder_matrix,NMC,patchtst__rtdl_resnet,19,0,1.3408817052841187,1
4_encoder_matrix,NMC,patchtst__rtdl_resnet,25,0,2.041414499282837,1
4_encoder_matrix,NMC,patchtst__rtdl_resnet,28,0,1.645954966545105,1
4_encoder_matrix,NMC,patchtst__rtdl_resnet,30,0,1.510887622833252,1
4_encoder_matrix,NMC,patchtst__rtdl_resnet,32,0,2.3633151054382324,1
4_encoder_matrix,NMC,patchtst__rtdl_resnet,35,0,4.555541515350342,1
4_encoder_matrix,NMC,patchtst__rtdl_resnet,36,0,4.316261291503906,1
4_encoder_matrix,NMC,patchtst__rtdl_resnet,6,1,3.3913094997406006,1
4_encoder_matrix,NMC,patchtst__rtdl_resnet,17,1,1.6251431703567505,1
4_encoder_matrix,NMC,patchtst__rtdl_resnet,19,1,1.0468814373016357,1
4_encoder_matrix,NMC,patchtst__rtdl_resnet,25,1,1.132040023803711,1
4_encoder_matrix,NMC,patchtst__rtdl_resnet,28,1,1.311633586883545,1
4_encoder_matrix,NMC,patchtst__rtdl_resnet,30,1,1.461353063583374,1
4_encoder_matrix,NMC,patchtst__rtdl_resnet,32,1,1.6502617597579956,1
4_encoder_matrix,NMC,patchtst__rtdl_resnet,35,1,4.062445640563965,1
4_encoder_matrix,NMC,patchtst__rtdl_resnet,36,1,3.4610390663146973,1
4_encoder_matrix,NMC,patchtst__rtdl_resnet,6,2,3.287640333175659,1
4_encoder_matrix,NMC,patchtst__rtdl_resnet,17,2,1.7413866519927979,1
4_encoder_matrix,NMC,patchtst__rtdl_resnet,19,2,1.4226441383361816,1
4_encoder_matrix,NMC,patchtst__rtdl_resnet,25,2,1.8994319438934326,1
4_encoder_matrix,NMC,patchtst__rtdl_resnet,28,2,1.9563453197479248,1
4_encoder_matrix,NMC,patchtst__rtdl_resnet,30,2,1.6829488277435303,1
4_encoder_matrix,NMC,patchtst__rtdl_resnet,32,2,2.094298839569092,1
4_encoder_matrix,NMC,patchtst__rtdl_resnet,35,2,4.6308274269104,1
4_encoder_matrix,NMC,patchtst__rtdl_resnet,36,2,4.274660110473633,1
4_encoder_matrix,NMC,patchtst__rtdl_resnet,4,0,2.433947801589966,2
4_encoder_matrix,NMC,patchtst__rtdl_resnet,7,0,2.5091307163238525,2
4_encoder_matrix,NMC,patchtst__rtdl_resnet,11,0,0.9525819420814514,2
4_encoder_matrix,NMC,patchtst__rtdl_resnet,18,0,0.7963345050811768,2
4_encoder_matrix,NMC,patchtst__rtdl_resnet,22,0,1.6622228622436523,2
4_encoder_matrix,NMC,patchtst__rtdl_resnet,27,0,1.981622338294983,2
4_encoder_matrix,NMC,patchtst__rtdl_resnet,33,0,4.055567741394043,2
4_encoder_matrix,NMC,patchtst__rtdl_resnet,38,0,1.5692219734191895,2
4_encoder_matrix,NMC,patchtst__rtdl_resnet,39,0,1.399131417274475,2
4_encoder_matrix,NMC,patchtst__rtdl_resnet,4,1,2.127997875213623,2
4_encoder_matrix,NMC,patchtst__rtdl_resnet,7,1,2.254812240600586,2
4_encoder_matrix,NMC,patchtst__rtdl_resnet,11,1,1.1119463443756104,2
4_encoder_matrix,NMC,patchtst__rtdl_resnet,18,1,0.8881717920303345,2
4_encoder_matrix,NMC,patchtst__rtdl_resnet,22,1,1.4205673933029175,2
4_encoder_matrix,NMC,patchtst__rtdl_resnet,27,1,2.005755662918091,2
4_encoder_matrix,NMC,patchtst__rtdl_resnet,33,1,3.5422780513763428,2
4_encoder_matrix,NMC,patchtst__rtdl_resnet,38,1,1.7283227443695068,2
4_encoder_matrix,NMC,patchtst__rtdl_resnet,39,1,1.4780359268188477,2
4_encoder_matrix,NMC,patchtst__rtdl_resnet,4,2,2.4723167419433594,2
4_encoder_matrix,NMC,patchtst__rtdl_resnet,7,2,2.743314027786255,2
4_encoder_matrix,NMC,patchtst__rtdl_resnet,11,2,1.049824595451355,2
4_encoder_matrix,NMC,patchtst__rtdl_resnet,18,2,1.1253585815429688,2
4_encoder_matrix,NMC,patchtst__rtdl_resnet,22,2,1.5381320714950562,2
4_encoder_matrix,NMC,patchtst__rtdl_resnet,27,2,2.1281898021698,2
4_encoder_matrix,NMC,patchtst__rtdl_resnet,33,2,4.2557373046875,2
4_encoder_matrix,NMC,patchtst__rtdl_resnet,38,2,1.6920089721679688,2
4_encoder_matrix,NMC,patchtst__rtdl_resnet,39,2,1.7663637399673462,2
4_encoder_matrix,NMC,patchtst__rtdl_resnet,1,0,1.9980214834213257,3
4_encoder_matrix,NMC,patchtst__rtdl_resnet,10,0,1.3690139055252075,3
4_encoder_matrix,NMC,patchtst__rtdl_resnet,12,0,1.034298062324524,3
4_encoder_matrix,NMC,patchtst__rtdl_resnet,13,0,1.4206730127334595,3
4_encoder_matrix,NMC,patchtst__rtdl_resnet,16,0,1.7272108793258667,3
4_encoder_matrix,NMC,patchtst__rtdl_resnet,20,0,0.9552287459373474,3
4_encoder_matrix,NMC,patchtst__rtdl_resnet,23,0,1.447180986404419,3
4_encoder_matrix,NMC,patchtst__rtdl_resnet,31,0,1.391790509223938,3
4_encoder_matrix,NMC,patchtst__rtdl_resnet,40,0,1.522462010383606,3
4_encoder_matrix,NMC,patchtst__rtdl_resnet,1,1,2.0987818241119385,3
4_encoder_matrix,NMC,patchtst__rtdl_resnet,10,1,0.890749990940094,3
4_encoder_matrix,NMC,patchtst__rtdl_resnet,12,1,0.7053347229957581,3
4_encoder_matrix,NMC,patchtst__rtdl_resnet,13,1,1.4677551984786987,3
4_encoder_matrix,NMC,patchtst__rtdl_resnet,16,1,1.9402183294296265,3
4_encoder_matrix,NMC,patchtst__rtdl_resnet,20,1,1.217095136642456,3
4_encoder_matrix,NMC,patchtst__rtdl_resnet,23,1,1.3485013246536255,3
4_encoder_matrix,NMC,patchtst__rtdl_resnet,31,1,1.1028077602386475,3
4_encoder_matrix,NMC,patchtst__rtdl_resnet,40,1,1.4944792985916138,3
4_encoder_matrix,NMC,patchtst__rtdl_resnet,1,2,1.9499611854553223,3
4_encoder_matrix,NMC,patchtst__rtdl_resnet,10,2,1.436585545539856,3
4_encoder_matrix,NMC,patchtst__rtdl_resnet,12,2,1.2452322244644165,3
4_encoder_matrix,NMC,patchtst__rtdl_resnet,13,2,1.5739319324493408,3
4_encoder_matrix,NMC,patchtst__rtdl_resnet,16,2,2.115840435028076,3
4_encoder_matrix,NMC,patchtst__rtdl_resnet,20,2,1.698078989982605,3
4_encoder_matrix,NMC,patchtst__rtdl_resnet,23,2,1.8760855197906494,3
4_encoder_matrix,NMC,patchtst__rtdl_resnet,31,2,1.7040146589279175,3
4_encoder_matrix,NMC,patchtst__rtdl_resnet,40,2,1.9678293466567993,3
4_encoder_matrix,NMC,patchtst__rtdl_resnet,2,0,0.7309760451316833,4
4_encoder_matrix,NMC,patchtst__rtdl_resnet,3,0,1.0948008298873901,4
4_encoder_matrix,NMC,patchtst__rtdl_resnet,9,0,1.1227717399597168,4
4_encoder_matrix,NMC,patchtst__rtdl_resnet,14,0,2.03337025642395,4
4_encoder_matrix,NMC,patchtst__rtdl_resnet,15,0,1.7337301969528198,4
4_encoder_matrix,NMC,patchtst__rtdl_resnet,34,0,2.6297965049743652,4
4_encoder_matrix,NMC,patchtst__rtdl_resnet,37,0,1.4211293458938599,4
4_encoder_matrix,NMC,patchtst__rtdl_resnet,43,0,1.6902976036071777,4
4_encoder_matrix,NMC,patchtst__rtdl_resnet,2,1,1.2461851835250854,4
4_encoder_matrix,NMC,patchtst__rtdl_resnet,3,1,1.441185712814331,4
4_encoder_matrix,NMC,patchtst__rtdl_resnet,9,1,0.9312479496002197,4
4_encoder_matrix,NMC,patchtst__rtdl_resnet,14,1,2.8411970138549805,4
4_encoder_matrix,NMC,patchtst__rtdl_resnet,15,1,2.463801383972168,4
4_encoder_matrix,NMC,patchtst__rtdl_resnet,34,1,2.844329833984375,4
4_encoder_matrix,NMC,patchtst__rtdl_resnet,37,1,2.0514678955078125,4
4_encoder_matrix,NMC,patchtst__rtdl_resnet,43,1,2.000661849975586,4
4_encoder_matrix,NMC,patchtst__rtdl_resnet,2,2,1.103908658027649,4
4_encoder_matrix,NMC,patchtst__rtdl_resnet,3,2,1.1501874923706055,4
4_encoder_matrix,NMC,patchtst__rtdl_resnet,9,2,0.8624634742736816,4
4_encoder_matrix,NMC,patchtst__rtdl_resnet,14,2,2.416126251220703,4
4_encoder_matrix,NMC,patchtst__rtdl_resnet,15,2,1.9938055276870728,4
4_encoder_matrix,NMC,patchtst__rtdl_resnet,34,2,3.1639082431793213,4
4_encoder_matrix,NMC,patchtst__rtdl_resnet,37,2,1.82551109790802,4
4_encoder_matrix,NMC,patchtst__rtdl_resnet,43,2,2.1636064052581787,4
4_encoder_matrix,NMC,patchtst__rtdl_ft_transformer,5,0,1.1288020610809326,0
4_encoder_matrix,NMC,patchtst__rtdl_ft_transformer,8,0,3.802743673324585,0
4_encoder_matrix,NMC,patchtst__rtdl_ft_transformer,21,0,1.7069867849349976,0
4_encoder_matrix,NMC,patchtst__rtdl_ft_transformer,24,0,1.310349941253662,0
4_encoder_matrix,NMC,patchtst__rtdl_ft_transformer,26,0,1.7390927076339722,0
4_encoder_matrix,NMC,patchtst__rtdl_ft_transformer,29,0,1.8457813262939453,0
4_encoder_matrix,NMC,patchtst__rtdl_ft_transformer,41,0,2.394028425216675,0
4_encoder_matrix,NMC,patchtst__rtdl_ft_transformer,42,0,2.7069554328918457,0
4_encoder_matrix,NMC,patchtst__rtdl_ft_transformer,44,0,1.6357747316360474,0
4_encoder_matrix,NMC,patchtst__rtdl_ft_transformer,5,1,1.2836315631866455,0
4_encoder_matrix,NMC,patchtst__rtdl_ft_transformer,8,1,4.072831153869629,0
4_encoder_matrix,NMC,patchtst__rtdl_ft_transformer,21,1,1.8455822467803955,0
4_encoder_matrix,NMC,patchtst__rtdl_ft_transformer,24,1,1.353742003440857,0
4_encoder_matrix,NMC,patchtst__rtdl_ft_transformer,26,1,2.1947391033172607,0
4_encoder_matrix,NMC,patchtst__rtdl_ft_transformer,29,1,1.956691861152649,0
4_encoder_matrix,NMC,patchtst__rtdl_ft_transformer,41,1,2.879964828491211,0
4_encoder_matrix,NMC,patchtst__rtdl_ft_transformer,42,1,3.0464470386505127,0
4_encoder_matrix,NMC,patchtst__rtdl_ft_transformer,44,1,2.0139925479888916,0
4_encoder_matrix,NMC,patchtst__rtdl_ft_transformer,5,2,1.5326744318008423,0
4_encoder_matrix,NMC,patchtst__rtdl_ft_transformer,8,2,3.75777268409729,0
4_encoder_matrix,NMC,patchtst__rtdl_ft_transformer,21,2,1.9127627611160278,0
4_encoder_matrix,NMC,patchtst__rtdl_ft_transformer,24,2,1.2879359722137451,0
4_encoder_matrix,NMC,patchtst__rtdl_ft_transformer,26,2,2.229207992553711,0
4_encoder_matrix,NMC,patchtst__rtdl_ft_transformer,29,2,1.7272504568099976,0
4_encoder_matrix,NMC,patchtst__rtdl_ft_transformer,41,2,2.576605796813965,0
4_encoder_matrix,NMC,patchtst__rtdl_ft_transformer,42,2,2.975196599960327,0
4_encoder_matrix,NMC,patchtst__rtdl_ft_transformer,44,2,2.0513756275177,0
4_encoder_matrix,NMC,patchtst__rtdl_ft_transformer,6,0,3.3882439136505127,1
4_encoder_matrix,NMC,patchtst__rtdl_ft_transformer,17,0,1.6757276058197021,1
4_encoder_matrix,NMC,patchtst__rtdl_ft_transformer,19,0,1.4635043144226074,1
4_encoder_matrix,NMC,patchtst__rtdl_ft_transformer,25,0,2.0412728786468506,1
4_encoder_matrix,NMC,patchtst__rtdl_ft_transformer,28,0,2.0861027240753174,1
4_encoder_matrix,NMC,patchtst__rtdl_ft_transformer,30,0,1.7446248531341553,1
4_encoder_matrix,NMC,patchtst__rtdl_ft_transformer,32,0,2.5250658988952637,1
4_encoder_matrix,NMC,patchtst__rtdl_ft_transformer,35,0,4.928778648376465,1
4_encoder_matrix,NMC,patchtst__rtdl_ft_transformer,36,0,4.24293327331543,1
4_encoder_matrix,NMC,patchtst__rtdl_ft_transformer,6,1,3.5962109565734863,1
4_encoder_matrix,NMC,patchtst__rtdl_ft_transformer,17,1,1.310422420501709,1
4_encoder_matrix,NMC,patchtst__rtdl_ft_transformer,19,1,1.5532019138336182,1
4_encoder_matrix,NMC,patchtst__rtdl_ft_transformer,25,1,2.657660484313965,1
4_encoder_matrix,NMC,patchtst__rtdl_ft_transformer,28,1,1.8852646350860596,1
4_encoder_matrix,NMC,patchtst__rtdl_ft_transformer,30,1,1.4887603521347046,1
4_encoder_matrix,NMC,patchtst__rtdl_ft_transformer,32,1,2.942039966583252,1
4_encoder_matrix,NMC,patchtst__rtdl_ft_transformer,35,1,4.404155731201172,1
4_encoder_matrix,NMC,patchtst__rtdl_ft_transformer,36,1,4.268226146697998,1
4_encoder_matrix,NMC,patchtst__rtdl_ft_transformer,6,2,4.033095836639404,1
4_encoder_matrix,NMC,patchtst__rtdl_ft_transformer,17,2,1.6659650802612305,1
4_encoder_matrix,NMC,patchtst__rtdl_ft_transformer,19,2,1.2939788103103638,1
4_encoder_matrix,NMC,patchtst__rtdl_ft_transformer,25,2,2.0487072467803955,1
4_encoder_matrix,NMC,patchtst__rtdl_ft_transformer,28,2,2.121969223022461,1
4_encoder_matrix,NMC,patchtst__rtdl_ft_transformer,30,2,1.5403093099594116,1
4_encoder_matrix,NMC,patchtst__rtdl_ft_transformer,32,2,2.3927628993988037,1
4_encoder_matrix,NMC,patchtst__rtdl_ft_transformer,35,2,5.214183330535889,1
4_encoder_matrix,NMC,patchtst__rtdl_ft_transformer,36,2,4.397384166717529,1
4_encoder_matrix,NMC,patchtst__rtdl_ft_transformer,4,0,2.7656965255737305,2
4_encoder_matrix,NMC,patchtst__rtdl_ft_transformer,7,0,2.4233715534210205,2
4_encoder_matrix,NMC,patchtst__rtdl_ft_transformer,11,0,1.1802754402160645,2
4_encoder_matrix,NMC,patchtst__rtdl_ft_transformer,18,0,0.9173641204833984,2
4_encoder_matrix,NMC,patchtst__rtdl_ft_transformer,22,0,1.9087284803390503,2
4_encoder_matrix,NMC,patchtst__rtdl_ft_transformer,27,0,2.102761745452881,2
4_encoder_matrix,NMC,patchtst__rtdl_ft_transformer,33,0,4.3507890701293945,2
4_encoder_matrix,NMC,patchtst__rtdl_ft_transformer,38,0,1.8687130212783813,2
4_encoder_matrix,NMC,patchtst__rtdl_ft_transformer,39,0,2.1508543491363525,2
4_encoder_matrix,NMC,patchtst__rtdl_ft_transformer,4,1,3.0016543865203857,2
4_encoder_matrix,NMC,patchtst__rtdl_ft_transformer,7,1,2.7652316093444824,2
4_encoder_matrix,NMC,patchtst__rtdl_ft_transformer,11,1,1.1364901065826416,2
4_encoder_matrix,NMC,patchtst__rtdl_ft_transformer,18,1,0.8855992555618286,2
4_encoder_matrix,NMC,patchtst__rtdl_ft_transformer,22,1,1.8054263591766357,2
4_encoder_matrix,NMC,patchtst__rtdl_ft_transformer,27,1,2.3853139877319336,2
4_encoder_matrix,NMC,patchtst__rtdl_ft_transformer,33,1,4.006326675415039,2
4_encoder_matrix,NMC,patchtst__rtdl_ft_transformer,38,1,1.8675799369812012,2
4_encoder_matrix,NMC,patchtst__rtdl_ft_transformer,39,1,1.8392260074615479,2
4_encoder_matrix,NMC,patchtst__rtdl_ft_transformer,4,2,2.347930669784546,2
4_encoder_matrix,NMC,patchtst__rtdl_ft_transformer,7,2,2.1321842670440674,2
4_encoder_matrix,NMC,patchtst__rtdl_ft_transformer,11,2,1.0044788122177124,2
4_encoder_matrix,NMC,patchtst__rtdl_ft_transformer,18,2,1.0638916492462158,2
4_encoder_matrix,NMC,patchtst__rtdl_ft_transformer,22,2,1.2629916667938232,2
4_encoder_matrix,NMC,patchtst__rtdl_ft_transformer,27,2,1.9972749948501587,2
4_encoder_matrix,NMC,patchtst__rtdl_ft_transformer,33,2,4.423189163208008,2
4_encoder_matrix,NMC,patchtst__rtdl_ft_transformer,38,2,1.5113039016723633,2
4_encoder_matrix,NMC,patchtst__rtdl_ft_transformer,39,2,2.2704484462738037,2
4_encoder_matrix,NMC,patchtst__rtdl_ft_transformer,1,0,2.2942817211151123,3
4_encoder_matrix,NMC,patchtst__rtdl_ft_transformer,10,0,1.3946762084960938,3
4_encoder_matrix,NMC,patchtst__rtdl_ft_transformer,12,0,1.2222845554351807,3
4_encoder_matrix,NMC,patchtst__rtdl_ft_transformer,13,0,1.9648393392562866,3
4_encoder_matrix,NMC,patchtst__rtdl_ft_transformer,16,0,2.4110143184661865,3
4_encoder_matrix,NMC,patchtst__rtdl_ft_transformer,20,0,1.321049690246582,3
4_encoder_matrix,NMC,patchtst__rtdl_ft_transformer,23,0,1.7998020648956299,3
4_encoder_matrix,NMC,patchtst__rtdl_ft_transformer,31,0,1.905073881149292,3
4_encoder_matrix,NMC,patchtst__rtdl_ft_transformer,40,0,1.938917636871338,3
4_encoder_matrix,NMC,patchtst__rtdl_ft_transformer,1,1,2.4948887825012207,3
4_encoder_matrix,NMC,patchtst__rtdl_ft_transformer,10,1,1.1054022312164307,3
4_encoder_matrix,NMC,patchtst__rtdl_ft_transformer,12,1,0.8592759370803833,3
4_encoder_matrix,NMC,patchtst__rtdl_ft_transformer,13,1,1.6422661542892456,3
4_encoder_matrix,NMC,patchtst__rtdl_ft_transformer,16,1,2.0527238845825195,3
4_encoder_matrix,NMC,patchtst__rtdl_ft_transformer,20,1,1.1137089729309082,3
4_encoder_matrix,NMC,patchtst__rtdl_ft_transformer,23,1,1.3827940225601196,3
4_encoder_matrix,NMC,patchtst__rtdl_ft_transformer,31,1,1.3634757995605469,3
4_encoder_matrix,NMC,patchtst__rtdl_ft_transformer,40,1,1.4302939176559448,3
4_encoder_matrix,NMC,patchtst__rtdl_ft_transformer,1,2,2.499648094177246,3
4_encoder_matrix,NMC,patchtst__rtdl_ft_transformer,10,2,1.5020941495895386,3
4_encoder_matrix,NMC,patchtst__rtdl_ft_transformer,12,2,1.150965690612793,3
4_encoder_matrix,NMC,patchtst__rtdl_ft_transformer,13,2,2.0705301761627197,3
4_encoder_matrix,NMC,patchtst__rtdl_ft_transformer,16,2,2.3291118144989014,3
4_encoder_matrix,NMC,patchtst__rtdl_ft_transformer,20,2,1.2080987691879272,3
4_encoder_matrix,NMC,patchtst__rtdl_ft_transformer,23,2,1.6692661046981812,3
4_encoder_matrix,NMC,patchtst__rtdl_ft_transformer,31,2,1.565411925315857,3
4_encoder_matrix,NMC,patchtst__rtdl_ft_transformer,40,2,1.8128374814987183,3
4_encoder_matrix,NMC,patchtst__rtdl_ft_transformer,2,0,1.4770437479019165,4
4_encoder_matrix,NMC,patchtst__rtdl_ft_transformer,3,0,1.5681767463684082,4
4_encoder_matrix,NMC,patchtst__rtdl_ft_transformer,9,0,1.081369161605835,4
4_encoder_matrix,NMC,patchtst__rtdl_ft_transformer,14,0,3.081951379776001,4
4_encoder_matrix,NMC,patchtst__rtdl_ft_transformer,15,0,2.7218732833862305,4
4_encoder_matrix,NMC,patchtst__rtdl_ft_transformer,34,0,3.7897732257843018,4
4_encoder_matrix,NMC,patchtst__rtdl_ft_transformer,37,0,2.2317752838134766,4
4_encoder_matrix,NMC,patchtst__rtdl_ft_transformer,43,0,2.0614871978759766,4
4_encoder_matrix,NMC,patchtst__rtdl_ft_transformer,2,1,1.5178790092468262,4
4_encoder_matrix,NMC,patchtst__rtdl_ft_transformer,3,1,1.6702284812927246,4
4_encoder_matrix,NMC,patchtst__rtdl_ft_transformer,9,1,1.278059720993042,4
4_encoder_matrix,NMC,patchtst__rtdl_ft_transformer,14,1,2.7807071208953857,4
4_encoder_matrix,NMC,patchtst__rtdl_ft_transformer,15,1,2.3296589851379395,4
4_encoder_matrix,NMC,patchtst__rtdl_ft_transformer,34,1,3.107118844985962,4
4_encoder_matrix,NMC,patchtst__rtdl_ft_transformer,37,1,1.805727481842041,4
4_encoder_matrix,NMC,patchtst__rtdl_ft_transformer,43,1,1.860652208328247,4
4_encoder_matrix,NMC,patchtst__rtdl_ft_transformer,2,2,1.5532339811325073,4
4_encoder_matrix,NMC,patchtst__rtdl_ft_transformer,3,2,1.7315512895584106,4
4_encoder_matrix,NMC,patchtst__rtdl_ft_transformer,9,2,1.2334372997283936,4
4_encoder_matrix,NMC,patchtst__rtdl_ft_transformer,14,2,2.779741048812866,4
4_encoder_matrix,NMC,patchtst__rtdl_ft_transformer,15,2,2.553046464920044,4
4_encoder_matrix,NMC,patchtst__rtdl_ft_transformer,34,2,3.467413902282715,4
4_encoder_matrix,NMC,patchtst__rtdl_ft_transformer,37,2,2.008798122406006,4
4_encoder_matrix,NMC,patchtst__rtdl_ft_transformer,43,2,1.8467051982879639,4
4_encoder_matrix,LFP,cnn__current_mlp,7,0,1.3015354871749878,0
4_encoder_matrix,LFP,cnn__current_mlp,9,0,0.6922067999839783,0
4_encoder_matrix,LFP,cnn__current_mlp,19,0,2.4760334491729736,0
4_encoder_matrix,LFP,cnn__current_mlp,20,0,1.3700066804885864,0
4_encoder_matrix,LFP,cnn__current_mlp,26,0,0.9585962891578674,0
4_encoder_matrix,LFP,cnn__current_mlp,29,0,1.0681407451629639,0
4_encoder_matrix,LFP,cnn__current_mlp,31,0,1.1856075525283813,0
4_encoder_matrix,LFP,cnn__current_mlp,44,0,1.5947729349136353,0
4_encoder_matrix,LFP,cnn__current_mlp,46,0,2.451444387435913,0
4_encoder_matrix,LFP,cnn__current_mlp,48,0,1.60685396194458,0
4_encoder_matrix,LFP,cnn__current_mlp,56,0,0.8714202046394348,0
4_encoder_matrix,LFP,cnn__current_mlp,63,0,1.0432956218719482,0
4_encoder_matrix,LFP,cnn__current_mlp,65,0,1.5630182027816772,0
4_encoder_matrix,LFP,cnn__current_mlp,7,1,1.2850910425186157,0
4_encoder_matrix,LFP,cnn__current_mlp,9,1,0.6776013374328613,0
4_encoder_matrix,LFP,cnn__current_mlp,19,1,2.6114840507507324,0
4_encoder_matrix,LFP,cnn__current_mlp,20,1,1.2538280487060547,0
4_encoder_matrix,LFP,cnn__current_mlp,26,1,0.9611220359802246,0
4_encoder_matrix,LFP,cnn__current_mlp,29,1,1.0693601369857788,0
4_encoder_matrix,LFP,cnn__current_mlp,31,1,1.1825811862945557,0
4_encoder_matrix,LFP,cnn__current_mlp,44,1,1.5504605770111084,0
4_encoder_matrix,LFP,cnn__current_mlp,46,1,2.5425400733947754,0
4_encoder_matrix,LFP,cnn__current_mlp,48,1,1.6232632398605347,0
4_encoder_matrix,LFP,cnn__current_mlp,56,1,0.796355664730072,0
4_encoder_matrix,LFP,cnn__current_mlp,63,1,0.9914052486419678,0
4_encoder_matrix,LFP,cnn__current_mlp,65,1,1.410762071609497,0
4_encoder_matrix,LFP,cnn__current_mlp,7,2,1.0404900312423706,0
4_encoder_matrix,LFP,cnn__current_mlp,9,2,0.7382094264030457,0
4_encoder_matrix,LFP,cnn__current_mlp,19,2,2.279437780380249,0
4_encoder_matrix,LFP,cnn__current_mlp,20,2,1.1858489513397217,0
4_encoder_matrix,LFP,cnn__current_mlp,26,2,0.8930639624595642,0
4_encoder_matrix,LFP,cnn__current_mlp,29,2,1.0859686136245728,0
4_encoder_matrix,LFP,cnn__current_mlp,31,2,1.2652159929275513,0
4_encoder_matrix,LFP,cnn__current_mlp,44,2,1.6764048337936401,0
4_encoder_matrix,LFP,cnn__current_mlp,46,2,2.9377191066741943,0
4_encoder_matrix,LFP,cnn__current_mlp,48,2,1.8260445594787598,0
4_encoder_matrix,LFP,cnn__current_mlp,56,2,0.752660870552063,0
4_encoder_matrix,LFP,cnn__current_mlp,63,2,0.9230688810348511,0
4_encoder_matrix,LFP,cnn__current_mlp,65,2,1.68402099609375,0
4_encoder_matrix,LFP,cnn__current_mlp,6,0,1.0693081617355347,1
4_encoder_matrix,LFP,cnn__current_mlp,17,0,2.333550214767456,1
4_encoder_matrix,LFP,cnn__current_mlp,22,0,0.9875077605247498,1
4_encoder_matrix,LFP,cnn__current_mlp,23,0,1.0219699144363403,1
4_encoder_matrix,LFP,cnn__current_mlp,27,0,0.9073024988174438,1
4_encoder_matrix,LFP,cnn__current_mlp,28,0,1.2417038679122925,1
4_encoder_matrix,LFP,cnn__current_mlp,34,0,1.7391220331192017,1
4_encoder_matrix,LFP,cnn__current_mlp,52,0,0.8543264865875244,1
4_encoder_matrix,LFP,cnn__current_mlp,53,0,1.605530023574829,1
4_encoder_matrix,LFP,cnn__current_mlp,57,0,1.9274626970291138,1
4_encoder_matrix,LFP,cnn__current_mlp,58,0,1.5945830345153809,1
4_encoder_matrix,LFP,cnn__current_mlp,60,0,1.0347363948822021,1
4_encoder_matrix,LFP,cnn__current_mlp,62,0,1.2318100929260254,1
4_encoder_matrix,LFP,cnn__current_mlp,6,1,1.1978262662887573,1
4_encoder_matrix,LFP,cnn__current_mlp,17,1,2.286853313446045,1
4_encoder_matrix,LFP,cnn__current_mlp,22,1,0.9206237196922302,1
4_encoder_matrix,LFP,cnn__current_mlp,23,1,0.9528431296348572,1
4_encoder_matrix,LFP,cnn__current_mlp,27,1,0.8451409935951233,1
4_encoder_matrix,LFP,cnn__current_mlp,28,1,1.046202301979065,1
4_encoder_matrix,LFP,cnn__current_mlp,34,1,1.8558564186096191,1
4_encoder_matrix,LFP,cnn__current_mlp,52,1,0.8107302784919739,1
4_encoder_matrix,LFP,cnn__current_mlp,53,1,1.6122608184814453,1
4_encoder_matrix,LFP,cnn__current_mlp,57,1,2.0813989639282227,1
4_encoder_matrix,LFP,cnn__current_mlp,58,1,1.7184714078903198,1
4_encoder_matrix,LFP,cnn__current_mlp,60,1,1.0445747375488281,1
4_encoder_matrix,LFP,cnn__current_mlp,62,1,1.3033826351165771,1
4_encoder_matrix,LFP,cnn__current_mlp,6,2,1.103111743927002,1
4_encoder_matrix,LFP,cnn__current_mlp,17,2,2.2007205486297607,1
4_encoder_matrix,LFP,cnn__current_mlp,22,2,1.0504440069198608,1
4_encoder_matrix,LFP,cnn__current_mlp,23,2,1.1304967403411865,1
4_encoder_matrix,LFP,cnn__current_mlp,27,2,0.9448069930076599,1
4_encoder_matrix,LFP,cnn__current_mlp,28,2,1.2030829191207886,1
4_encoder_matrix,LFP,cnn__current_mlp,34,2,1.7898751497268677,1
4_encoder_matrix,LFP,cnn__current_mlp,52,2,0.8985808491706848,1
4_encoder_matrix,LFP,cnn__current_mlp,53,2,1.707217812538147,1
4_encoder_matrix,LFP,cnn__current_mlp,57,2,2.006265878677368,1
4_encoder_matrix,LFP,cnn__current_mlp,58,2,1.666081190109253,1
4_encoder_matrix,LFP,cnn__current_mlp,60,2,1.0287586450576782,1
4_encoder_matrix,LFP,cnn__current_mlp,62,2,1.3957710266113281,1
4_encoder_matrix,LFP,cnn__current_mlp,5,0,1.9294079542160034,2
4_encoder_matrix,LFP,cnn__current_mlp,11,0,1.399743676185608,2
4_encoder_matrix,LFP,cnn__current_mlp,12,0,0.8161246180534363,2
4_encoder_matrix,LFP,cnn__current_mlp,18,0,2.291584014892578,2
4_encoder_matrix,LFP,cnn__current_mlp,25,0,1.0300652980804443,2
4_encoder_matrix,LFP,cnn__current_mlp,30,0,1.1320874691009521,2
4_encoder_matrix,LFP,cnn__current_mlp,32,0,1.971072793006897,2
4_encoder_matrix,LFP,cnn__current_mlp,33,0,2.730454206466675,2
4_encoder_matrix,LFP,cnn__current_mlp,36,0,1.4404027462005615,2
4_encoder_matrix,LFP,cnn__current_mlp,39,0,1.0188350677490234,2
4_encoder_matrix,LFP,cnn__current_mlp,41,0,1.011823058128357,2
4_encoder_matrix,LFP,cnn__current_mlp,42,0,1.430560827255249,2
4_encoder_matrix,LFP,cnn__current_mlp,61,0,1.1837043762207031,2
4_encoder_matrix,LFP,cnn__current_mlp,5,1,1.884459137916565,2
4_encoder_matrix,LFP,cnn__current_mlp,11,1,1.2927138805389404,2
4_encoder_matrix,LFP,cnn__current_mlp,12,1,0.6407265663146973,2
4_encoder_matrix,LFP,cnn__current_mlp,18,1,2.2267532348632812,2
4_encoder_matrix,LFP,cnn__current_mlp,25,1,0.887477457523346,2
4_encoder_matrix,LFP,cnn__current_mlp,30,1,1.0693705081939697,2
4_encoder_matrix,LFP,cnn__current_mlp,32,1,1.8902748823165894,2
4_encoder_matrix,LFP,cnn__current_mlp,33,1,2.6147947311401367,2
4_encoder_matrix,LFP,cnn__current_mlp,36,1,1.2016645669937134,2
4_encoder_matrix,LFP,cnn__current_mlp,39,1,0.8391284942626953,2
4_encoder_matrix,LFP,cnn__current_mlp,41,1,0.7778748273849487,2
4_encoder_matrix,LFP,cnn__current_mlp,42,1,1.2493163347244263,2
4_encoder_matrix,LFP,cnn__current_mlp,61,1,1.0614211559295654,2
4_encoder_matrix,LFP,cnn__current_mlp,5,2,1.8199164867401123,2
4_encoder_matrix,LFP,cnn__current_mlp,11,2,1.2956631183624268,2
4_encoder_matrix,LFP,cnn__current_mlp,12,2,0.6457189321517944,2
4_encoder_matrix,LFP,cnn__current_mlp,18,2,2.1790664196014404,2
4_encoder_matrix,LFP,cnn__current_mlp,25,2,0.82044917345047,2
4_encoder_matrix,LFP,cnn__current_mlp,30,2,1.2873467206954956,2
4_encoder_matrix,LFP,cnn__current_mlp,32,2,1.7887043952941895,2
4_encoder_matrix,LFP,cnn__current_mlp,33,2,2.5642313957214355,2
4_encoder_matrix,LFP,cnn__current_mlp,36,2,1.2113968133926392,2
4_encoder_matrix,LFP,cnn__current_mlp,39,2,0.8157798051834106,2
4_encoder_matrix,LFP,cnn__current_mlp,41,2,0.7764444351196289,2
4_encoder_matrix,LFP,cnn__current_mlp,42,2,1.159352421760559,2
4_encoder_matrix,LFP,cnn__current_mlp,61,2,0.9267895221710205,2
4_encoder_matrix,LFP,cnn__current_mlp,2,0,1.6126846075057983,3
4_encoder_matrix,LFP,cnn__current_mlp,8,0,0.8770641684532166,3
4_encoder_matrix,LFP,cnn__current_mlp,13,0,1.118909478187561,3
4_encoder_matrix,LFP,cnn__current_mlp,21,0,1.4577152729034424,3
4_encoder_matrix,LFP,cnn__current_mlp,24,0,1.1023237705230713,3
4_encoder_matrix,LFP,cnn__current_mlp,37,0,1.8119218349456787,3
4_encoder_matrix,LFP,cnn__current_mlp,40,0,1.2007886171340942,3
4_encoder_matrix,LFP,cnn__current_mlp,43,0,1.3534510135650635,3
4_encoder_matrix,LFP,cnn__current_mlp,49,0,1.643220067024231,3
4_encoder_matrix,LFP,cnn__current_mlp,50,0,1.934363603591919,3
4_encoder_matrix,LFP,cnn__current_mlp,51,0,2.4096288681030273,3
4_encoder_matrix,LFP,cnn__current_mlp,54,0,1.1333566904067993,3
4_encoder_matrix,LFP,cnn__current_mlp,59,0,1.8353240489959717,3
4_encoder_matrix,LFP,cnn__current_mlp,2,1,1.794491171836853,3
4_encoder_matrix,LFP,cnn__current_mlp,8,1,0.8679941296577454,3
4_encoder_matrix,LFP,cnn__current_mlp,13,1,1.1231619119644165,3
4_encoder_matrix,LFP,cnn__current_mlp,21,1,1.1497818231582642,3
4_encoder_matrix,LFP,cnn__current_mlp,24,1,0.8844251036643982,3
4_encoder_matrix,LFP,cnn__current_mlp,37,1,2.198103904724121,3
4_encoder_matrix,LFP,cnn__current_mlp,40,1,0.9763575196266174,3
4_encoder_matrix,LFP,cnn__current_mlp,43,1,1.0056427717208862,3
4_encoder_matrix,LFP,cnn__current_mlp,49,1,1.5898743867874146,3
4_encoder_matrix,LFP,cnn__current_mlp,50,1,1.6779447793960571,3
4_encoder_matrix,LFP,cnn__current_mlp,51,1,2.109496593475342,3
4_encoder_matrix,LFP,cnn__current_mlp,54,1,0.8729919195175171,3
4_encoder_matrix,LFP,cnn__current_mlp,59,1,1.701411247253418,3
4_encoder_matrix,LFP,cnn__current_mlp,2,2,1.5747929811477661,3
4_encoder_matrix,LFP,cnn__current_mlp,8,2,0.7650932669639587,3
4_encoder_matrix,LFP,cnn__current_mlp,13,2,1.042721152305603,3
4_encoder_matrix,LFP,cnn__current_mlp,21,2,1.2002675533294678,3
4_encoder_matrix,LFP,cnn__current_mlp,24,2,0.9557796120643616,3
4_encoder_matrix,LFP,cnn__current_mlp,37,2,1.8252441883087158,3
4_encoder_matrix,LFP,cnn__current_mlp,40,2,1.074499249458313,3
4_encoder_matrix,LFP,cnn__current_mlp,43,2,1.1242600679397583,3
4_encoder_matrix,LFP,cnn__current_mlp,49,2,1.4933372735977173,3
4_encoder_matrix,LFP,cnn__current_mlp,50,2,1.8536360263824463,3
4_encoder_matrix,LFP,cnn__current_mlp,51,2,2.227736711502075,3
4_encoder_matrix,LFP,cnn__current_mlp,54,2,1.0113577842712402,3
4_encoder_matrix,LFP,cnn__current_mlp,59,2,1.628481388092041,3
4_encoder_matrix,LFP,cnn__current_mlp,3,0,4.049560070037842,4
4_encoder_matrix,LFP,cnn__current_mlp,4,0,1.6874741315841675,4
4_encoder_matrix,LFP,cnn__current_mlp,10,0,1.769378423690796,4
4_encoder_matrix,LFP,cnn__current_mlp,14,0,2.687967300415039,4
4_encoder_matrix,LFP,cnn__current_mlp,15,0,3.1483802795410156,4
4_encoder_matrix,LFP,cnn__current_mlp,16,0,2.66353440284729,4
4_encoder_matrix,LFP,cnn__current_mlp,35,0,2.252896308898926,4
4_encoder_matrix,LFP,cnn__current_mlp,38,0,1.0104855298995972,4
4_encoder_matrix,LFP,cnn__current_mlp,45,0,1.6764509677886963,4
4_encoder_matrix,LFP,cnn__current_mlp,47,0,1.2537084817886353,4
4_encoder_matrix,LFP,cnn__current_mlp,55,0,2.2858476638793945,4
4_encoder_matrix,LFP,cnn__current_mlp,64,0,0.9251523613929749,4
4_encoder_matrix,LFP,cnn__current_mlp,3,1,3.078955888748169,4
4_encoder_matrix,LFP,cnn__current_mlp,4,1,1.5178501605987549,4
4_encoder_matrix,LFP,cnn__current_mlp,10,1,1.7635492086410522,4
4_encoder_matrix,LFP,cnn__current_mlp,14,1,2.632725715637207,4
4_encoder_matrix,LFP,cnn__current_mlp,15,1,3.293940782546997,4
4_encoder_matrix,LFP,cnn__current_mlp,16,1,2.745372772216797,4
4_encoder_matrix,LFP,cnn__current_mlp,35,1,2.2387359142303467,4
4_encoder_matrix,LFP,cnn__current_mlp,38,1,0.790596067905426,4
4_encoder_matrix,LFP,cnn__current_mlp,45,1,1.3914653062820435,4
4_encoder_matrix,LFP,cnn__current_mlp,47,1,1.083999752998352,4
4_encoder_matrix,LFP,cnn__current_mlp,55,1,1.6299009323120117,4
4_encoder_matrix,LFP,cnn__current_mlp,64,1,0.9622934460639954,4
4_encoder_matrix,LFP,cnn__current_mlp,3,2,3.4932899475097656,4
4_encoder_matrix,LFP,cnn__current_mlp,4,2,1.483214259147644,4
4_encoder_matrix,LFP,cnn__current_mlp,10,2,1.6612446308135986,4
4_encoder_matrix,LFP,cnn__current_mlp,14,2,2.6822221279144287,4
4_encoder_matrix,LFP,cnn__current_mlp,15,2,3.121145248413086,4
4_encoder_matrix,LFP,cnn__current_mlp,16,2,2.7054781913757324,4
4_encoder_matrix,LFP,cnn__current_mlp,35,2,2.1144425868988037,4
4_encoder_matrix,LFP,cnn__current_mlp,38,2,0.8896672129631042,4
4_encoder_matrix,LFP,cnn__current_mlp,45,2,1.5856831073760986,4
4_encoder_matrix,LFP,cnn__current_mlp,47,2,1.2783783674240112,4
4_encoder_matrix,LFP,cnn__current_mlp,55,2,2.0131208896636963,4
4_encoder_matrix,LFP,cnn__current_mlp,64,2,0.8047228455543518,4
4_encoder_matrix,LFP,cnn__rtdl_resnet,7,0,1.1403247117996216,0
4_encoder_matrix,LFP,cnn__rtdl_resnet,9,0,0.7892093658447266,0
4_encoder_matrix,LFP,cnn__rtdl_resnet,19,0,2.5560226440429688,0
4_encoder_matrix,LFP,cnn__rtdl_resnet,20,0,1.100188136100769,0
4_encoder_matrix,LFP,cnn__rtdl_resnet,26,0,0.75884610414505,0
4_encoder_matrix,LFP,cnn__rtdl_resnet,29,0,1.0811415910720825,0
4_encoder_matrix,LFP,cnn__rtdl_resnet,31,0,1.3637481927871704,0
4_encoder_matrix,LFP,cnn__rtdl_resnet,44,0,1.5460975170135498,0
4_encoder_matrix,LFP,cnn__rtdl_resnet,46,0,2.6894028186798096,0
4_encoder_matrix,LFP,cnn__rtdl_resnet,48,0,1.7328619956970215,0
4_encoder_matrix,LFP,cnn__rtdl_resnet,56,0,0.6638287305831909,0
4_encoder_matrix,LFP,cnn__rtdl_resnet,63,0,0.9269155263900757,0
4_encoder_matrix,LFP,cnn__rtdl_resnet,65,0,1.541934847831726,0
4_encoder_matrix,LFP,cnn__rtdl_resnet,7,1,1.116051435470581,0
4_encoder_matrix,LFP,cnn__rtdl_resnet,9,1,0.8717331290245056,0
4_encoder_matrix,LFP,cnn__rtdl_resnet,19,1,2.369758367538452,0
4_encoder_matrix,LFP,cnn__rtdl_resnet,20,1,1.1791253089904785,0
4_encoder_matrix,LFP,cnn__rtdl_resnet,26,1,0.9185822606086731,0
4_encoder_matrix,LFP,cnn__rtdl_resnet,29,1,1.188598394393921,0
4_encoder_matrix,LFP,cnn__rtdl_resnet,31,1,1.5750465393066406,0
4_encoder_matrix,LFP,cnn__rtdl_resnet,44,1,1.7241390943527222,0
4_encoder_matrix,LFP,cnn__rtdl_resnet,46,1,2.833920478820801,0
4_encoder_matrix,LFP,cnn__rtdl_resnet,48,1,1.8993327617645264,0
4_encoder_matrix,LFP,cnn__rtdl_resnet,56,1,0.7866769433021545,0
4_encoder_matrix,LFP,cnn__rtdl_resnet,63,1,1.245497703552246,0
4_encoder_matrix,LFP,cnn__rtdl_resnet,65,1,1.8482118844985962,0
4_encoder_matrix,LFP,cnn__rtdl_resnet,7,2,1.1549862623214722,0
4_encoder_matrix,LFP,cnn__rtdl_resnet,9,2,0.6679197549819946,0
4_encoder_matrix,LFP,cnn__rtdl_resnet,19,2,2.3725147247314453,0
4_encoder_matrix,LFP,cnn__rtdl_resnet,20,2,1.2820236682891846,0
4_encoder_matrix,LFP,cnn__rtdl_resnet,26,2,0.8217175602912903,0
4_encoder_matrix,LFP,cnn__rtdl_resnet,29,2,1.0826588869094849,0
4_encoder_matrix,LFP,cnn__rtdl_resnet,31,2,1.387213945388794,0
4_encoder_matrix,LFP,cnn__rtdl_resnet,44,2,1.5189929008483887,0
4_encoder_matrix,LFP,cnn__rtdl_resnet,46,2,2.63218092918396,0
4_encoder_matrix,LFP,cnn__rtdl_resnet,48,2,1.667303204536438,0
4_encoder_matrix,LFP,cnn__rtdl_resnet,56,2,0.7403502464294434,0
4_encoder_matrix,LFP,cnn__rtdl_resnet,63,2,0.9783697128295898,0
4_encoder_matrix,LFP,cnn__rtdl_resnet,65,2,1.4713244438171387,0
4_encoder_matrix,LFP,cnn__rtdl_resnet,6,0,1.1977996826171875,1
4_encoder_matrix,LFP,cnn__rtdl_resnet,17,0,2.5312600135803223,1
4_encoder_matrix,LFP,cnn__rtdl_resnet,22,0,0.7496796250343323,1
4_encoder_matrix,LFP,cnn__rtdl_resnet,23,0,0.8152831792831421,1
4_encoder_matrix,LFP,cnn__rtdl_resnet,27,0,0.6715492606163025,1
4_encoder_matrix,LFP,cnn__rtdl_resnet,28,0,1.099811315536499,1
4_encoder_matrix,LFP,cnn__rtdl_resnet,34,0,1.906059741973877,1
4_encoder_matrix,LFP,cnn__rtdl_resnet,52,0,1.0156968832015991,1
4_encoder_matrix,LFP,cnn__rtdl_resnet,53,0,1.441707968711853,1
4_encoder_matrix,LFP,cnn__rtdl_resnet,57,0,2.03631854057312,1
4_encoder_matrix,LFP,cnn__rtdl_resnet,58,0,1.6677992343902588,1
4_encoder_matrix,LFP,cnn__rtdl_resnet,60,0,0.879585325717926,1
4_encoder_matrix,LFP,cnn__rtdl_resnet,62,0,0.9068831205368042,1
4_encoder_matrix,LFP,cnn__rtdl_resnet,6,1,1.0572069883346558,1
4_encoder_matrix,LFP,cnn__rtdl_resnet,17,1,2.182837724685669,1
4_encoder_matrix,LFP,cnn__rtdl_resnet,22,1,1.0519108772277832,1
4_encoder_matrix,LFP,cnn__rtdl_resnet,23,1,1.155009388923645,1
4_encoder_matrix,LFP,cnn__rtdl_resnet,27,1,0.8880284428596497,1
4_encoder_matrix,LFP,cnn__rtdl_resnet,28,1,1.1226246356964111,1
4_encoder_matrix,LFP,cnn__rtdl_resnet,34,1,1.8189212083816528,1
4_encoder_matrix,LFP,cnn__rtdl_resnet,52,1,0.7410891056060791,1
4_encoder_matrix,LFP,cnn__rtdl_resnet,53,1,1.6505022048950195,1
4_encoder_matrix,LFP,cnn__rtdl_resnet,57,1,1.9829299449920654,1
4_encoder_matrix,LFP,cnn__rtdl_resnet,58,1,1.7021461725234985,1
4_encoder_matrix,LFP,cnn__rtdl_resnet,60,1,0.9749317169189453,1
4_encoder_matrix,LFP,cnn__rtdl_resnet,62,1,1.272441029548645,1
4_encoder_matrix,LFP,cnn__rtdl_resnet,6,2,0.8944517374038696,1
4_encoder_matrix,LFP,cnn__rtdl_resnet,17,2,2.024261474609375,1
4_encoder_matrix,LFP,cnn__rtdl_resnet,22,2,0.9596254229545593,1
4_encoder_matrix,LFP,cnn__rtdl_resnet,23,2,0.9895961284637451,1
4_encoder_matrix,LFP,cnn__rtdl_resnet,27,2,0.7734229564666748,1
4_encoder_matrix,LFP,cnn__rtdl_resnet,28,2,1.1853281259536743,1
4_encoder_matrix,LFP,cnn__rtdl_resnet,34,2,1.6252717971801758,1
4_encoder_matrix,LFP,cnn__rtdl_resnet,52,2,0.6199392676353455,1
4_encoder_matrix,LFP,cnn__rtdl_resnet,53,2,1.483108401298523,1
4_encoder_matrix,LFP,cnn__rtdl_resnet,57,2,1.8534265756607056,1
4_encoder_matrix,LFP,cnn__rtdl_resnet,58,2,1.5252052545547485,1
4_encoder_matrix,LFP,cnn__rtdl_resnet,60,2,0.9225971698760986,1
4_encoder_matrix,LFP,cnn__rtdl_resnet,62,2,1.131793737411499,1
4_encoder_matrix,LFP,cnn__rtdl_resnet,5,0,1.8597660064697266,2
4_encoder_matrix,LFP,cnn__rtdl_resnet,11,0,1.2293956279754639,2
4_encoder_matrix,LFP,cnn__rtdl_resnet,12,0,0.6330832839012146,2
4_encoder_matrix,LFP,cnn__rtdl_resnet,18,0,2.3770203590393066,2
4_encoder_matrix,LFP,cnn__rtdl_resnet,25,0,0.8322829008102417,2
4_encoder_matrix,LFP,cnn__rtdl_resnet,30,0,1.421817660331726,2
4_encoder_matrix,LFP,cnn__rtdl_resnet,32,0,2.000584125518799,2
4_encoder_matrix,LFP,cnn__rtdl_resnet,33,0,2.6613528728485107,2
4_encoder_matrix,LFP,cnn__rtdl_resnet,36,0,1.205312728881836,2
4_encoder_matrix,LFP,cnn__rtdl_resnet,39,0,0.844240128993988,2
4_encoder_matrix,LFP,cnn__rtdl_resnet,41,0,0.8109605312347412,2
4_encoder_matrix,LFP,cnn__rtdl_resnet,42,0,1.108302116394043,2
4_encoder_matrix,LFP,cnn__rtdl_resnet,61,0,0.8038203120231628,2
4_encoder_matrix,LFP,cnn__rtdl_resnet,5,1,1.5726391077041626,2
4_encoder_matrix,LFP,cnn__rtdl_resnet,11,1,1.1415754556655884,2
4_encoder_matrix,LFP,cnn__rtdl_resnet,12,1,0.6430113911628723,2
4_encoder_matrix,LFP,cnn__rtdl_resnet,18,1,2.017120361328125,2
4_encoder_matrix,LFP,cnn__rtdl_resnet,25,1,1.059749960899353,2
4_encoder_matrix,LFP,cnn__rtdl_resnet,30,1,1.4203548431396484,2
4_encoder_matrix,LFP,cnn__rtdl_resnet,32,1,1.68453848361969,2
4_encoder_matrix,LFP,cnn__rtdl_resnet,33,1,2.5032384395599365,2
4_encoder_matrix,LFP,cnn__rtdl_resnet,36,1,1.0163778066635132,2
4_encoder_matrix,LFP,cnn__rtdl_resnet,39,1,1.0588270425796509,2
4_encoder_matrix,LFP,cnn__rtdl_resnet,41,1,1.0703033208847046,2
4_encoder_matrix,LFP,cnn__rtdl_resnet,42,1,1.1974875926971436,2
4_encoder_matrix,LFP,cnn__rtdl_resnet,61,1,1.0149779319763184,2
4_encoder_matrix,LFP,cnn__rtdl_resnet,5,2,1.615639090538025,2
4_encoder_matrix,LFP,cnn__rtdl_resnet,11,2,1.044459581375122,2
4_encoder_matrix,LFP,cnn__rtdl_resnet,12,2,0.48327282071113586,2
4_encoder_matrix,LFP,cnn__rtdl_resnet,18,2,2.0516984462738037,2
4_encoder_matrix,LFP,cnn__rtdl_resnet,25,2,0.956825315952301,2
4_encoder_matrix,LFP,cnn__rtdl_resnet,30,2,1.6355984210968018,2
4_encoder_matrix,LFP,cnn__rtdl_resnet,32,2,1.625716209411621,2
4_encoder_matrix,LFP,cnn__rtdl_resnet,33,2,2.409064531326294,2
4_encoder_matrix,LFP,cnn__rtdl_resnet,36,2,0.9947601556777954,2
4_encoder_matrix,LFP,cnn__rtdl_resnet,39,2,0.9386739730834961,2
4_encoder_matrix,LFP,cnn__rtdl_resnet,41,2,1.0063587427139282,2
4_encoder_matrix,LFP,cnn__rtdl_resnet,42,2,1.0313336849212646,2
4_encoder_matrix,LFP,cnn__rtdl_resnet,61,2,0.8825017213821411,2
4_encoder_matrix,LFP,cnn__rtdl_resnet,2,0,1.7832080125808716,3
4_encoder_matrix,LFP,cnn__rtdl_resnet,8,0,0.7408155202865601,3
4_encoder_matrix,LFP,cnn__rtdl_resnet,13,0,1.024321436882019,3
4_encoder_matrix,LFP,cnn__rtdl_resnet,21,0,0.9876922369003296,3
4_encoder_matrix,LFP,cnn__rtdl_resnet,24,0,0.6486321091651917,3
4_encoder_matrix,LFP,cnn__rtdl_resnet,37,0,2.05370831489563,3
4_encoder_matrix,LFP,cnn__rtdl_resnet,40,0,0.7243314385414124,3
4_encoder_matrix,LFP,cnn__rtdl_resnet,43,0,0.8679606914520264,3
4_encoder_matrix,LFP,cnn__rtdl_resnet,49,0,1.2585203647613525,3
4_encoder_matrix,LFP,cnn__rtdl_resnet,50,0,1.7287296056747437,3
4_encoder_matrix,LFP,cnn__rtdl_resnet,51,0,2.086108446121216,3
4_encoder_matrix,LFP,cnn__rtdl_resnet,54,0,0.748428225517273,3
4_encoder_matrix,LFP,cnn__rtdl_resnet,59,0,1.624887228012085,3
4_encoder_matrix,LFP,cnn__rtdl_resnet,2,1,1.5940898656845093,3
4_encoder_matrix,LFP,cnn__rtdl_resnet,8,1,0.9067783951759338,3
4_encoder_matrix,LFP,cnn__rtdl_resnet,13,1,1.12325119972229,3
4_encoder_matrix,LFP,cnn__rtdl_resnet,21,1,1.319637656211853,3
4_encoder_matrix,LFP,cnn__rtdl_resnet,24,1,1.0324327945709229,3
4_encoder_matrix,LFP,cnn__rtdl_resnet,37,1,1.8844168186187744,3
4_encoder_matrix,LFP,cnn__rtdl_resnet,40,1,1.1470730304718018,3
4_encoder_matrix,LFP,cnn__rtdl_resnet,43,1,1.2957124710083008,3
4_encoder_matrix,LFP,cnn__rtdl_resnet,49,1,1.5127966403961182,3
4_encoder_matrix,LFP,cnn__rtdl_resnet,50,1,1.8230232000350952,3
4_encoder_matrix,LFP,cnn__rtdl_resnet,51,1,2.2552130222320557,3
4_encoder_matrix,LFP,cnn__rtdl_resnet,54,1,1.1005775928497314,3
4_encoder_matrix,LFP,cnn__rtdl_resnet,59,1,1.7927302122116089,3
4_encoder_matrix,LFP,cnn__rtdl_resnet,2,2,1.3909087181091309,3
4_encoder_matrix,LFP,cnn__rtdl_resnet,8,2,0.5613331198692322,3
4_encoder_matrix,LFP,cnn__rtdl_resnet,13,2,0.7224836945533752,3
4_encoder_matrix,LFP,cnn__rtdl_resnet,21,2,1.0349491834640503,3
4_encoder_matrix,LFP,cnn__rtdl_resnet,24,2,0.8840227723121643,3
4_encoder_matrix,LFP,cnn__rtdl_resnet,37,2,1.5731269121170044,3
4_encoder_matrix,LFP,cnn__rtdl_resnet,40,2,1.0014053583145142,3
4_encoder_matrix,LFP,cnn__rtdl_resnet,43,2,1.0454450845718384,3
4_encoder_matrix,LFP,cnn__rtdl_resnet,49,2,1.6385691165924072,3
4_encoder_matrix,LFP,cnn__rtdl_resnet,50,2,1.5116100311279297,3
4_encoder_matrix,LFP,cnn__rtdl_resnet,51,2,1.9271684885025024,3
4_encoder_matrix,LFP,cnn__rtdl_resnet,54,2,0.900588870048523,3
4_encoder_matrix,LFP,cnn__rtdl_resnet,59,2,1.3919790983200073,3
4_encoder_matrix,LFP,cnn__rtdl_resnet,3,0,3.8516623973846436,4
4_encoder_matrix,LFP,cnn__rtdl_resnet,4,0,1.3181601762771606,4
4_encoder_matrix,LFP,cnn__rtdl_resnet,10,0,1.657297134399414,4
4_encoder_matrix,LFP,cnn__rtdl_resnet,14,0,2.311671018600464,4
4_encoder_matrix,LFP,cnn__rtdl_resnet,15,0,2.7947909832000732,4
4_encoder_matrix,LFP,cnn__rtdl_resnet,16,0,2.3095903396606445,4
4_encoder_matrix,LFP,cnn__rtdl_resnet,35,0,1.9614531993865967,4
4_encoder_matrix,LFP,cnn__rtdl_resnet,38,0,0.7880040407180786,4
4_encoder_matrix,LFP,cnn__rtdl_resnet,45,0,1.3329253196716309,4
4_encoder_matrix,LFP,cnn__rtdl_resnet,47,0,1.2838940620422363,4
4_encoder_matrix,LFP,cnn__rtdl_resnet,55,0,1.9802292585372925,4
4_encoder_matrix,LFP,cnn__rtdl_resnet,64,0,0.6977226138114929,4
4_encoder_matrix,LFP,cnn__rtdl_resnet,3,1,3.373063802719116,4
4_encoder_matrix,LFP,cnn__rtdl_resnet,4,1,1.5107208490371704,4
4_encoder_matrix,LFP,cnn__rtdl_resnet,10,1,1.8228886127471924,4
4_encoder_matrix,LFP,cnn__rtdl_resnet,14,1,2.4455747604370117,4
4_encoder_matrix,LFP,cnn__rtdl_resnet,15,1,3.0618035793304443,4
4_encoder_matrix,LFP,cnn__rtdl_resnet,16,1,2.5971832275390625,4
4_encoder_matrix,LFP,cnn__rtdl_resnet,35,1,2.1346323490142822,4
4_encoder_matrix,LFP,cnn__rtdl_resnet,38,1,0.9713925719261169,4
4_encoder_matrix,LFP,cnn__rtdl_resnet,45,1,1.460336685180664,4
4_encoder_matrix,LFP,cnn__rtdl_resnet,47,1,1.2194117307662964,4
4_encoder_matrix,LFP,cnn__rtdl_resnet,55,1,1.4916192293167114,4
4_encoder_matrix,LFP,cnn__rtdl_resnet,64,1,1.099167823791504,4
4_encoder_matrix,LFP,cnn__rtdl_resnet,3,2,3.5353219509124756,4
4_encoder_matrix,LFP,cnn__rtdl_resnet,4,2,1.3319709300994873,4
4_encoder_matrix,LFP,cnn__rtdl_resnet,10,2,1.6896713972091675,4
4_encoder_matrix,LFP,cnn__rtdl_resnet,14,2,2.351961374282837,4
4_encoder_matrix,LFP,cnn__rtdl_resnet,15,2,2.8525285720825195,4
4_encoder_matrix,LFP,cnn__rtdl_resnet,16,2,2.3728034496307373,4
4_encoder_matrix,LFP,cnn__rtdl_resnet,35,2,2.050459146499634,4
4_encoder_matrix,LFP,cnn__rtdl_resnet,38,2,0.822679877281189,4
4_encoder_matrix,LFP,cnn__rtdl_resnet,45,2,1.3361575603485107,4
4_encoder_matrix,LFP,cnn__rtdl_resnet,47,2,1.2548894882202148,4
4_encoder_matrix,LFP,cnn__rtdl_resnet,55,2,1.750032663345337,4
4_encoder_matrix,LFP,cnn__rtdl_resnet,64,2,0.8306037783622742,4
4_encoder_matrix,LFP,cnn__rtdl_ft_transformer,7,0,1.2326165437698364,0
4_encoder_matrix,LFP,cnn__rtdl_ft_transformer,9,0,0.6950106620788574,0
4_encoder_matrix,LFP,cnn__rtdl_ft_transformer,19,0,2.657923460006714,0
4_encoder_matrix,LFP,cnn__rtdl_ft_transformer,20,0,1.2660976648330688,0
4_encoder_matrix,LFP,cnn__rtdl_ft_transformer,26,0,0.6636579632759094,0
4_encoder_matrix,LFP,cnn__rtdl_ft_transformer,29,0,1.019705891609192,0
4_encoder_matrix,LFP,cnn__rtdl_ft_transformer,31,0,1.483654260635376,0
4_encoder_matrix,LFP,cnn__rtdl_ft_transformer,44,0,1.524967908859253,0
4_encoder_matrix,LFP,cnn__rtdl_ft_transformer,46,0,2.6511576175689697,0
4_encoder_matrix,LFP,cnn__rtdl_ft_transformer,48,0,1.718173861503601,0
4_encoder_matrix,LFP,cnn__rtdl_ft_transformer,56,0,0.832131564617157,0
4_encoder_matrix,LFP,cnn__rtdl_ft_transformer,63,0,0.9729233384132385,0
4_encoder_matrix,LFP,cnn__rtdl_ft_transformer,65,0,1.657253623008728,0
4_encoder_matrix,LFP,cnn__rtdl_ft_transformer,7,1,1.3136881589889526,0
4_encoder_matrix,LFP,cnn__rtdl_ft_transformer,9,1,0.7144590020179749,0
4_encoder_matrix,LFP,cnn__rtdl_ft_transformer,19,1,2.8684842586517334,0
4_encoder_matrix,LFP,cnn__rtdl_ft_transformer,20,1,1.240147352218628,0
4_encoder_matrix,LFP,cnn__rtdl_ft_transformer,26,1,0.7543995976448059,0
4_encoder_matrix,LFP,cnn__rtdl_ft_transformer,29,1,0.9290137887001038,0
4_encoder_matrix,LFP,cnn__rtdl_ft_transformer,31,1,1.195250153541565,0
4_encoder_matrix,LFP,cnn__rtdl_ft_transformer,44,1,1.5755146741867065,0
4_encoder_matrix,LFP,cnn__rtdl_ft_transformer,46,1,2.486320734024048,0
4_encoder_matrix,LFP,cnn__rtdl_ft_transformer,48,1,1.6833970546722412,0
4_encoder_matrix,LFP,cnn__rtdl_ft_transformer,56,1,0.8488537669181824,0
4_encoder_matrix,LFP,cnn__rtdl_ft_transformer,63,1,0.9714440107345581,0
4_encoder_matrix,LFP,cnn__rtdl_ft_transformer,65,1,1.532175064086914,0
4_encoder_matrix,LFP,cnn__rtdl_ft_transformer,7,2,1.0900194644927979,0
4_encoder_matrix,LFP,cnn__rtdl_ft_transformer,9,2,0.887117326259613,0
4_encoder_matrix,LFP,cnn__rtdl_ft_transformer,19,2,2.6334564685821533,0
4_encoder_matrix,LFP,cnn__rtdl_ft_transformer,20,2,1.28725004196167,0
4_encoder_matrix,LFP,cnn__rtdl_ft_transformer,26,2,0.7665852308273315,0
4_encoder_matrix,LFP,cnn__rtdl_ft_transformer,29,2,1.2064995765686035,0
4_encoder_matrix,LFP,cnn__rtdl_ft_transformer,31,2,1.5761685371398926,0
4_encoder_matrix,LFP,cnn__rtdl_ft_transformer,44,2,1.7612597942352295,0
4_encoder_matrix,LFP,cnn__rtdl_ft_transformer,46,2,2.817110061645508,0
4_encoder_matrix,LFP,cnn__rtdl_ft_transformer,48,2,1.9373797178268433,0
4_encoder_matrix,LFP,cnn__rtdl_ft_transformer,56,2,0.9381074905395508,0
4_encoder_matrix,LFP,cnn__rtdl_ft_transformer,63,2,1.1600456237792969,0
4_encoder_matrix,LFP,cnn__rtdl_ft_transformer,65,2,1.8272695541381836,0
4_encoder_matrix,LFP,cnn__rtdl_ft_transformer,6,0,1.0505144596099854,1
4_encoder_matrix,LFP,cnn__rtdl_ft_transformer,17,0,2.5410733222961426,1
4_encoder_matrix,LFP,cnn__rtdl_ft_transformer,22,0,0.9014744758605957,1
4_encoder_matrix,LFP,cnn__rtdl_ft_transformer,23,0,0.7785574793815613,1
4_encoder_matrix,LFP,cnn__rtdl_ft_transformer,27,0,0.6501988172531128,1
4_encoder_matrix,LFP,cnn__rtdl_ft_transformer,28,0,1.4069303274154663,1
4_encoder_matrix,LFP,cnn__rtdl_ft_transformer,34,0,1.9077168703079224,1
4_encoder_matrix,LFP,cnn__rtdl_ft_transformer,52,0,1.5964303016662598,1
4_encoder_matrix,LFP,cnn__rtdl_ft_transformer,53,0,1.3706380128860474,1
4_encoder_matrix,LFP,cnn__rtdl_ft_transformer,57,0,2.1830711364746094,1
4_encoder_matrix,LFP,cnn__rtdl_ft_transformer,58,0,1.7060282230377197,1
4_encoder_matrix,LFP,cnn__rtdl_ft_transformer,60,0,0.9117254018783569,1
4_encoder_matrix,LFP,cnn__rtdl_ft_transformer,62,0,0.8853524327278137,1
4_encoder_matrix,LFP,cnn__rtdl_ft_transformer,6,1,1.1046724319458008,1
4_encoder_matrix,LFP,cnn__rtdl_ft_transformer,17,1,2.6190743446350098,1
4_encoder_matrix,LFP,cnn__rtdl_ft_transformer,22,1,0.9496053457260132,1
4_encoder_matrix,LFP,cnn__rtdl_ft_transformer,23,1,0.8975003957748413,1
4_encoder_matrix,LFP,cnn__rtdl_ft_transformer,27,1,0.7304887771606445,1
4_encoder_matrix,LFP,cnn__rtdl_ft_transformer,28,1,1.3138422966003418,1
4_encoder_matrix,LFP,cnn__rtdl_ft_transformer,34,1,1.968061923980713,1
4_encoder_matrix,LFP,cnn__rtdl_ft_transformer,52,1,1.4868603944778442,1
4_encoder_matrix,LFP,cnn__rtdl_ft_transformer,53,1,1.5172022581100464,1
4_encoder_matrix,LFP,cnn__rtdl_ft_transformer,57,1,2.2481846809387207,1
4_encoder_matrix,LFP,cnn__rtdl_ft_transformer,58,1,1.7980022430419922,1
4_encoder_matrix,LFP,cnn__rtdl_ft_transformer,60,1,1.0890477895736694,1
4_encoder_matrix,LFP,cnn__rtdl_ft_transformer,62,1,0.9454684257507324,1
4_encoder_matrix,LFP,cnn__rtdl_ft_transformer,6,2,0.8618207573890686,1
4_encoder_matrix,LFP,cnn__rtdl_ft_transformer,17,2,2.387507677078247,1
4_encoder_matrix,LFP,cnn__rtdl_ft_transformer,22,2,1.1029845476150513,1
4_encoder_matrix,LFP,cnn__rtdl_ft_transformer,23,2,0.9586135745048523,1
4_encoder_matrix,LFP,cnn__rtdl_ft_transformer,27,2,0.7097870707511902,1
4_encoder_matrix,LFP,cnn__rtdl_ft_transformer,28,2,1.4932739734649658,1
4_encoder_matrix,LFP,cnn__rtdl_ft_transformer,34,2,1.6461306810379028,1
4_encoder_matrix,LFP,cnn__rtdl_ft_transformer,52,2,1.6582238674163818,1
4_encoder_matrix,LFP,cnn__rtdl_ft_transformer,53,2,1.4168258905410767,1
4_encoder_matrix,LFP,cnn__rtdl_ft_transformer,57,2,2.2176311016082764,1
4_encoder_matrix,LFP,cnn__rtdl_ft_transformer,58,2,1.770532488822937,1
4_encoder_matrix,LFP,cnn__rtdl_ft_transformer,60,2,1.1134573221206665,1
4_encoder_matrix,LFP,cnn__rtdl_ft_transformer,62,2,0.9291955828666687,1
4_encoder_matrix,LFP,cnn__rtdl_ft_transformer,5,0,1.9691344499588013,2
4_encoder_matrix,LFP,cnn__rtdl_ft_transformer,11,0,1.194820761680603,2
4_encoder_matrix,LFP,cnn__rtdl_ft_transformer,12,0,0.5199458003044128,2
4_encoder_matrix,LFP,cnn__rtdl_ft_transformer,18,0,2.7625503540039062,2
4_encoder_matrix,LFP,cnn__rtdl_ft_transformer,25,0,0.8743483424186707,2
4_encoder_matrix,LFP,cnn__rtdl_ft_transformer,30,0,1.3372571468353271,2
4_encoder_matrix,LFP,cnn__rtdl_ft_transformer,32,0,2.12595796585083,2
4_encoder_matrix,LFP,cnn__rtdl_ft_transformer,33,0,2.709688663482666,2
4_encoder_matrix,LFP,cnn__rtdl_ft_transformer,36,0,1.4299275875091553,2
4_encoder_matrix,LFP,cnn__rtdl_ft_transformer,39,0,0.8736021518707275,2
4_encoder_matrix,LFP,cnn__rtdl_ft_transformer,41,0,0.8346042037010193,2
4_encoder_matrix,LFP,cnn__rtdl_ft_transformer,42,0,1.038283109664917,2
4_encoder_matrix,LFP,cnn__rtdl_ft_transformer,61,0,1.049525499343872,2
4_encoder_matrix,LFP,cnn__rtdl_ft_transformer,5,1,2.0486598014831543,2
4_encoder_matrix,LFP,cnn__rtdl_ft_transformer,11,1,1.348066806793213,2
4_encoder_matrix,LFP,cnn__rtdl_ft_transformer,12,1,0.7516657114028931,2
4_encoder_matrix,LFP,cnn__rtdl_ft_transformer,18,1,2.7954509258270264,2
4_encoder_matrix,LFP,cnn__rtdl_ft_transformer,25,1,1.137710690498352,2
4_encoder_matrix,LFP,cnn__rtdl_ft_transformer,30,1,1.4332114458084106,2
4_encoder_matrix,LFP,cnn__rtdl_ft_transformer,32,1,2.2539608478546143,2
4_encoder_matrix,LFP,cnn__rtdl_ft_transformer,33,1,2.827995538711548,2
4_encoder_matrix,LFP,cnn__rtdl_ft_transformer,36,1,1.5978432893753052,2
4_encoder_matrix,LFP,cnn__rtdl_ft_transformer,39,1,1.1541763544082642,2
4_encoder_matrix,LFP,cnn__rtdl_ft_transformer,41,1,1.1217021942138672,2
4_encoder_matrix,LFP,cnn__rtdl_ft_transformer,42,1,1.3699500560760498,2
4_encoder_matrix,LFP,cnn__rtdl_ft_transformer,61,1,1.1038838624954224,2
4_encoder_matrix,LFP,cnn__rtdl_ft_transformer,5,2,2.006690263748169,2
4_encoder_matrix,LFP,cnn__rtdl_ft_transformer,11,2,1.3440568447113037,2
4_encoder_matrix,LFP,cnn__rtdl_ft_transformer,12,2,0.7601795196533203,2
4_encoder_matrix,LFP,cnn__rtdl_ft_transformer,18,2,2.6566028594970703,2
4_encoder_matrix,LFP,cnn__rtdl_ft_transformer,25,2,0.9624229073524475,2
4_encoder_matrix,LFP,cnn__rtdl_ft_transformer,30,2,1.3402204513549805,2
4_encoder_matrix,LFP,cnn__rtdl_ft_transformer,32,2,2.1076841354370117,2
4_encoder_matrix,LFP,cnn__rtdl_ft_transformer,33,2,2.7813303470611572,2
4_encoder_matrix,LFP,cnn__rtdl_ft_transformer,36,2,1.4638493061065674,2
4_encoder_matrix,LFP,cnn__rtdl_ft_transformer,39,2,0.9935739636421204,2
4_encoder_matrix,LFP,cnn__rtdl_ft_transformer,41,2,1.0093764066696167,2
4_encoder_matrix,LFP,cnn__rtdl_ft_transformer,42,2,1.1301549673080444,2
4_encoder_matrix,LFP,cnn__rtdl_ft_transformer,61,2,1.1090199947357178,2
4_encoder_matrix,LFP,cnn__rtdl_ft_transformer,2,0,1.5614917278289795,3
4_encoder_matrix,LFP,cnn__rtdl_ft_transformer,8,0,0.7010074853897095,3
4_encoder_matrix,LFP,cnn__rtdl_ft_transformer,13,0,0.8947708606719971,3
4_encoder_matrix,LFP,cnn__rtdl_ft_transformer,21,0,0.9814861416816711,3
4_encoder_matrix,LFP,cnn__rtdl_ft_transformer,24,0,0.9666590094566345,3
4_encoder_matrix,LFP,cnn__rtdl_ft_transformer,37,0,2.1995811462402344,3
4_encoder_matrix,LFP,cnn__rtdl_ft_transformer,40,0,0.9858109951019287,3
4_encoder_matrix,LFP,cnn__rtdl_ft_transformer,43,0,0.9158956408500671,3
4_encoder_matrix,LFP,cnn__rtdl_ft_transformer,49,0,1.518301248550415,3
4_encoder_matrix,LFP,cnn__rtdl_ft_transformer,50,0,1.5319972038269043,3
4_encoder_matrix,LFP,cnn__rtdl_ft_transformer,51,0,2.0191690921783447,3
4_encoder_matrix,LFP,cnn__rtdl_ft_transformer,54,0,1.1599518060684204,3
4_encoder_matrix,LFP,cnn__rtdl_ft_transformer,59,0,1.6220836639404297,3
4_encoder_matrix,LFP,cnn__rtdl_ft_transformer,2,1,1.7463065385818481,3
4_encoder_matrix,LFP,cnn__rtdl_ft_transformer,8,1,0.9520052075386047,3
4_encoder_matrix,LFP,cnn__rtdl_ft_transformer,13,1,1.1407519578933716,3
4_encoder_matrix,LFP,cnn__rtdl_ft_transformer,21,1,1.0515674352645874,3
4_encoder_matrix,LFP,cnn__rtdl_ft_transformer,24,1,1.0232384204864502,3
4_encoder_matrix,LFP,cnn__rtdl_ft_transformer,37,1,2.313896417617798,3
4_encoder_matrix,LFP,cnn__rtdl_ft_transformer,40,1,0.9936851263046265,3
4_encoder_matrix,LFP,cnn__rtdl_ft_transformer,43,1,0.8942906856536865,3
4_encoder_matrix,LFP,cnn__rtdl_ft_transformer,49,1,1.5132968425750732,3
4_encoder_matrix,LFP,cnn__rtdl_ft_transformer,50,1,1.5167866945266724,3
4_encoder_matrix,LFP,cnn__rtdl_ft_transformer,51,1,2.0058023929595947,3
4_encoder_matrix,LFP,cnn__rtdl_ft_transformer,54,1,1.2936683893203735,3
4_encoder_matrix,LFP,cnn__rtdl_ft_transformer,59,1,1.6557912826538086,3
4_encoder_matrix,LFP,cnn__rtdl_ft_transformer,2,2,1.6581759452819824,3
4_encoder_matrix,LFP,cnn__rtdl_ft_transformer,8,2,0.8778144121170044,3
4_encoder_matrix,LFP,cnn__rtdl_ft_transformer,13,2,1.0282490253448486,3
4_encoder_matrix,LFP,cnn__rtdl_ft_transformer,21,2,1.124822735786438,3
4_encoder_matrix,LFP,cnn__rtdl_ft_transformer,24,2,1.0506960153579712,3
4_encoder_matrix,LFP,cnn__rtdl_ft_transformer,37,2,2.220980644226074,3
4_encoder_matrix,LFP,cnn__rtdl_ft_transformer,40,2,1.0670260190963745,3
4_encoder_matrix,LFP,cnn__rtdl_ft_transformer,43,2,1.0177183151245117,3
4_encoder_matrix,LFP,cnn__rtdl_ft_transformer,49,2,1.6873403787612915,3
4_encoder_matrix,LFP,cnn__rtdl_ft_transformer,50,2,1.537352442741394,3
4_encoder_matrix,LFP,cnn__rtdl_ft_transformer,51,2,2.009211301803589,3
4_encoder_matrix,LFP,cnn__rtdl_ft_transformer,54,2,1.2756705284118652,3
4_encoder_matrix,LFP,cnn__rtdl_ft_transformer,59,2,1.836532473564148,3
4_encoder_matrix,LFP,cnn__rtdl_ft_transformer,3,0,3.8577537536621094,4
4_encoder_matrix,LFP,cnn__rtdl_ft_transformer,4,0,1.3501182794570923,4
4_encoder_matrix,LFP,cnn__rtdl_ft_transformer,10,0,1.5254522562026978,4
4_encoder_matrix,LFP,cnn__rtdl_ft_transformer,14,0,2.6836934089660645,4
4_encoder_matrix,LFP,cnn__rtdl_ft_transformer,15,0,3.134080648422241,4
4_encoder_matrix,LFP,cnn__rtdl_ft_transformer,16,0,2.7184765338897705,4
4_encoder_matrix,LFP,cnn__rtdl_ft_transformer,35,0,2.1885180473327637,4
4_encoder_matrix,LFP,cnn__rtdl_ft_transformer,38,0,1.0613981485366821,4
4_encoder_matrix,LFP,cnn__rtdl_ft_transformer,45,0,1.5908329486846924,4
4_encoder_matrix,LFP,cnn__rtdl_ft_transformer,47,0,1.4503151178359985,4
4_encoder_matrix,LFP,cnn__rtdl_ft_transformer,55,0,2.0743701457977295,4
4_encoder_matrix,LFP,cnn__rtdl_ft_transformer,64,0,0.8974089622497559,4
4_encoder_matrix,LFP,cnn__rtdl_ft_transformer,3,1,3.835235834121704,4
4_encoder_matrix,LFP,cnn__rtdl_ft_transformer,4,1,1.5129199028015137,4
4_encoder_matrix,LFP,cnn__rtdl_ft_transformer,10,1,1.7843481302261353,4
4_encoder_matrix,LFP,cnn__rtdl_ft_transformer,14,1,2.5800998210906982,4
4_encoder_matrix,LFP,cnn__rtdl_ft_transformer,15,1,3.2588016986846924,4
4_encoder_matrix,LFP,cnn__rtdl_ft_transformer,16,1,2.8157312870025635,4
4_encoder_matrix,LFP,cnn__rtdl_ft_transformer,35,1,2.3160111904144287,4
4_encoder_matrix,LFP,cnn__rtdl_ft_transformer,38,1,0.9549569487571716,4
4_encoder_matrix,LFP,cnn__rtdl_ft_transformer,45,1,1.3967639207839966,4
4_encoder_matrix,LFP,cnn__rtdl_ft_transformer,47,1,1.1060683727264404,4
4_encoder_matrix,LFP,cnn__rtdl_ft_transformer,55,1,2.183201789855957,4
4_encoder_matrix,LFP,cnn__rtdl_ft_transformer,64,1,0.9343382716178894,4
4_encoder_matrix,LFP,cnn__rtdl_ft_transformer,3,2,3.777759075164795,4
4_encoder_matrix,LFP,cnn__rtdl_ft_transformer,4,2,1.4807076454162598,4
4_encoder_matrix,LFP,cnn__rtdl_ft_transformer,10,2,1.7772146463394165,4
4_encoder_matrix,LFP,cnn__rtdl_ft_transformer,14,2,2.497497081756592,4
4_encoder_matrix,LFP,cnn__rtdl_ft_transformer,15,2,3.0632498264312744,4
4_encoder_matrix,LFP,cnn__rtdl_ft_transformer,16,2,2.621954917907715,4
4_encoder_matrix,LFP,cnn__rtdl_ft_transformer,35,2,2.2076773643493652,4
4_encoder_matrix,LFP,cnn__rtdl_ft_transformer,38,2,1.159751534461975,4
4_encoder_matrix,LFP,cnn__rtdl_ft_transformer,45,2,1.7362841367721558,4
4_encoder_matrix,LFP,cnn__rtdl_ft_transformer,47,2,1.460047721862793,4
4_encoder_matrix,LFP,cnn__rtdl_ft_transformer,55,2,2.5265746116638184,4
4_encoder_matrix,LFP,cnn__rtdl_ft_transformer,64,2,0.987654447555542,4
4_encoder_matrix,LFP,mlp__current_mlp,7,0,1.253522276878357,0
4_encoder_matrix,LFP,mlp__current_mlp,9,0,0.7198575139045715,0
4_encoder_matrix,LFP,mlp__current_mlp,19,0,2.550204277038574,0
4_encoder_matrix,LFP,mlp__current_mlp,20,0,1.171873688697815,0
4_encoder_matrix,LFP,mlp__current_mlp,26,0,0.8669464588165283,0
4_encoder_matrix,LFP,mlp__current_mlp,29,0,1.117055058479309,0
4_encoder_matrix,LFP,mlp__current_mlp,31,0,1.3022186756134033,0
4_encoder_matrix,LFP,mlp__current_mlp,44,0,1.4624372720718384,0
4_encoder_matrix,LFP,mlp__current_mlp,46,0,2.515531539916992,0
4_encoder_matrix,LFP,mlp__current_mlp,48,0,1.501369833946228,0
4_encoder_matrix,LFP,mlp__current_mlp,56,0,0.7380936145782471,0
4_encoder_matrix,LFP,mlp__current_mlp,63,0,0.8839542865753174,0
4_encoder_matrix,LFP,mlp__current_mlp,65,0,1.438801884651184,0
4_encoder_matrix,LFP,mlp__current_mlp,7,1,1.367804765701294,0
4_encoder_matrix,LFP,mlp__current_mlp,9,1,0.6543088555335999,0
4_encoder_matrix,LFP,mlp__current_mlp,19,1,2.4493486881256104,0
4_encoder_matrix,LFP,mlp__current_mlp,20,1,1.3190786838531494,0
4_encoder_matrix,LFP,mlp__current_mlp,26,1,0.8020749092102051,0
4_encoder_matrix,LFP,mlp__current_mlp,29,1,0.9714711904525757,0
4_encoder_matrix,LFP,mlp__current_mlp,31,1,1.2099729776382446,0
4_encoder_matrix,LFP,mlp__current_mlp,44,1,1.5897555351257324,0
4_encoder_matrix,LFP,mlp__current_mlp,46,1,2.68927264213562,0
4_encoder_matrix,LFP,mlp__current_mlp,48,1,1.7314938306808472,0
4_encoder_matrix,LFP,mlp__current_mlp,56,1,0.7770513892173767,0
4_encoder_matrix,LFP,mlp__current_mlp,63,1,0.9597707986831665,0
4_encoder_matrix,LFP,mlp__current_mlp,65,1,1.7648500204086304,0
4_encoder_matrix,LFP,mlp__current_mlp,7,2,1.1729192733764648,0
4_encoder_matrix,LFP,mlp__current_mlp,9,2,0.8450947999954224,0
4_encoder_matrix,LFP,mlp__current_mlp,19,2,2.490586757659912,0
4_encoder_matrix,LFP,mlp__current_mlp,20,2,1.014269232749939,0
4_encoder_matrix,LFP,mlp__current_mlp,26,2,0.7537585496902466,0
4_encoder_matrix,LFP,mlp__current_mlp,29,2,1.029539704322815,0
4_encoder_matrix,LFP,mlp__current_mlp,31,2,1.2682024240493774,0
4_encoder_matrix,LFP,mlp__current_mlp,44,2,1.48899507522583,0
4_encoder_matrix,LFP,mlp__current_mlp,46,2,2.8238027095794678,0
4_encoder_matrix,LFP,mlp__current_mlp,48,2,1.681466817855835,0
4_encoder_matrix,LFP,mlp__current_mlp,56,2,0.5735571384429932,0
4_encoder_matrix,LFP,mlp__current_mlp,63,2,0.8395285606384277,0
4_encoder_matrix,LFP,mlp__current_mlp,65,2,1.8829429149627686,0
4_encoder_matrix,LFP,mlp__current_mlp,6,0,1.0096327066421509,1
4_encoder_matrix,LFP,mlp__current_mlp,17,0,2.2017364501953125,1
4_encoder_matrix,LFP,mlp__current_mlp,22,0,0.9471558332443237,1
4_encoder_matrix,LFP,mlp__current_mlp,23,0,0.9834524393081665,1
4_encoder_matrix,LFP,mlp__current_mlp,27,0,0.7615875005722046,1
4_encoder_matrix,LFP,mlp__current_mlp,28,0,1.307313084602356,1
4_encoder_matrix,LFP,mlp__current_mlp,34,0,1.6256465911865234,1
4_encoder_matrix,LFP,mlp__current_mlp,52,0,0.8919349312782288,1
4_encoder_matrix,LFP,mlp__current_mlp,53,0,1.4483979940414429,1
4_encoder_matrix,LFP,mlp__current_mlp,57,0,1.8195708990097046,1
4_encoder_matrix,LFP,mlp__current_mlp,58,0,1.4954969882965088,1
4_encoder_matrix,LFP,mlp__current_mlp,60,0,1.0151276588439941,1
4_encoder_matrix,LFP,mlp__current_mlp,62,0,1.0187788009643555,1
4_encoder_matrix,LFP,mlp__current_mlp,6,1,0.9134110808372498,1
4_encoder_matrix,LFP,mlp__current_mlp,17,1,1.996944785118103,1
4_encoder_matrix,LFP,mlp__current_mlp,22,1,0.913881242275238,1
4_encoder_matrix,LFP,mlp__current_mlp,23,1,0.9342079758644104,1
4_encoder_matrix,LFP,mlp__current_mlp,27,1,0.7398130297660828,1
4_encoder_matrix,LFP,mlp__current_mlp,28,1,1.2550715208053589,1
4_encoder_matrix,LFP,mlp__current_mlp,34,1,1.5966111421585083,1
4_encoder_matrix,LFP,mlp__current_mlp,52,1,0.747940719127655,1
4_encoder_matrix,LFP,mlp__current_mlp,53,1,1.572728157043457,1
4_encoder_matrix,LFP,mlp__current_mlp,57,1,1.8154312372207642,1
4_encoder_matrix,LFP,mlp__current_mlp,58,1,1.4610254764556885,1
4_encoder_matrix,LFP,mlp__current_mlp,60,1,0.798412024974823,1
4_encoder_matrix,LFP,mlp__current_mlp,62,1,1.0944749116897583,1
4_encoder_matrix,LFP,mlp__current_mlp,6,2,1.0238053798675537,1
4_encoder_matrix,LFP,mlp__current_mlp,17,2,2.277688980102539,1
4_encoder_matrix,LFP,mlp__current_mlp,22,2,1.017737627029419,1
4_encoder_matrix,LFP,mlp__current_mlp,23,2,1.0100008249282837,1
4_encoder_matrix,LFP,mlp__current_mlp,27,2,0.9922105669975281,1
4_encoder_matrix,LFP,mlp__current_mlp,28,2,1.2000501155853271,1
4_encoder_matrix,LFP,mlp__current_mlp,34,2,1.7521131038665771,1
4_encoder_matrix,LFP,mlp__current_mlp,52,2,0.791140079498291,1
4_encoder_matrix,LFP,mlp__current_mlp,53,2,1.574083685874939,1
4_encoder_matrix,LFP,mlp__current_mlp,57,2,1.9764336347579956,1
4_encoder_matrix,LFP,mlp__current_mlp,58,2,1.645858645439148,1
4_encoder_matrix,LFP,mlp__current_mlp,60,2,1.108212947845459,1
4_encoder_matrix,LFP,mlp__current_mlp,62,2,1.1241633892059326,1
4_encoder_matrix,LFP,mlp__current_mlp,5,0,1.8792359828948975,2
4_encoder_matrix,LFP,mlp__current_mlp,11,0,1.258244514465332,2
4_encoder_matrix,LFP,mlp__current_mlp,12,0,0.7096860408782959,2
4_encoder_matrix,LFP,mlp__current_mlp,18,0,2.432490587234497,2
4_encoder_matrix,LFP,mlp__current_mlp,25,0,0.8596230149269104,2
4_encoder_matrix,LFP,mlp__current_mlp,30,0,1.2910122871398926,2
4_encoder_matrix,LFP,mlp__current_mlp,32,0,1.8737436532974243,2
4_encoder_matrix,LFP,mlp__current_mlp,33,0,2.584681272506714,2
4_encoder_matrix,LFP,mlp__current_mlp,36,0,1.372340440750122,2
4_encoder_matrix,LFP,mlp__current_mlp,39,0,0.7782154083251953,2
4_encoder_matrix,LFP,mlp__current_mlp,41,0,0.8999528884887695,2
4_encoder_matrix,LFP,mlp__current_mlp,42,0,1.0833740234375,2
4_encoder_matrix,LFP,mlp__current_mlp,61,0,0.9164237380027771,2
4_encoder_matrix,LFP,mlp__current_mlp,5,1,1.5709559917449951,2
4_encoder_matrix,LFP,mlp__current_mlp,11,1,0.9806542992591858,2
4_encoder_matrix,LFP,mlp__current_mlp,12,1,0.4957332909107208,2
4_encoder_matrix,LFP,mlp__current_mlp,18,1,1.949230670928955,2
4_encoder_matrix,LFP,mlp__current_mlp,25,1,0.8127865791320801,2
4_encoder_matrix,LFP,mlp__current_mlp,30,1,1.543238878250122,2
4_encoder_matrix,LFP,mlp__current_mlp,32,1,1.6118667125701904,2
4_encoder_matrix,LFP,mlp__current_mlp,33,1,2.463315486907959,2
4_encoder_matrix,LFP,mlp__current_mlp,36,1,1.0092717409133911,2
4_encoder_matrix,LFP,mlp__current_mlp,39,1,0.8334428071975708,2
4_encoder_matrix,LFP,mlp__current_mlp,41,1,0.9029272794723511,2
4_encoder_matrix,LFP,mlp__current_mlp,42,1,1.0817116498947144,2
4_encoder_matrix,LFP,mlp__current_mlp,61,1,0.7372337579727173,2
4_encoder_matrix,LFP,mlp__current_mlp,5,2,1.5733970403671265,2
4_encoder_matrix,LFP,mlp__current_mlp,11,2,1.0456550121307373,2
4_encoder_matrix,LFP,mlp__current_mlp,12,2,0.5178129076957703,2
4_encoder_matrix,LFP,mlp__current_mlp,18,2,1.7351491451263428,2
4_encoder_matrix,LFP,mlp__current_mlp,25,2,0.6977993845939636,2
4_encoder_matrix,LFP,mlp__current_mlp,30,2,1.3049501180648804,2
4_encoder_matrix,LFP,mlp__current_mlp,32,2,1.5261353254318237,2
4_encoder_matrix,LFP,mlp__current_mlp,33,2,2.304575204849243,2
4_encoder_matrix,LFP,mlp__current_mlp,36,2,0.9494995474815369,2
4_encoder_matrix,LFP,mlp__current_mlp,39,2,0.7004619836807251,2
4_encoder_matrix,LFP,mlp__current_mlp,41,2,0.7922756671905518,2
4_encoder_matrix,LFP,mlp__current_mlp,42,2,1.0956462621688843,2
4_encoder_matrix,LFP,mlp__current_mlp,61,2,0.8382529020309448,2
4_encoder_matrix,LFP,mlp__current_mlp,2,0,1.5512434244155884,3
4_encoder_matrix,LFP,mlp__current_mlp,8,0,0.5722329616546631,3
4_encoder_matrix,LFP,mlp__current_mlp,13,0,0.8645181655883789,3
4_encoder_matrix,LFP,mlp__current_mlp,21,0,1.0107667446136475,3
4_encoder_matrix,LFP,mlp__current_mlp,24,0,0.8019282817840576,3
4_encoder_matrix,LFP,mlp__current_mlp,37,0,1.8358756303787231,3
4_encoder_matrix,LFP,mlp__current_mlp,40,0,0.8407360911369324,3
4_encoder_matrix,LFP,mlp__current_mlp,43,0,0.8288663625717163,3
4_encoder_matrix,LFP,mlp__current_mlp,49,0,1.5051898956298828,3
4_encoder_matrix,LFP,mlp__current_mlp,50,0,1.5850725173950195,3
4_encoder_matrix,LFP,mlp__current_mlp,51,0,1.9629594087600708,3
4_encoder_matrix,LFP,mlp__current_mlp,54,0,0.7699633836746216,3
4_encoder_matrix,LFP,mlp__current_mlp,59,0,1.5052496194839478,3
4_encoder_matrix,LFP,mlp__current_mlp,2,1,1.5664951801300049,3
4_encoder_matrix,LFP,mlp__current_mlp,8,1,0.7169990539550781,3
4_encoder_matrix,LFP,mlp__current_mlp,13,1,1.0407147407531738,3
4_encoder_matrix,LFP,mlp__current_mlp,21,1,1.2584110498428345,3
4_encoder_matrix,LFP,mlp__current_mlp,24,1,0.8647559285163879,3
4_encoder_matrix,LFP,mlp__current_mlp,37,1,1.7463537454605103,3
4_encoder_matrix,LFP,mlp__current_mlp,40,1,0.9366434216499329,3
4_encoder_matrix,LFP,mlp__current_mlp,43,1,1.1762446165084839,3
4_encoder_matrix,LFP,mlp__current_mlp,49,1,1.3604884147644043,3
4_encoder_matrix,LFP,mlp__current_mlp,50,1,2.0093209743499756,3
4_encoder_matrix,LFP,mlp__current_mlp,51,1,2.291412591934204,3
4_encoder_matrix,LFP,mlp__current_mlp,54,1,1.0393489599227905,3
4_encoder_matrix,LFP,mlp__current_mlp,59,1,1.8157331943511963,3
4_encoder_matrix,LFP,mlp__current_mlp,2,2,1.6022990942001343,3
4_encoder_matrix,LFP,mlp__current_mlp,8,2,0.5599107146263123,3
4_encoder_matrix,LFP,mlp__current_mlp,13,2,0.779151439666748,3
4_encoder_matrix,LFP,mlp__current_mlp,21,2,0.9808527231216431,3
4_encoder_matrix,LFP,mlp__current_mlp,24,2,0.6068945527076721,3
4_encoder_matrix,LFP,mlp__current_mlp,37,2,1.8825429677963257,3
4_encoder_matrix,LFP,mlp__current_mlp,40,2,0.7407763004302979,3
4_encoder_matrix,LFP,mlp__current_mlp,43,2,0.8199309706687927,3
4_encoder_matrix,LFP,mlp__current_mlp,49,2,1.431793451309204,3
4_encoder_matrix,LFP,mlp__current_mlp,50,2,1.639349102973938,3
4_encoder_matrix,LFP,mlp__current_mlp,51,2,1.9903783798217773,3
4_encoder_matrix,LFP,mlp__current_mlp,54,2,0.6393077373504639,3
4_encoder_matrix,LFP,mlp__current_mlp,59,2,1.5191584825515747,3
4_encoder_matrix,LFP,mlp__current_mlp,3,0,3.36629581451416,4
4_encoder_matrix,LFP,mlp__current_mlp,4,0,1.5477147102355957,4
4_encoder_matrix,LFP,mlp__current_mlp,10,0,1.8050976991653442,4
4_encoder_matrix,LFP,mlp__current_mlp,14,0,2.836400032043457,4
4_encoder_matrix,LFP,mlp__current_mlp,15,0,3.2728114128112793,4
4_encoder_matrix,LFP,mlp__current_mlp,16,0,2.7280237674713135,4
4_encoder_matrix,LFP,mlp__current_mlp,35,0,2.342329740524292,4
4_encoder_matrix,LFP,mlp__current_mlp,38,0,0.7433623671531677,4
4_encoder_matrix,LFP,mlp__current_mlp,45,0,1.2360438108444214,4
4_encoder_matrix,LFP,mlp__current_mlp,47,0,1.0985229015350342,4
4_encoder_matrix,LFP,mlp__current_mlp,55,0,1.6745555400848389,4
4_encoder_matrix,LFP,mlp__current_mlp,64,0,0.65395188331604,4
4_encoder_matrix,LFP,mlp__current_mlp,3,1,3.5174436569213867,4
4_encoder_matrix,LFP,mlp__current_mlp,4,1,1.476520299911499,4
4_encoder_matrix,LFP,mlp__current_mlp,10,1,1.722457766532898,4
4_encoder_matrix,LFP,mlp__current_mlp,14,1,2.637566566467285,4
4_encoder_matrix,LFP,mlp__current_mlp,15,1,3.2052414417266846,4
4_encoder_matrix,LFP,mlp__current_mlp,16,1,2.7377562522888184,4
4_encoder_matrix,LFP,mlp__current_mlp,35,1,2.2035727500915527,4
4_encoder_matrix,LFP,mlp__current_mlp,38,1,0.9013656377792358,4
4_encoder_matrix,LFP,mlp__current_mlp,45,1,1.4754137992858887,4
4_encoder_matrix,LFP,mlp__current_mlp,47,1,1.3254361152648926,4
4_encoder_matrix,LFP,mlp__current_mlp,55,1,1.860848069190979,4
4_encoder_matrix,LFP,mlp__current_mlp,64,1,0.9727478623390198,4
4_encoder_matrix,LFP,mlp__current_mlp,3,2,3.7724039554595947,4
4_encoder_matrix,LFP,mlp__current_mlp,4,2,1.2335679531097412,4
4_encoder_matrix,LFP,mlp__current_mlp,10,2,1.5269334316253662,4
4_encoder_matrix,LFP,mlp__current_mlp,14,2,2.176375389099121,4
4_encoder_matrix,LFP,mlp__current_mlp,15,2,2.7545669078826904,4
4_encoder_matrix,LFP,mlp__current_mlp,16,2,2.2344415187835693,4
4_encoder_matrix,LFP,mlp__current_mlp,35,2,1.8547382354736328,4
4_encoder_matrix,LFP,mlp__current_mlp,38,2,0.9049946665763855,4
4_encoder_matrix,LFP,mlp__current_mlp,45,2,1.5098788738250732,4
4_encoder_matrix,LFP,mlp__current_mlp,47,2,1.3058927059173584,4
4_encoder_matrix,LFP,mlp__current_mlp,55,2,1.8487082719802856,4
4_encoder_matrix,LFP,mlp__current_mlp,64,2,0.7479671239852905,4
4_encoder_matrix,LFP,mlp__rtdl_resnet,7,0,1.2243822813034058,0
4_encoder_matrix,LFP,mlp__rtdl_resnet,9,0,0.6191174983978271,0
4_encoder_matrix,LFP,mlp__rtdl_resnet,19,0,2.2986409664154053,0
4_encoder_matrix,LFP,mlp__rtdl_resnet,20,0,1.2288016080856323,0
4_encoder_matrix,LFP,mlp__rtdl_resnet,26,0,0.7243152260780334,0
4_encoder_matrix,LFP,mlp__rtdl_resnet,29,0,0.9671729207038879,0
4_encoder_matrix,LFP,mlp__rtdl_resnet,31,0,1.1724990606307983,0
4_encoder_matrix,LFP,mlp__rtdl_resnet,44,0,1.5149683952331543,0
4_encoder_matrix,LFP,mlp__rtdl_resnet,46,0,2.602980613708496,0
4_encoder_matrix,LFP,mlp__rtdl_resnet,48,0,1.6221356391906738,0
4_encoder_matrix,LFP,mlp__rtdl_resnet,56,0,0.7126806378364563,0
4_encoder_matrix,LFP,mlp__rtdl_resnet,63,0,0.8476181626319885,0
4_encoder_matrix,LFP,mlp__rtdl_resnet,65,0,1.5971685647964478,0
4_encoder_matrix,LFP,mlp__rtdl_resnet,7,1,1.045440673828125,0
4_encoder_matrix,LFP,mlp__rtdl_resnet,9,1,0.779973566532135,0
4_encoder_matrix,LFP,mlp__rtdl_resnet,19,1,2.0861263275146484,0
4_encoder_matrix,LFP,mlp__rtdl_resnet,20,1,1.2320356369018555,0
4_encoder_matrix,LFP,mlp__rtdl_resnet,26,1,0.8402106165885925,0
4_encoder_matrix,LFP,mlp__rtdl_resnet,29,1,1.1148401498794556,0
4_encoder_matrix,LFP,mlp__rtdl_resnet,31,1,1.381535291671753,0
4_encoder_matrix,LFP,mlp__rtdl_resnet,44,1,1.7830653190612793,0
4_encoder_matrix,LFP,mlp__rtdl_resnet,46,1,2.8448593616485596,0
4_encoder_matrix,LFP,mlp__rtdl_resnet,48,1,1.8878262042999268,0
4_encoder_matrix,LFP,mlp__rtdl_resnet,56,1,0.6281232833862305,0
4_encoder_matrix,LFP,mlp__rtdl_resnet,63,1,1.148779273033142,0
4_encoder_matrix,LFP,mlp__rtdl_resnet,65,1,1.8797600269317627,0
4_encoder_matrix,LFP,mlp__rtdl_resnet,7,2,1.2860981225967407,0
4_encoder_matrix,LFP,mlp__rtdl_resnet,9,2,0.6019002199172974,0
4_encoder_matrix,LFP,mlp__rtdl_resnet,19,2,1.8744233846664429,0
4_encoder_matrix,LFP,mlp__rtdl_resnet,20,2,1.423068881034851,0
4_encoder_matrix,LFP,mlp__rtdl_resnet,26,2,0.886285126209259,0
4_encoder_matrix,LFP,mlp__rtdl_resnet,29,2,1.1362965106964111,0
4_encoder_matrix,LFP,mlp__rtdl_resnet,31,2,1.382325291633606,0
4_encoder_matrix,LFP,mlp__rtdl_resnet,44,2,1.4188305139541626,0
4_encoder_matrix,LFP,mlp__rtdl_resnet,46,2,2.589221477508545,0
4_encoder_matrix,LFP,mlp__rtdl_resnet,48,2,1.6100763082504272,0
4_encoder_matrix,LFP,mlp__rtdl_resnet,56,2,0.9053582549095154,0
4_encoder_matrix,LFP,mlp__rtdl_resnet,63,2,0.9927953481674194,0
4_encoder_matrix,LFP,mlp__rtdl_resnet,65,2,1.58843994140625,0
4_encoder_matrix,LFP,mlp__rtdl_resnet,6,0,0.9536929130554199,1
4_encoder_matrix,LFP,mlp__rtdl_resnet,17,0,2.1961193084716797,1
4_encoder_matrix,LFP,mlp__rtdl_resnet,22,0,0.8289127349853516,1
4_encoder_matrix,LFP,mlp__rtdl_resnet,23,0,0.795623242855072,1
4_encoder_matrix,LFP,mlp__rtdl_resnet,27,0,0.690227210521698,1
4_encoder_matrix,LFP,mlp__rtdl_resnet,28,0,1.1574114561080933,1
4_encoder_matrix,LFP,mlp__rtdl_resnet,34,0,1.7621161937713623,1
4_encoder_matrix,LFP,mlp__rtdl_resnet,52,0,0.7047027945518494,1
4_encoder_matrix,LFP,mlp__rtdl_resnet,53,0,1.4839030504226685,1
4_encoder_matrix,LFP,mlp__rtdl_resnet,57,0,1.8466764688491821,1
4_encoder_matrix,LFP,mlp__rtdl_resnet,58,0,1.4451462030410767,1
4_encoder_matrix,LFP,mlp__rtdl_resnet,60,0,0.7976719737052917,1
4_encoder_matrix,LFP,mlp__rtdl_resnet,62,0,1.047812581062317,1
4_encoder_matrix,LFP,mlp__rtdl_resnet,6,1,1.120611310005188,1
4_encoder_matrix,LFP,mlp__rtdl_resnet,17,1,2.521754026412964,1
4_encoder_matrix,LFP,mlp__rtdl_resnet,22,1,0.8699759244918823,1
4_encoder_matrix,LFP,mlp__rtdl_resnet,23,1,0.9405572414398193,1
4_encoder_matrix,LFP,mlp__rtdl_resnet,27,1,0.7295098900794983,1
4_encoder_matrix,LFP,mlp__rtdl_resnet,28,1,1.2004131078720093,1
4_encoder_matrix,LFP,mlp__rtdl_resnet,34,1,1.947803258895874,1
4_encoder_matrix,LFP,mlp__rtdl_resnet,52,1,0.9399206042289734,1
4_encoder_matrix,LFP,mlp__rtdl_resnet,53,1,1.6024863719940186,1
4_encoder_matrix,LFP,mlp__rtdl_resnet,57,1,1.9114173650741577,1
4_encoder_matrix,LFP,mlp__rtdl_resnet,58,1,1.5439547300338745,1
4_encoder_matrix,LFP,mlp__rtdl_resnet,60,1,0.9075412154197693,1
4_encoder_matrix,LFP,mlp__rtdl_resnet,62,1,0.9487433433532715,1
4_encoder_matrix,LFP,mlp__rtdl_resnet,6,2,0.9375972151756287,1
4_encoder_matrix,LFP,mlp__rtdl_resnet,17,2,2.1894514560699463,1
4_encoder_matrix,LFP,mlp__rtdl_resnet,22,2,0.9488096237182617,1
4_encoder_matrix,LFP,mlp__rtdl_resnet,23,2,0.9873836040496826,1
4_encoder_matrix,LFP,mlp__rtdl_resnet,27,2,0.8699281215667725,1
4_encoder_matrix,LFP,mlp__rtdl_resnet,28,2,1.2194135189056396,1
4_encoder_matrix,LFP,mlp__rtdl_resnet,34,2,1.699739694595337,1
4_encoder_matrix,LFP,mlp__rtdl_resnet,52,2,0.7073673605918884,1
4_encoder_matrix,LFP,mlp__rtdl_resnet,53,2,1.5894259214401245,1
4_encoder_matrix,LFP,mlp__rtdl_resnet,57,2,1.9943702220916748,1
4_encoder_matrix,LFP,mlp__rtdl_resnet,58,2,1.6428428888320923,1
4_encoder_matrix,LFP,mlp__rtdl_resnet,60,2,1.0068001747131348,1
4_encoder_matrix,LFP,mlp__rtdl_resnet,62,2,1.0344871282577515,1
4_encoder_matrix,LFP,mlp__rtdl_resnet,5,0,1.735797643661499,2
4_encoder_matrix,LFP,mlp__rtdl_resnet,11,0,1.2831727266311646,2
4_encoder_matrix,LFP,mlp__rtdl_resnet,12,0,0.5211964845657349,2
4_encoder_matrix,LFP,mlp__rtdl_resnet,18,0,2.017704963684082,2
4_encoder_matrix,LFP,mlp__rtdl_resnet,25,0,0.8167017102241516,2
4_encoder_matrix,LFP,mlp__rtdl_resnet,30,0,1.1309267282485962,2
4_encoder_matrix,LFP,mlp__rtdl_resnet,32,0,1.790746808052063,2
4_encoder_matrix,LFP,mlp__rtdl_resnet,33,0,2.675184488296509,2
4_encoder_matrix,LFP,mlp__rtdl_resnet,36,0,1.0440595149993896,2
4_encoder_matrix,LFP,mlp__rtdl_resnet,39,0,0.8595457673072815,2
4_encoder_matrix,LFP,mlp__rtdl_resnet,41,0,0.8166632652282715,2
4_encoder_matrix,LFP,mlp__rtdl_resnet,42,0,1.1683293581008911,2
4_encoder_matrix,LFP,mlp__rtdl_resnet,61,0,0.8519429564476013,2
4_encoder_matrix,LFP,mlp__rtdl_resnet,5,1,1.6808520555496216,2
4_encoder_matrix,LFP,mlp__rtdl_resnet,11,1,1.2412669658660889,2
4_encoder_matrix,LFP,mlp__rtdl_resnet,12,1,0.5453933477401733,2
4_encoder_matrix,LFP,mlp__rtdl_resnet,18,1,1.9882010221481323,2
4_encoder_matrix,LFP,mlp__rtdl_resnet,25,1,0.9501937031745911,2
4_encoder_matrix,LFP,mlp__rtdl_resnet,30,1,1.3882944583892822,2
4_encoder_matrix,LFP,mlp__rtdl_resnet,32,1,1.702940583229065,2
4_encoder_matrix,LFP,mlp__rtdl_resnet,33,1,2.5518620014190674,2
4_encoder_matrix,LFP,mlp__rtdl_resnet,36,1,1.028579592704773,2
4_encoder_matrix,LFP,mlp__rtdl_resnet,39,1,0.9944868683815002,2
4_encoder_matrix,LFP,mlp__rtdl_resnet,41,1,0.9606113433837891,2
4_encoder_matrix,LFP,mlp__rtdl_resnet,42,1,1.1844408512115479,2
4_encoder_matrix,LFP,mlp__rtdl_resnet,61,1,0.9561968445777893,2
4_encoder_matrix,LFP,mlp__rtdl_resnet,5,2,1.715570092201233,2
4_encoder_matrix,LFP,mlp__rtdl_resnet,11,2,1.2793091535568237,2
4_encoder_matrix,LFP,mlp__rtdl_resnet,12,2,0.5959399342536926,2
4_encoder_matrix,LFP,mlp__rtdl_resnet,18,2,2.0422046184539795,2
4_encoder_matrix,LFP,mlp__rtdl_resnet,25,2,0.9731466174125671,2
4_encoder_matrix,LFP,mlp__rtdl_resnet,30,2,1.144719123840332,2
4_encoder_matrix,LFP,mlp__rtdl_resnet,32,2,1.7380553483963013,2
4_encoder_matrix,LFP,mlp__rtdl_resnet,33,2,2.659691333770752,2
4_encoder_matrix,LFP,mlp__rtdl_resnet,36,2,1.0816701650619507,2
4_encoder_matrix,LFP,mlp__rtdl_resnet,39,2,0.9717344045639038,2
4_encoder_matrix,LFP,mlp__rtdl_resnet,41,2,0.9091814756393433,2
4_encoder_matrix,LFP,mlp__rtdl_resnet,42,2,1.1609760522842407,2
4_encoder_matrix,LFP,mlp__rtdl_resnet,61,2,0.9603111147880554,2
4_encoder_matrix,LFP,mlp__rtdl_resnet,2,0,1.7210129499435425,3
4_encoder_matrix,LFP,mlp__rtdl_resnet,8,0,0.7212130427360535,3
4_encoder_matrix,LFP,mlp__rtdl_resnet,13,0,0.9887462854385376,3
4_encoder_matrix,LFP,mlp__rtdl_resnet,21,0,1.004451870918274,3
4_encoder_matrix,LFP,mlp__rtdl_resnet,24,0,0.6991441249847412,3
4_encoder_matrix,LFP,mlp__rtdl_resnet,37,0,2.00549054145813,3
4_encoder_matrix,LFP,mlp__rtdl_resnet,40,0,0.7755870223045349,3
4_encoder_matrix,LFP,mlp__rtdl_resnet,43,0,0.959820032119751,3
4_encoder_matrix,LFP,mlp__rtdl_resnet,49,0,1.264595866203308,3
4_encoder_matrix,LFP,mlp__rtdl_resnet,50,0,1.663089632987976,3
4_encoder_matrix,LFP,mlp__rtdl_resnet,51,0,2.0349674224853516,3
4_encoder_matrix,LFP,mlp__rtdl_resnet,54,0,0.7827591300010681,3
4_encoder_matrix,LFP,mlp__rtdl_resnet,59,0,1.5658910274505615,3
4_encoder_matrix,LFP,mlp__rtdl_resnet,2,1,1.4459017515182495,3
4_encoder_matrix,LFP,mlp__rtdl_resnet,8,1,0.6053496599197388,3
4_encoder_matrix,LFP,mlp__rtdl_resnet,13,1,0.7472830414772034,3
4_encoder_matrix,LFP,mlp__rtdl_resnet,21,1,1.0013371706008911,3
4_encoder_matrix,LFP,mlp__rtdl_resnet,24,1,0.7479729056358337,3
4_encoder_matrix,LFP,mlp__rtdl_resnet,37,1,1.6980112791061401,3
4_encoder_matrix,LFP,mlp__rtdl_resnet,40,1,0.9034346342086792,3
4_encoder_matrix,LFP,mlp__rtdl_resnet,43,1,0.9907413721084595,3
4_encoder_matrix,LFP,mlp__rtdl_resnet,49,1,1.5017725229263306,3
4_encoder_matrix,LFP,mlp__rtdl_resnet,50,1,1.6309705972671509,3
4_encoder_matrix,LFP,mlp__rtdl_resnet,51,1,2.021801710128784,3
4_encoder_matrix,LFP,mlp__rtdl_resnet,54,1,0.777427613735199,3
4_encoder_matrix,LFP,mlp__rtdl_resnet,59,1,1.3979030847549438,3
4_encoder_matrix,LFP,mlp__rtdl_resnet,2,2,1.5571523904800415,3
4_encoder_matrix,LFP,mlp__rtdl_resnet,8,2,0.5707535743713379,3
4_encoder_matrix,LFP,mlp__rtdl_resnet,13,2,0.8499978184700012,3
4_encoder_matrix,LFP,mlp__rtdl_resnet,21,2,0.9823741316795349,3
4_encoder_matrix,LFP,mlp__rtdl_resnet,24,2,0.6026014685630798,3
4_encoder_matrix,LFP,mlp__rtdl_resnet,37,2,1.8535511493682861,3
4_encoder_matrix,LFP,mlp__rtdl_resnet,40,2,0.7653038501739502,3
4_encoder_matrix,LFP,mlp__rtdl_resnet,43,2,0.9230102300643921,3
4_encoder_matrix,LFP,mlp__rtdl_resnet,49,2,1.3501439094543457,3
4_encoder_matrix,LFP,mlp__rtdl_resnet,50,2,1.7279939651489258,3
4_encoder_matrix,LFP,mlp__rtdl_resnet,51,2,2.0084877014160156,3
4_encoder_matrix,LFP,mlp__rtdl_resnet,54,2,0.7340878844261169,3
4_encoder_matrix,LFP,mlp__rtdl_resnet,59,2,1.5371274948120117,3
4_encoder_matrix,LFP,mlp__rtdl_resnet,3,0,3.329817533493042,4
4_encoder_matrix,LFP,mlp__rtdl_resnet,4,0,1.4830790758132935,4
4_encoder_matrix,LFP,mlp__rtdl_resnet,10,0,1.830796718597412,4
4_encoder_matrix,LFP,mlp__rtdl_resnet,14,0,2.454343318939209,4
4_encoder_matrix,LFP,mlp__rtdl_resnet,15,0,3.096027135848999,4
4_encoder_matrix,LFP,mlp__rtdl_resnet,16,0,2.6008527278900146,4
4_encoder_matrix,LFP,mlp__rtdl_resnet,35,0,2.2458558082580566,4
4_encoder_matrix,LFP,mlp__rtdl_resnet,38,0,0.6550878882408142,4
4_encoder_matrix,LFP,mlp__rtdl_resnet,45,0,1.101366639137268,4
4_encoder_matrix,LFP,mlp__rtdl_resnet,47,0,0.969682514667511,4
4_encoder_matrix,LFP,mlp__rtdl_resnet,55,0,1.5941730737686157,4
4_encoder_matrix,LFP,mlp__rtdl_resnet,64,0,0.7973591685295105,4
4_encoder_matrix,LFP,mlp__rtdl_resnet,3,1,3.86000657081604,4
4_encoder_matrix,LFP,mlp__rtdl_resnet,4,1,1.2558246850967407,4
4_encoder_matrix,LFP,mlp__rtdl_resnet,10,1,1.554376482963562,4
4_encoder_matrix,LFP,mlp__rtdl_resnet,14,1,2.434751033782959,4
4_encoder_matrix,LFP,mlp__rtdl_resnet,15,1,2.976933717727661,4
4_encoder_matrix,LFP,mlp__rtdl_resnet,16,1,2.387458086013794,4
4_encoder_matrix,LFP,mlp__rtdl_resnet,35,1,1.979732871055603,4
4_encoder_matrix,LFP,mlp__rtdl_resnet,38,1,0.8471440672874451,4
4_encoder_matrix,LFP,mlp__rtdl_resnet,45,1,1.4444478750228882,4
4_encoder_matrix,LFP,mlp__rtdl_resnet,47,1,1.2833133935928345,4
4_encoder_matrix,LFP,mlp__rtdl_resnet,55,1,1.9024420976638794,4
4_encoder_matrix,LFP,mlp__rtdl_resnet,64,1,0.6966478824615479,4
4_encoder_matrix,LFP,mlp__rtdl_resnet,3,2,3.3877360820770264,4
4_encoder_matrix,LFP,mlp__rtdl_resnet,4,2,1.3190901279449463,4
4_encoder_matrix,LFP,mlp__rtdl_resnet,10,2,1.6264005899429321,4
4_encoder_matrix,LFP,mlp__rtdl_resnet,14,2,2.5543463230133057,4
4_encoder_matrix,LFP,mlp__rtdl_resnet,15,2,3.1213912963867188,4
4_encoder_matrix,LFP,mlp__rtdl_resnet,16,2,2.5597026348114014,4
4_encoder_matrix,LFP,mlp__rtdl_resnet,35,2,2.0355372428894043,4
4_encoder_matrix,LFP,mlp__rtdl_resnet,38,2,0.6805121898651123,4
4_encoder_matrix,LFP,mlp__rtdl_resnet,45,2,1.3016090393066406,4
4_encoder_matrix,LFP,mlp__rtdl_resnet,47,2,1.2231686115264893,4
4_encoder_matrix,LFP,mlp__rtdl_resnet,55,2,1.5026304721832275,4
4_encoder_matrix,LFP,mlp__rtdl_resnet,64,2,0.7677769064903259,4
4_encoder_matrix,LFP,mlp__rtdl_ft_transformer,7,0,1.340667486190796,0
4_encoder_matrix,LFP,mlp__rtdl_ft_transformer,9,0,0.8825485110282898,0
4_encoder_matrix,LFP,mlp__rtdl_ft_transformer,19,0,2.8297946453094482,0
4_encoder_matrix,LFP,mlp__rtdl_ft_transformer,20,0,1.0563775300979614,0
4_encoder_matrix,LFP,mlp__rtdl_ft_transformer,26,0,0.7062972784042358,0
4_encoder_matrix,LFP,mlp__rtdl_ft_transformer,29,0,0.9544740319252014,0
4_encoder_matrix,LFP,mlp__rtdl_ft_transformer,31,0,1.2410974502563477,0
4_encoder_matrix,LFP,mlp__rtdl_ft_transformer,44,0,1.7418558597564697,0
4_encoder_matrix,LFP,mlp__rtdl_ft_transformer,46,0,2.8981926441192627,0
4_encoder_matrix,LFP,mlp__rtdl_ft_transformer,48,0,1.9537376165390015,0
4_encoder_matrix,LFP,mlp__rtdl_ft_transformer,56,0,0.926230251789093,0
4_encoder_matrix,LFP,mlp__rtdl_ft_transformer,63,0,0.9454216361045837,0
4_encoder_matrix,LFP,mlp__rtdl_ft_transformer,65,0,2.031533718109131,0
4_encoder_matrix,LFP,mlp__rtdl_ft_transformer,7,1,0.9375109076499939,0
4_encoder_matrix,LFP,mlp__rtdl_ft_transformer,9,1,1.1562248468399048,0
4_encoder_matrix,LFP,mlp__rtdl_ft_transformer,19,1,2.6988182067871094,0
4_encoder_matrix,LFP,mlp__rtdl_ft_transformer,20,1,1.1080447435379028,0
4_encoder_matrix,LFP,mlp__rtdl_ft_transformer,26,1,0.8222533464431763,0
4_encoder_matrix,LFP,mlp__rtdl_ft_transformer,29,1,1.1897772550582886,0
4_encoder_matrix,LFP,mlp__rtdl_ft_transformer,31,1,1.5038280487060547,0
4_encoder_matrix,LFP,mlp__rtdl_ft_transformer,44,1,1.7868667840957642,0
4_encoder_matrix,LFP,mlp__rtdl_ft_transformer,46,1,2.8263559341430664,0
4_encoder_matrix,LFP,mlp__rtdl_ft_transformer,48,1,2.053976058959961,0
4_encoder_matrix,LFP,mlp__rtdl_ft_transformer,56,1,0.9465534090995789,0
4_encoder_matrix,LFP,mlp__rtdl_ft_transformer,63,1,1.211315631866455,0
4_encoder_matrix,LFP,mlp__rtdl_ft_transformer,65,1,1.8233457803726196,0
4_encoder_matrix,LFP,mlp__rtdl_ft_transformer,7,2,1.021641492843628,0
4_encoder_matrix,LFP,mlp__rtdl_ft_transformer,9,2,0.9292423725128174,0
4_encoder_matrix,LFP,mlp__rtdl_ft_transformer,19,2,2.634983539581299,0
4_encoder_matrix,LFP,mlp__rtdl_ft_transformer,20,2,0.9935765862464905,0
4_encoder_matrix,LFP,mlp__rtdl_ft_transformer,26,2,0.7048845291137695,0
4_encoder_matrix,LFP,mlp__rtdl_ft_transformer,29,2,1.055315375328064,0
4_encoder_matrix,LFP,mlp__rtdl_ft_transformer,31,2,1.412438154220581,0
4_encoder_matrix,LFP,mlp__rtdl_ft_transformer,44,2,1.4774670600891113,0
4_encoder_matrix,LFP,mlp__rtdl_ft_transformer,46,2,2.6280579566955566,0
4_encoder_matrix,LFP,mlp__rtdl_ft_transformer,48,2,1.755111813545227,0
4_encoder_matrix,LFP,mlp__rtdl_ft_transformer,56,2,0.8320785760879517,0
4_encoder_matrix,LFP,mlp__rtdl_ft_transformer,63,2,0.8578782081604004,0
4_encoder_matrix,LFP,mlp__rtdl_ft_transformer,65,2,1.724044919013977,0
4_encoder_matrix,LFP,mlp__rtdl_ft_transformer,6,0,1.157608151435852,1
4_encoder_matrix,LFP,mlp__rtdl_ft_transformer,17,0,2.652498722076416,1
4_encoder_matrix,LFP,mlp__rtdl_ft_transformer,22,0,0.9845172166824341,1
4_encoder_matrix,LFP,mlp__rtdl_ft_transformer,23,0,0.9250755906105042,1
4_encoder_matrix,LFP,mlp__rtdl_ft_transformer,27,0,0.8925558924674988,1
4_encoder_matrix,LFP,mlp__rtdl_ft_transformer,28,0,1.3024061918258667,1
4_encoder_matrix,LFP,mlp__rtdl_ft_transformer,34,0,2.0317604541778564,1
4_encoder_matrix,LFP,mlp__rtdl_ft_transformer,52,0,1.6775712966918945,1
4_encoder_matrix,LFP,mlp__rtdl_ft_transformer,53,0,1.5147511959075928,1
4_encoder_matrix,LFP,mlp__rtdl_ft_transformer,57,0,2.3270068168640137,1
4_encoder_matrix,LFP,mlp__rtdl_ft_transformer,58,0,1.911430835723877,1
4_encoder_matrix,LFP,mlp__rtdl_ft_transformer,60,0,1.1539466381072998,1
4_encoder_matrix,LFP,mlp__rtdl_ft_transformer,62,0,0.9515219330787659,1
4_encoder_matrix,LFP,mlp__rtdl_ft_transformer,6,1,1.1185325384140015,1
4_encoder_matrix,LFP,mlp__rtdl_ft_transformer,17,1,2.581312656402588,1
4_encoder_matrix,LFP,mlp__rtdl_ft_transformer,22,1,1.0132315158843994,1
4_encoder_matrix,LFP,mlp__rtdl_ft_transformer,23,1,0.8887758255004883,1
4_encoder_matrix,LFP,mlp__rtdl_ft_transformer,27,1,0.6786314249038696,1
4_encoder_matrix,LFP,mlp__rtdl_ft_transformer,28,1,1.571304202079773,1
4_encoder_matrix,LFP,mlp__rtdl_ft_transformer,34,1,1.864914894104004,1
4_encoder_matrix,LFP,mlp__rtdl_ft_transformer,52,1,1.7073525190353394,1
4_encoder_matrix,LFP,mlp__rtdl_ft_transformer,53,1,1.3949717283248901,1
4_encoder_matrix,LFP,mlp__rtdl_ft_transformer,57,1,1.9636775255203247,1
4_encoder_matrix,LFP,mlp__rtdl_ft_transformer,58,1,1.525388479232788,1
4_encoder_matrix,LFP,mlp__rtdl_ft_transformer,60,1,1.0279289484024048,1
4_encoder_matrix,LFP,mlp__rtdl_ft_transformer,62,1,0.8902241587638855,1
4_encoder_matrix,LFP,mlp__rtdl_ft_transformer,6,2,0.9172911643981934,1
4_encoder_matrix,LFP,mlp__rtdl_ft_transformer,17,2,2.5738425254821777,1
4_encoder_matrix,LFP,mlp__rtdl_ft_transformer,22,2,1.0565447807312012,1
4_encoder_matrix,LFP,mlp__rtdl_ft_transformer,23,2,0.8319401144981384,1
4_encoder_matrix,LFP,mlp__rtdl_ft_transformer,27,2,0.6044629812240601,1
4_encoder_matrix,LFP,mlp__rtdl_ft_transformer,28,2,1.5924873352050781,1
4_encoder_matrix,LFP,mlp__rtdl_ft_transformer,34,2,1.7985745668411255,1
4_encoder_matrix,LFP,mlp__rtdl_ft_transformer,52,2,1.837265133857727,1
4_encoder_matrix,LFP,mlp__rtdl_ft_transformer,53,2,1.3021458387374878,1
4_encoder_matrix,LFP,mlp__rtdl_ft_transformer,57,2,2.0154354572296143,1
4_encoder_matrix,LFP,mlp__rtdl_ft_transformer,58,2,1.5919908285140991,1
4_encoder_matrix,LFP,mlp__rtdl_ft_transformer,60,2,1.1863511800765991,1
4_encoder_matrix,LFP,mlp__rtdl_ft_transformer,62,2,0.6601070165634155,1
4_encoder_matrix,LFP,mlp__rtdl_ft_transformer,5,0,2.1604137420654297,2
4_encoder_matrix,LFP,mlp__rtdl_ft_transformer,11,0,1.4702825546264648,2
4_encoder_matrix,LFP,mlp__rtdl_ft_transformer,12,0,0.8229940533638,2
4_encoder_matrix,LFP,mlp__rtdl_ft_transformer,18,0,2.8844387531280518,2
4_encoder_matrix,LFP,mlp__rtdl_ft_transformer,25,0,0.8634785413742065,2
4_encoder_matrix,LFP,mlp__rtdl_ft_transformer,30,0,1.1194192171096802,2
4_encoder_matrix,LFP,mlp__rtdl_ft_transformer,32,0,2.3285932540893555,2
4_encoder_matrix,LFP,mlp__rtdl_ft_transformer,33,0,2.9436938762664795,2
4_encoder_matrix,LFP,mlp__rtdl_ft_transformer,36,0,1.6887811422348022,2
4_encoder_matrix,LFP,mlp__rtdl_ft_transformer,39,0,0.833655834197998,2
4_encoder_matrix,LFP,mlp__rtdl_ft_transformer,41,0,0.8347587585449219,2
4_encoder_matrix,LFP,mlp__rtdl_ft_transformer,42,0,1.1589680910110474,2
4_encoder_matrix,LFP,mlp__rtdl_ft_transformer,61,0,1.1739201545715332,2
4_encoder_matrix,LFP,mlp__rtdl_ft_transformer,5,1,1.8986337184906006,2
4_encoder_matrix,LFP,mlp__rtdl_ft_transformer,11,1,1.2605139017105103,2
4_encoder_matrix,LFP,mlp__rtdl_ft_transformer,12,1,0.7395426630973816,2
4_encoder_matrix,LFP,mlp__rtdl_ft_transformer,18,1,2.5985939502716064,2
4_encoder_matrix,LFP,mlp__rtdl_ft_transformer,25,1,1.0672475099563599,2
4_encoder_matrix,LFP,mlp__rtdl_ft_transformer,30,1,1.5061006546020508,2
4_encoder_matrix,LFP,mlp__rtdl_ft_transformer,32,1,2.093259811401367,2
4_encoder_matrix,LFP,mlp__rtdl_ft_transformer,33,1,2.665584087371826,2
4_encoder_matrix,LFP,mlp__rtdl_ft_transformer,36,1,1.4318395853042603,2
4_encoder_matrix,LFP,mlp__rtdl_ft_transformer,39,1,1.0611275434494019,2
4_encoder_matrix,LFP,mlp__rtdl_ft_transformer,41,1,1.059439778327942,2
4_encoder_matrix,LFP,mlp__rtdl_ft_transformer,42,1,1.2940422296524048,2
4_encoder_matrix,LFP,mlp__rtdl_ft_transformer,61,1,1.0251551866531372,2
4_encoder_matrix,LFP,mlp__rtdl_ft_transformer,5,2,2.133362293243408,2
4_encoder_matrix,LFP,mlp__rtdl_ft_transformer,11,2,1.4999349117279053,2
4_encoder_matrix,LFP,mlp__rtdl_ft_transformer,12,2,0.7749391198158264,2
4_encoder_matrix,LFP,mlp__rtdl_ft_transformer,18,2,2.854498863220215,2
4_encoder_matrix,LFP,mlp__rtdl_ft_transformer,25,2,0.8777855634689331,2
4_encoder_matrix,LFP,mlp__rtdl_ft_transformer,30,2,1.098734736442566,2
4_encoder_matrix,LFP,mlp__rtdl_ft_transformer,32,2,2.363513946533203,2
4_encoder_matrix,LFP,mlp__rtdl_ft_transformer,33,2,2.9552161693573,2
4_encoder_matrix,LFP,mlp__rtdl_ft_transformer,36,2,1.673995852470398,2
4_encoder_matrix,LFP,mlp__rtdl_ft_transformer,39,2,0.8418416380882263,2
4_encoder_matrix,LFP,mlp__rtdl_ft_transformer,41,2,0.7486000061035156,2
4_encoder_matrix,LFP,mlp__rtdl_ft_transformer,42,2,1.2749251127243042,2
4_encoder_matrix,LFP,mlp__rtdl_ft_transformer,61,2,1.0568071603775024,2
4_encoder_matrix,LFP,mlp__rtdl_ft_transformer,2,0,1.853697657585144,3
4_encoder_matrix,LFP,mlp__rtdl_ft_transformer,8,0,0.941982626914978,3
4_encoder_matrix,LFP,mlp__rtdl_ft_transformer,13,0,1.1545237302780151,3
4_encoder_matrix,LFP,mlp__rtdl_ft_transformer,21,0,1.240915060043335,3
4_encoder_matrix,LFP,mlp__rtdl_ft_transformer,24,0,1.0650460720062256,3
4_encoder_matrix,LFP,mlp__rtdl_ft_transformer,37,0,2.422123908996582,3
4_encoder_matrix,LFP,mlp__rtdl_ft_transformer,40,0,1.0678106546401978,3
4_encoder_matrix,LFP,mlp__rtdl_ft_transformer,43,0,1.0180624723434448,3
4_encoder_matrix,LFP,mlp__rtdl_ft_transformer,49,0,1.543713092803955,3
4_encoder_matrix,LFP,mlp__rtdl_ft_transformer,50,0,1.6922897100448608,3
4_encoder_matrix,LFP,mlp__rtdl_ft_transformer,51,0,2.0995378494262695,3
4_encoder_matrix,LFP,mlp__rtdl_ft_transformer,54,0,1.145865559577942,3
4_encoder_matrix,LFP,mlp__rtdl_ft_transformer,59,0,1.9746085405349731,3
4_encoder_matrix,LFP,mlp__rtdl_ft_transformer,2,1,1.7505513429641724,3
4_encoder_matrix,LFP,mlp__rtdl_ft_transformer,8,1,0.8770220279693604,3
4_encoder_matrix,LFP,mlp__rtdl_ft_transformer,13,1,1.035933017730713,3
4_encoder_matrix,LFP,mlp__rtdl_ft_transformer,21,1,1.2008726596832275,3
4_encoder_matrix,LFP,mlp__rtdl_ft_transformer,24,1,1.1408462524414062,3
4_encoder_matrix,LFP,mlp__rtdl_ft_transformer,37,1,2.311582088470459,3
4_encoder_matrix,LFP,mlp__rtdl_ft_transformer,40,1,1.1852350234985352,3
4_encoder_matrix,LFP,mlp__rtdl_ft_transformer,43,1,1.1196924448013306,3
4_encoder_matrix,LFP,mlp__rtdl_ft_transformer,49,1,1.6857678890228271,3
4_encoder_matrix,LFP,mlp__rtdl_ft_transformer,50,1,1.6145720481872559,3
4_encoder_matrix,LFP,mlp__rtdl_ft_transformer,51,1,2.206061840057373,3
4_encoder_matrix,LFP,mlp__rtdl_ft_transformer,54,1,1.2276407480239868,3
4_encoder_matrix,LFP,mlp__rtdl_ft_transformer,59,1,1.9081147909164429,3
4_encoder_matrix,LFP,mlp__rtdl_ft_transformer,2,2,1.6371937990188599,3
4_encoder_matrix,LFP,mlp__rtdl_ft_transformer,8,2,0.7705746293067932,3
4_encoder_matrix,LFP,mlp__rtdl_ft_transformer,13,2,0.9279999732971191,3
4_encoder_matrix,LFP,mlp__rtdl_ft_transformer,21,2,1.0679640769958496,3
4_encoder_matrix,LFP,mlp__rtdl_ft_transformer,24,2,1.0612038373947144,3
4_encoder_matrix,LFP,mlp__rtdl_ft_transformer,37,2,2.1641087532043457,3
4_encoder_matrix,LFP,mlp__rtdl_ft_transformer,40,2,1.0650050640106201,3
4_encoder_matrix,LFP,mlp__rtdl_ft_transformer,43,2,0.961036741733551,3
4_encoder_matrix,LFP,mlp__rtdl_ft_transformer,49,2,1.6048798561096191,3
4_encoder_matrix,LFP,mlp__rtdl_ft_transformer,50,2,1.4949922561645508,3
4_encoder_matrix,LFP,mlp__rtdl_ft_transformer,51,2,2.0772039890289307,3
4_encoder_matrix,LFP,mlp__rtdl_ft_transformer,54,2,1.2013230323791504,3
4_encoder_matrix,LFP,mlp__rtdl_ft_transformer,59,2,1.6060101985931396,3
4_encoder_matrix,LFP,mlp__rtdl_ft_transformer,3,0,3.4253458976745605,4
4_encoder_matrix,LFP,mlp__rtdl_ft_transformer,4,0,1.432213306427002,4
4_encoder_matrix,LFP,mlp__rtdl_ft_transformer,10,0,1.6360446214675903,4
4_encoder_matrix,LFP,mlp__rtdl_ft_transformer,14,0,2.8082427978515625,4
4_encoder_matrix,LFP,mlp__rtdl_ft_transformer,15,0,3.222923994064331,4
4_encoder_matrix,LFP,mlp__rtdl_ft_transformer,16,0,2.809424638748169,4
4_encoder_matrix,LFP,mlp__rtdl_ft_transformer,35,0,2.3135247230529785,4
4_encoder_matrix,LFP,mlp__rtdl_ft_transformer,38,0,0.9847115278244019,4
4_encoder_matrix,LFP,mlp__rtdl_ft_transformer,45,0,1.4282180070877075,4
4_encoder_matrix,LFP,mlp__rtdl_ft_transformer,47,0,1.2916399240493774,4
4_encoder_matrix,LFP,mlp__rtdl_ft_transformer,55,0,2.032256603240967,4
4_encoder_matrix,LFP,mlp__rtdl_ft_transformer,64,0,0.7683622241020203,4
4_encoder_matrix,LFP,mlp__rtdl_ft_transformer,3,1,3.757981777191162,4
4_encoder_matrix,LFP,mlp__rtdl_ft_transformer,4,1,1.4204548597335815,4
4_encoder_matrix,LFP,mlp__rtdl_ft_transformer,10,1,1.65115487575531,4
4_encoder_matrix,LFP,mlp__rtdl_ft_transformer,14,1,2.816948652267456,4
4_encoder_matrix,LFP,mlp__rtdl_ft_transformer,15,1,3.257601499557495,4
4_encoder_matrix,LFP,mlp__rtdl_ft_transformer,16,1,2.869302272796631,4
4_encoder_matrix,LFP,mlp__rtdl_ft_transformer,35,1,2.322042465209961,4
4_encoder_matrix,LFP,mlp__rtdl_ft_transformer,38,1,1.0301162004470825,4
4_encoder_matrix,LFP,mlp__rtdl_ft_transformer,45,1,1.4428855180740356,4
4_encoder_matrix,LFP,mlp__rtdl_ft_transformer,47,1,1.3175315856933594,4
4_encoder_matrix,LFP,mlp__rtdl_ft_transformer,55,1,2.155395030975342,4
4_encoder_matrix,LFP,mlp__rtdl_ft_transformer,64,1,0.9131073355674744,4
4_encoder_matrix,LFP,mlp__rtdl_ft_transformer,3,2,3.834707260131836,4
4_encoder_matrix,LFP,mlp__rtdl_ft_transformer,4,2,1.210136890411377,4
4_encoder_matrix,LFP,mlp__rtdl_ft_transformer,10,2,1.505289077758789,4
4_encoder_matrix,LFP,mlp__rtdl_ft_transformer,14,2,2.4497523307800293,4
4_encoder_matrix,LFP,mlp__rtdl_ft_transformer,15,2,2.840566396713257,4
4_encoder_matrix,LFP,mlp__rtdl_ft_transformer,16,2,2.3860511779785156,4
4_encoder_matrix,LFP,mlp__rtdl_ft_transformer,35,2,2.078510284423828,4
4_encoder_matrix,LFP,mlp__rtdl_ft_transformer,38,2,1.1067675352096558,4
4_encoder_matrix,LFP,mlp__rtdl_ft_transformer,45,2,1.4901082515716553,4
4_encoder_matrix,LFP,mlp__rtdl_ft_transformer,47,2,1.445792555809021,4
4_encoder_matrix,LFP,mlp__rtdl_ft_transformer,55,2,2.2986984252929688,4
4_encoder_matrix,LFP,mlp__rtdl_ft_transformer,64,2,0.7790243029594421,4
4_encoder_matrix,LFP,tcn__current_mlp,7,0,1.066106915473938,0
4_encoder_matrix,LFP,tcn__current_mlp,9,0,0.6668856143951416,0
4_encoder_matrix,LFP,tcn__current_mlp,19,0,2.2841153144836426,0
4_encoder_matrix,LFP,tcn__current_mlp,20,0,1.1521987915039062,0
4_encoder_matrix,LFP,tcn__current_mlp,26,0,0.9030299186706543,0
4_encoder_matrix,LFP,tcn__current_mlp,29,0,1.0271083116531372,0
4_encoder_matrix,LFP,tcn__current_mlp,31,0,1.2065248489379883,0
4_encoder_matrix,LFP,tcn__current_mlp,44,0,1.342544674873352,0
4_encoder_matrix,LFP,tcn__current_mlp,46,0,2.5176734924316406,0
4_encoder_matrix,LFP,tcn__current_mlp,48,0,1.5784813165664673,0
4_encoder_matrix,LFP,tcn__current_mlp,56,0,0.7349414229393005,0
4_encoder_matrix,LFP,tcn__current_mlp,63,0,0.7496989965438843,0
4_encoder_matrix,LFP,tcn__current_mlp,65,0,1.4769647121429443,0
4_encoder_matrix,LFP,tcn__current_mlp,7,1,1.2460006475448608,0
4_encoder_matrix,LFP,tcn__current_mlp,9,1,0.6805851459503174,0
4_encoder_matrix,LFP,tcn__current_mlp,19,1,2.5191757678985596,0
4_encoder_matrix,LFP,tcn__current_mlp,20,1,1.1554151773452759,0
4_encoder_matrix,LFP,tcn__current_mlp,26,1,0.8566555976867676,0
4_encoder_matrix,LFP,tcn__current_mlp,29,1,0.9563612341880798,0
4_encoder_matrix,LFP,tcn__current_mlp,31,1,1.099389910697937,0
4_encoder_matrix,LFP,tcn__current_mlp,44,1,1.4508477449417114,0
4_encoder_matrix,LFP,tcn__current_mlp,46,1,2.709386110305786,0
4_encoder_matrix,LFP,tcn__current_mlp,48,1,1.6759600639343262,0
4_encoder_matrix,LFP,tcn__current_mlp,56,1,0.745730996131897,0
4_encoder_matrix,LFP,tcn__current_mlp,63,1,0.6687484383583069,0
4_encoder_matrix,LFP,tcn__current_mlp,65,1,1.6397594213485718,0
4_encoder_matrix,LFP,tcn__current_mlp,7,2,1.3584215641021729,0
4_encoder_matrix,LFP,tcn__current_mlp,9,2,0.6998793482780457,0
4_encoder_matrix,LFP,tcn__current_mlp,19,2,2.551248073577881,0
4_encoder_matrix,LFP,tcn__current_mlp,20,2,1.3936229944229126,0
4_encoder_matrix,LFP,tcn__current_mlp,26,2,0.9482477307319641,0
4_encoder_matrix,LFP,tcn__current_mlp,29,2,1.0504124164581299,0
4_encoder_matrix,LFP,tcn__current_mlp,31,2,1.1812009811401367,0
4_encoder_matrix,LFP,tcn__current_mlp,44,2,1.5250656604766846,0
4_encoder_matrix,LFP,tcn__current_mlp,46,2,2.5054430961608887,0
4_encoder_matrix,LFP,tcn__current_mlp,48,2,1.5820965766906738,0
4_encoder_matrix,LFP,tcn__current_mlp,56,2,0.9114290475845337,0
4_encoder_matrix,LFP,tcn__current_mlp,63,2,1.014742136001587,0
4_encoder_matrix,LFP,tcn__current_mlp,65,2,1.4439867734909058,0
4_encoder_matrix,LFP,tcn__current_mlp,6,0,1.0588430166244507,1
4_encoder_matrix,LFP,tcn__current_mlp,17,0,2.3454976081848145,1
4_encoder_matrix,LFP,tcn__current_mlp,22,0,0.8993769884109497,1
4_encoder_matrix,LFP,tcn__current_mlp,23,0,0.8625597357749939,1
4_encoder_matrix,LFP,tcn__current_mlp,27,0,0.806652307510376,1
4_encoder_matrix,LFP,tcn__current_mlp,28,0,1.0521422624588013,1
4_encoder_matrix,LFP,tcn__current_mlp,34,0,1.8420923948287964,1
4_encoder_matrix,LFP,tcn__current_mlp,52,0,0.639323890209198,1
4_encoder_matrix,LFP,tcn__current_mlp,53,0,1.6001241207122803,1
4_encoder_matrix,LFP,tcn__current_mlp,57,0,1.9247465133666992,1
4_encoder_matrix,LFP,tcn__current_mlp,58,0,1.6060429811477661,1
4_encoder_matrix,LFP,tcn__current_mlp,60,0,1.0190962553024292,1
4_encoder_matrix,LFP,tcn__current_mlp,62,0,1.0451650619506836,1
4_encoder_matrix,LFP,tcn__current_mlp,6,1,1.114677906036377,1
4_encoder_matrix,LFP,tcn__current_mlp,17,1,2.325146198272705,1
4_encoder_matrix,LFP,tcn__current_mlp,22,1,0.7831081748008728,1
4_encoder_matrix,LFP,tcn__current_mlp,23,1,0.7921703457832336,1
4_encoder_matrix,LFP,tcn__current_mlp,27,1,0.7286959886550903,1
4_encoder_matrix,LFP,tcn__current_mlp,28,1,1.0350449085235596,1
4_encoder_matrix,LFP,tcn__current_mlp,34,1,1.8134872913360596,1
4_encoder_matrix,LFP,tcn__current_mlp,52,1,0.8838565945625305,1
4_encoder_matrix,LFP,tcn__current_mlp,53,1,1.4774953126907349,1
4_encoder_matrix,LFP,tcn__current_mlp,57,1,2.020632028579712,1
4_encoder_matrix,LFP,tcn__current_mlp,58,1,1.6791191101074219,1
4_encoder_matrix,LFP,tcn__current_mlp,60,1,1.070806860923767,1
4_encoder_matrix,LFP,tcn__current_mlp,62,1,0.9418877959251404,1
4_encoder_matrix,LFP,tcn__current_mlp,6,2,1.1960331201553345,1
4_encoder_matrix,LFP,tcn__current_mlp,17,2,2.3483636379241943,1
4_encoder_matrix,LFP,tcn__current_mlp,22,2,1.0676079988479614,1
4_encoder_matrix,LFP,tcn__current_mlp,23,2,1.0899592638015747,1
4_encoder_matrix,LFP,tcn__current_mlp,27,2,1.0318397283554077,1
4_encoder_matrix,LFP,tcn__current_mlp,28,2,1.0915699005126953,1
4_encoder_matrix,LFP,tcn__current_mlp,34,2,1.9475656747817993,1
4_encoder_matrix,LFP,tcn__current_mlp,52,2,0.7910606265068054,1
4_encoder_matrix,LFP,tcn__current_mlp,53,2,1.7901651859283447,1
4_encoder_matrix,LFP,tcn__current_mlp,57,2,2.137058734893799,1
4_encoder_matrix,LFP,tcn__current_mlp,58,2,1.8372738361358643,1
4_encoder_matrix,LFP,tcn__current_mlp,60,2,1.163686752319336,1
4_encoder_matrix,LFP,tcn__current_mlp,62,2,1.254255771636963,1
4_encoder_matrix,LFP,tcn__current_mlp,5,0,1.8224756717681885,2
4_encoder_matrix,LFP,tcn__current_mlp,11,0,1.2553898096084595,2
4_encoder_matrix,LFP,tcn__current_mlp,12,0,0.5423890948295593,2
4_encoder_matrix,LFP,tcn__current_mlp,18,0,2.029876232147217,2
4_encoder_matrix,LFP,tcn__current_mlp,25,0,0.6839491128921509,2
4_encoder_matrix,LFP,tcn__current_mlp,30,0,1.1453685760498047,2
4_encoder_matrix,LFP,tcn__current_mlp,32,0,1.7691113948822021,2
4_encoder_matrix,LFP,tcn__current_mlp,33,0,2.6320629119873047,2
4_encoder_matrix,LFP,tcn__current_mlp,36,0,1.1049329042434692,2
4_encoder_matrix,LFP,tcn__current_mlp,39,0,0.6872809529304504,2
4_encoder_matrix,LFP,tcn__current_mlp,41,0,0.6069364547729492,2
4_encoder_matrix,LFP,tcn__current_mlp,42,0,1.082157850265503,2
4_encoder_matrix,LFP,tcn__current_mlp,61,0,0.8854261040687561,2
4_encoder_matrix,LFP,tcn__current_mlp,5,1,1.8618096113204956,2
4_encoder_matrix,LFP,tcn__current_mlp,11,1,1.1428309679031372,2
4_encoder_matrix,LFP,tcn__current_mlp,12,1,0.566460371017456,2
4_encoder_matrix,LFP,tcn__current_mlp,18,1,2.188169002532959,2
4_encoder_matrix,LFP,tcn__current_mlp,25,1,0.7096400856971741,2
4_encoder_matrix,LFP,tcn__current_mlp,30,1,1.3284399509429932,2
4_encoder_matrix,LFP,tcn__current_mlp,32,1,1.8186652660369873,2
4_encoder_matrix,LFP,tcn__current_mlp,33,1,2.4851856231689453,2
4_encoder_matrix,LFP,tcn__current_mlp,36,1,1.2207359075546265,2
4_encoder_matrix,LFP,tcn__current_mlp,39,1,0.7003499865531921,2
4_encoder_matrix,LFP,tcn__current_mlp,41,1,0.7569605708122253,2
4_encoder_matrix,LFP,tcn__current_mlp,42,1,0.9734089374542236,2
4_encoder_matrix,LFP,tcn__current_mlp,61,1,0.831524670124054,2
4_encoder_matrix,LFP,tcn__current_mlp,5,2,2.017397880554199,2
4_encoder_matrix,LFP,tcn__current_mlp,11,2,1.5236234664916992,2
4_encoder_matrix,LFP,tcn__current_mlp,12,2,0.9296820759773254,2
4_encoder_matrix,LFP,tcn__current_mlp,18,2,2.464982271194458,2
4_encoder_matrix,LFP,tcn__current_mlp,25,2,0.9760697484016418,2
4_encoder_matrix,LFP,tcn__current_mlp,30,2,0.9261897802352905,2
4_encoder_matrix,LFP,tcn__current_mlp,32,2,2.118610143661499,2
4_encoder_matrix,LFP,tcn__current_mlp,33,2,2.7386741638183594,2
4_encoder_matrix,LFP,tcn__current_mlp,36,2,1.608535647392273,2
4_encoder_matrix,LFP,tcn__current_mlp,39,2,0.9441936016082764,2
4_encoder_matrix,LFP,tcn__current_mlp,41,2,0.9371134638786316,2
4_encoder_matrix,LFP,tcn__current_mlp,42,2,1.289546251296997,2
4_encoder_matrix,LFP,tcn__current_mlp,61,2,1.2327073812484741,2
4_encoder_matrix,LFP,tcn__current_mlp,2,0,1.600376009941101,3
4_encoder_matrix,LFP,tcn__current_mlp,8,0,0.5956367254257202,3
4_encoder_matrix,LFP,tcn__current_mlp,13,0,0.8310104608535767,3
4_encoder_matrix,LFP,tcn__current_mlp,21,0,1.0107471942901611,3
4_encoder_matrix,LFP,tcn__current_mlp,24,0,0.6714091300964355,3
4_encoder_matrix,LFP,tcn__current_mlp,37,0,1.8709295988082886,3
4_encoder_matrix,LFP,tcn__current_mlp,40,0,0.7377417087554932,3
4_encoder_matrix,LFP,tcn__current_mlp,43,0,0.8601370453834534,3
4_encoder_matrix,LFP,tcn__current_mlp,49,0,1.4235050678253174,3
4_encoder_matrix,LFP,tcn__current_mlp,50,0,1.6867971420288086,3
4_encoder_matrix,LFP,tcn__current_mlp,51,0,1.932729959487915,3
4_encoder_matrix,LFP,tcn__current_mlp,54,0,0.6893957853317261,3
4_encoder_matrix,LFP,tcn__current_mlp,59,0,1.4299198389053345,3
4_encoder_matrix,LFP,tcn__current_mlp,2,1,1.5282739400863647,3
4_encoder_matrix,LFP,tcn__current_mlp,8,1,0.6648880243301392,3
4_encoder_matrix,LFP,tcn__current_mlp,13,1,0.9650866389274597,3
4_encoder_matrix,LFP,tcn__current_mlp,21,1,1.095443844795227,3
4_encoder_matrix,LFP,tcn__current_mlp,24,1,0.7690866589546204,3
4_encoder_matrix,LFP,tcn__current_mlp,37,1,1.8504170179367065,3
4_encoder_matrix,LFP,tcn__current_mlp,40,1,0.8576991558074951,3
4_encoder_matrix,LFP,tcn__current_mlp,43,1,1.0053462982177734,3
4_encoder_matrix,LFP,tcn__current_mlp,49,1,1.3938556909561157,3
4_encoder_matrix,LFP,tcn__current_mlp,50,1,1.7074235677719116,3
4_encoder_matrix,LFP,tcn__current_mlp,51,1,2.1367027759552,3
4_encoder_matrix,LFP,tcn__current_mlp,54,1,0.730536937713623,3
4_encoder_matrix,LFP,tcn__current_mlp,59,1,1.559386968612671,3
4_encoder_matrix,LFP,tcn__current_mlp,2,2,1.6505327224731445,3
4_encoder_matrix,LFP,tcn__current_mlp,8,2,0.8150689601898193,3
4_encoder_matrix,LFP,tcn__current_mlp,13,2,1.0492839813232422,3
4_encoder_matrix,LFP,tcn__current_mlp,21,2,1.2956352233886719,3
4_encoder_matrix,LFP,tcn__current_mlp,24,2,0.9876198768615723,3
4_encoder_matrix,LFP,tcn__current_mlp,37,2,1.9314011335372925,3
4_encoder_matrix,LFP,tcn__current_mlp,40,2,0.978273868560791,3
4_encoder_matrix,LFP,tcn__current_mlp,43,2,1.177720546722412,3
4_encoder_matrix,LFP,tcn__current_mlp,49,2,1.4955730438232422,3
4_encoder_matrix,LFP,tcn__current_mlp,50,2,1.8962929248809814,3
4_encoder_matrix,LFP,tcn__current_mlp,51,2,2.2707982063293457,3
4_encoder_matrix,LFP,tcn__current_mlp,54,2,1.0033146142959595,3
4_encoder_matrix,LFP,tcn__current_mlp,59,2,1.7452657222747803,3
4_encoder_matrix,LFP,tcn__current_mlp,3,0,3.827263593673706,4
4_encoder_matrix,LFP,tcn__current_mlp,4,0,1.2905296087265015,4
4_encoder_matrix,LFP,tcn__current_mlp,10,0,1.5741939544677734,4
4_encoder_matrix,LFP,tcn__current_mlp,14,0,2.454537868499756,4
4_encoder_matrix,LFP,tcn__current_mlp,15,0,3.054882049560547,4
4_encoder_matrix,LFP,tcn__current_mlp,16,0,2.5022644996643066,4
4_encoder_matrix,LFP,tcn__current_mlp,35,0,2.0472443103790283,4
4_encoder_matrix,LFP,tcn__current_mlp,38,0,0.8486401438713074,4
4_encoder_matrix,LFP,tcn__current_mlp,45,0,1.3775991201400757,4
4_encoder_matrix,LFP,tcn__current_mlp,47,0,1.324737548828125,4
4_encoder_matrix,LFP,tcn__current_mlp,55,0,1.982466697692871,4
4_encoder_matrix,LFP,tcn__current_mlp,64,0,0.6940882205963135,4
4_encoder_matrix,LFP,tcn__current_mlp,3,1,3.4965903759002686,4
4_encoder_matrix,LFP,tcn__current_mlp,4,1,1.4108504056930542,4
4_encoder_matrix,LFP,tcn__current_mlp,10,1,1.665084719657898,4
4_encoder_matrix,LFP,tcn__current_mlp,14,1,2.5470705032348633,4
4_encoder_matrix,LFP,tcn__current_mlp,15,1,2.9717557430267334,4
4_encoder_matrix,LFP,tcn__current_mlp,16,1,2.5037004947662354,4
4_encoder_matrix,LFP,tcn__current_mlp,35,1,2.116060495376587,4
4_encoder_matrix,LFP,tcn__current_mlp,38,1,0.7772795557975769,4
4_encoder_matrix,LFP,tcn__current_mlp,45,1,1.3903392553329468,4
4_encoder_matrix,LFP,tcn__current_mlp,47,1,1.1780493259429932,4
4_encoder_matrix,LFP,tcn__current_mlp,55,1,1.676431655883789,4
4_encoder_matrix,LFP,tcn__current_mlp,64,1,0.8269273042678833,4
4_encoder_matrix,LFP,tcn__current_mlp,3,2,3.457160234451294,4
4_encoder_matrix,LFP,tcn__current_mlp,4,2,1.4806650876998901,4
4_encoder_matrix,LFP,tcn__current_mlp,10,2,1.7086832523345947,4
4_encoder_matrix,LFP,tcn__current_mlp,14,2,2.566986083984375,4
4_encoder_matrix,LFP,tcn__current_mlp,15,2,2.935244083404541,4
4_encoder_matrix,LFP,tcn__current_mlp,16,2,2.5642337799072266,4
4_encoder_matrix,LFP,tcn__current_mlp,35,2,2.1176657676696777,4
4_encoder_matrix,LFP,tcn__current_mlp,38,2,0.9360771179199219,4
4_encoder_matrix,LFP,tcn__current_mlp,45,2,1.5447092056274414,4
4_encoder_matrix,LFP,tcn__current_mlp,47,2,1.3387644290924072,4
4_encoder_matrix,LFP,tcn__current_mlp,55,2,1.625916838645935,4
4_encoder_matrix,LFP,tcn__current_mlp,64,2,1.169319748878479,4
4_encoder_matrix,LFP,tcn__rtdl_resnet,7,0,1.0724458694458008,0
4_encoder_matrix,LFP,tcn__rtdl_resnet,9,0,0.6263943314552307,0
4_encoder_matrix,LFP,tcn__rtdl_resnet,19,0,1.9747569561004639,0
4_encoder_matrix,LFP,tcn__rtdl_resnet,20,0,1.261958122253418,0
4_encoder_matrix,LFP,tcn__rtdl_resnet,26,0,0.7802717685699463,0
4_encoder_matrix,LFP,tcn__rtdl_resnet,29,0,1.1006293296813965,0
4_encoder_matrix,LFP,tcn__rtdl_resnet,31,0,1.4036351442337036,0
4_encoder_matrix,LFP,tcn__rtdl_resnet,44,0,1.5903584957122803,0
4_encoder_matrix,LFP,tcn__rtdl_resnet,46,0,2.678654432296753,0
4_encoder_matrix,LFP,tcn__rtdl_resnet,48,0,1.6933979988098145,0
4_encoder_matrix,LFP,tcn__rtdl_resnet,56,0,0.7158308625221252,0
4_encoder_matrix,LFP,tcn__rtdl_resnet,63,0,0.9220840334892273,0
4_encoder_matrix,LFP,tcn__rtdl_resnet,65,0,1.575348973274231,0
4_encoder_matrix,LFP,tcn__rtdl_resnet,7,1,1.1866469383239746,0
4_encoder_matrix,LFP,tcn__rtdl_resnet,9,1,0.6480532288551331,0
4_encoder_matrix,LFP,tcn__rtdl_resnet,19,1,2.255392551422119,0
4_encoder_matrix,LFP,tcn__rtdl_resnet,20,1,1.2721956968307495,0
4_encoder_matrix,LFP,tcn__rtdl_resnet,26,1,0.907669186592102,0
4_encoder_matrix,LFP,tcn__rtdl_resnet,29,1,1.1315613985061646,0
4_encoder_matrix,LFP,tcn__rtdl_resnet,31,1,1.3744912147521973,0
4_encoder_matrix,LFP,tcn__rtdl_resnet,44,1,1.6820564270019531,0
4_encoder_matrix,LFP,tcn__rtdl_resnet,46,1,2.742197036743164,0
4_encoder_matrix,LFP,tcn__rtdl_resnet,48,1,1.7938530445098877,0
4_encoder_matrix,LFP,tcn__rtdl_resnet,56,1,0.7768730521202087,0
4_encoder_matrix,LFP,tcn__rtdl_resnet,63,1,1.0670088529586792,0
4_encoder_matrix,LFP,tcn__rtdl_resnet,65,1,1.6423978805541992,0
4_encoder_matrix,LFP,tcn__rtdl_resnet,7,2,1.2379730939865112,0
4_encoder_matrix,LFP,tcn__rtdl_resnet,9,2,0.6453577876091003,0
4_encoder_matrix,LFP,tcn__rtdl_resnet,19,2,2.4160614013671875,0
4_encoder_matrix,LFP,tcn__rtdl_resnet,20,2,1.1521496772766113,0
4_encoder_matrix,LFP,tcn__rtdl_resnet,26,2,0.8165023922920227,0
4_encoder_matrix,LFP,tcn__rtdl_resnet,29,2,0.993537425994873,0
4_encoder_matrix,LFP,tcn__rtdl_resnet,31,2,1.2851766347885132,0
4_encoder_matrix,LFP,tcn__rtdl_resnet,44,2,1.4200156927108765,0
4_encoder_matrix,LFP,tcn__rtdl_resnet,46,2,2.5331757068634033,0
4_encoder_matrix,LFP,tcn__rtdl_resnet,48,2,1.5654945373535156,0
4_encoder_matrix,LFP,tcn__rtdl_resnet,56,2,0.7518108487129211,0
4_encoder_matrix,LFP,tcn__rtdl_resnet,63,2,0.8551068305969238,0
4_encoder_matrix,LFP,tcn__rtdl_resnet,65,2,1.6324741840362549,0
4_encoder_matrix,LFP,tcn__rtdl_resnet,6,0,0.8343334794044495,1
4_encoder_matrix,LFP,tcn__rtdl_resnet,17,0,1.9857505559921265,1
4_encoder_matrix,LFP,tcn__rtdl_resnet,22,0,0.9458003044128418,1
4_encoder_matrix,LFP,tcn__rtdl_resnet,23,0,0.9511238932609558,1
4_encoder_matrix,LFP,tcn__rtdl_resnet,27,0,0.7632688283920288,1
4_encoder_matrix,LFP,tcn__rtdl_resnet,28,0,1.2108713388442993,1
4_encoder_matrix,LFP,tcn__rtdl_resnet,34,0,1.595304250717163,1
4_encoder_matrix,LFP,tcn__rtdl_resnet,52,0,0.6304506063461304,1
4_encoder_matrix,LFP,tcn__rtdl_resnet,53,0,1.5029643774032593,1
4_encoder_matrix,LFP,tcn__rtdl_resnet,57,0,1.820461630821228,1
4_encoder_matrix,LFP,tcn__rtdl_resnet,58,0,1.5012288093566895,1
4_encoder_matrix,LFP,tcn__rtdl_resnet,60,0,0.9503083825111389,1
4_encoder_matrix,LFP,tcn__rtdl_resnet,62,0,1.0901472568511963,1
4_encoder_matrix,LFP,tcn__rtdl_resnet,6,1,0.8599856495857239,1
4_encoder_matrix,LFP,tcn__rtdl_resnet,17,1,2.3016185760498047,1
4_encoder_matrix,LFP,tcn__rtdl_resnet,22,1,1.038160800933838,1
4_encoder_matrix,LFP,tcn__rtdl_resnet,23,1,1.021443486213684,1
4_encoder_matrix,LFP,tcn__rtdl_resnet,27,1,0.7069371938705444,1
4_encoder_matrix,LFP,tcn__rtdl_resnet,28,1,1.5710736513137817,1
4_encoder_matrix,LFP,tcn__rtdl_resnet,34,1,1.5981218814849854,1
4_encoder_matrix,LFP,tcn__rtdl_resnet,52,1,1.3215681314468384,1
4_encoder_matrix,LFP,tcn__rtdl_resnet,53,1,1.3867323398590088,1
4_encoder_matrix,LFP,tcn__rtdl_resnet,57,1,1.6439845561981201,1
4_encoder_matrix,LFP,tcn__rtdl_resnet,58,1,1.2832623720169067,1
4_encoder_matrix,LFP,tcn__rtdl_resnet,60,1,0.9565492272377014,1
4_encoder_matrix,LFP,tcn__rtdl_resnet,62,1,1.0060250759124756,1
4_encoder_matrix,LFP,tcn__rtdl_resnet,6,2,1.1740498542785645,1
4_encoder_matrix,LFP,tcn__rtdl_resnet,17,2,2.4608871936798096,1
4_encoder_matrix,LFP,tcn__rtdl_resnet,22,2,0.9255432486534119,1
4_encoder_matrix,LFP,tcn__rtdl_resnet,23,2,0.8456311225891113,1
4_encoder_matrix,LFP,tcn__rtdl_resnet,27,2,0.8528534173965454,1
4_encoder_matrix,LFP,tcn__rtdl_resnet,28,2,1.1056137084960938,1
4_encoder_matrix,LFP,tcn__rtdl_resnet,34,2,1.9582817554473877,1
4_encoder_matrix,LFP,tcn__rtdl_resnet,52,2,1.0279568433761597,1
4_encoder_matrix,LFP,tcn__rtdl_resnet,53,2,1.6010907888412476,1
4_encoder_matrix,LFP,tcn__rtdl_resnet,57,2,2.0053412914276123,1
4_encoder_matrix,LFP,tcn__rtdl_resnet,58,2,1.6532901525497437,1
4_encoder_matrix,LFP,tcn__rtdl_resnet,60,2,1.0007156133651733,1
4_encoder_matrix,LFP,tcn__rtdl_resnet,62,2,0.8823516368865967,1
4_encoder_matrix,LFP,tcn__rtdl_resnet,5,0,1.5480421781539917,2
4_encoder_matrix,LFP,tcn__rtdl_resnet,11,0,1.096298098564148,2
4_encoder_matrix,LFP,tcn__rtdl_resnet,12,0,0.4837277829647064,2
4_encoder_matrix,LFP,tcn__rtdl_resnet,18,0,1.9133626222610474,2
4_encoder_matrix,LFP,tcn__rtdl_resnet,25,0,0.8373645544052124,2
4_encoder_matrix,LFP,tcn__rtdl_resnet,30,0,1.471880316734314,2
4_encoder_matrix,LFP,tcn__rtdl_resnet,32,0,1.6958318948745728,2
4_encoder_matrix,LFP,tcn__rtdl_resnet,33,0,2.4789905548095703,2
4_encoder_matrix,LFP,tcn__rtdl_resnet,36,0,0.8784906268119812,2
4_encoder_matrix,LFP,tcn__rtdl_resnet,39,0,0.8554732203483582,2
4_encoder_matrix,LFP,tcn__rtdl_resnet,41,0,0.8517764210700989,2
4_encoder_matrix,LFP,tcn__rtdl_resnet,42,0,1.0982346534729004,2
4_encoder_matrix,LFP,tcn__rtdl_resnet,61,0,0.7664408683776855,2
4_encoder_matrix,LFP,tcn__rtdl_resnet,5,1,1.6541779041290283,2
4_encoder_matrix,LFP,tcn__rtdl_resnet,11,1,1.1623964309692383,2
4_encoder_matrix,LFP,tcn__rtdl_resnet,12,1,0.6093000769615173,2
4_encoder_matrix,LFP,tcn__rtdl_resnet,18,1,2.016629457473755,2
4_encoder_matrix,LFP,tcn__rtdl_resnet,25,1,0.9283880591392517,2
4_encoder_matrix,LFP,tcn__rtdl_resnet,30,1,1.4949482679367065,2
4_encoder_matrix,LFP,tcn__rtdl_resnet,32,1,1.7308297157287598,2
4_encoder_matrix,LFP,tcn__rtdl_resnet,33,1,2.4570024013519287,2
4_encoder_matrix,LFP,tcn__rtdl_resnet,36,1,1.0802605152130127,2
4_encoder_matrix,LFP,tcn__rtdl_resnet,39,1,0.8143782019615173,2
4_encoder_matrix,LFP,tcn__rtdl_resnet,41,1,0.9038957953453064,2
4_encoder_matrix,LFP,tcn__rtdl_resnet,42,1,1.0828156471252441,2
4_encoder_matrix,LFP,tcn__rtdl_resnet,61,1,0.8749188184738159,2
4_encoder_matrix,LFP,tcn__rtdl_resnet,5,2,1.7538281679153442,2
4_encoder_matrix,LFP,tcn__rtdl_resnet,11,2,1.3401844501495361,2
4_encoder_matrix,LFP,tcn__rtdl_resnet,12,2,0.6629222631454468,2
4_encoder_matrix,LFP,tcn__rtdl_resnet,18,2,2.0911436080932617,2
4_encoder_matrix,LFP,tcn__rtdl_resnet,25,2,0.9464482665061951,2
4_encoder_matrix,LFP,tcn__rtdl_resnet,30,2,1.057546854019165,2
4_encoder_matrix,LFP,tcn__rtdl_resnet,32,2,1.8624848127365112,2
4_encoder_matrix,LFP,tcn__rtdl_resnet,33,2,2.655641555786133,2
4_encoder_matrix,LFP,tcn__rtdl_resnet,36,2,1.1424542665481567,2
4_encoder_matrix,LFP,tcn__rtdl_resnet,39,2,0.9537886381149292,2
4_encoder_matrix,LFP,tcn__rtdl_resnet,41,2,0.8889309167861938,2
4_encoder_matrix,LFP,tcn__rtdl_resnet,42,2,1.2197304964065552,2
4_encoder_matrix,LFP,tcn__rtdl_resnet,61,2,1.0657418966293335,2
4_encoder_matrix,LFP,tcn__rtdl_resnet,2,0,1.6448688507080078,3
4_encoder_matrix,LFP,tcn__rtdl_resnet,8,0,0.6140611171722412,3
4_encoder_matrix,LFP,tcn__rtdl_resnet,13,0,0.9029533267021179,3
4_encoder_matrix,LFP,tcn__rtdl_resnet,21,0,0.9565733075141907,3
4_encoder_matrix,LFP,tcn__rtdl_resnet,24,0,0.7275335192680359,3
4_encoder_matrix,LFP,tcn__rtdl_resnet,37,0,1.9439133405685425,3
4_encoder_matrix,LFP,tcn__rtdl_resnet,40,0,0.8188745379447937,3
4_encoder_matrix,LFP,tcn__rtdl_resnet,43,0,0.822221040725708,3
4_encoder_matrix,LFP,tcn__rtdl_resnet,49,0,1.4173760414123535,3
4_encoder_matrix,LFP,tcn__rtdl_resnet,50,0,1.6099849939346313,3
4_encoder_matrix,LFP,tcn__rtdl_resnet,51,0,2.0786824226379395,3
4_encoder_matrix,LFP,tcn__rtdl_resnet,54,0,0.7590106129646301,3
4_encoder_matrix,LFP,tcn__rtdl_resnet,59,0,1.5200867652893066,3
4_encoder_matrix,LFP,tcn__rtdl_resnet,2,1,1.574865698814392,3
4_encoder_matrix,LFP,tcn__rtdl_resnet,8,1,0.7958618402481079,3
4_encoder_matrix,LFP,tcn__rtdl_resnet,13,1,0.9725328683853149,3
4_encoder_matrix,LFP,tcn__rtdl_resnet,21,1,1.1084747314453125,3
4_encoder_matrix,LFP,tcn__rtdl_resnet,24,1,0.9219658374786377,3
4_encoder_matrix,LFP,tcn__rtdl_resnet,37,1,1.950477123260498,3
4_encoder_matrix,LFP,tcn__rtdl_resnet,40,1,0.9841809272766113,3
4_encoder_matrix,LFP,tcn__rtdl_resnet,43,1,1.0703811645507812,3
4_encoder_matrix,LFP,tcn__rtdl_resnet,49,1,1.478905200958252,3
4_encoder_matrix,LFP,tcn__rtdl_resnet,50,1,1.7426689863204956,3
4_encoder_matrix,LFP,tcn__rtdl_resnet,51,1,2.213228702545166,3
4_encoder_matrix,LFP,tcn__rtdl_resnet,54,1,0.9717283248901367,3
4_encoder_matrix,LFP,tcn__rtdl_resnet,59,1,1.6692982912063599,3
4_encoder_matrix,LFP,tcn__rtdl_resnet,2,2,1.6584590673446655,3
4_encoder_matrix,LFP,tcn__rtdl_resnet,8,2,0.7427359819412231,3
4_encoder_matrix,LFP,tcn__rtdl_resnet,13,2,1.0037853717803955,3
4_encoder_matrix,LFP,tcn__rtdl_resnet,21,2,1.0140583515167236,3
4_encoder_matrix,LFP,tcn__rtdl_resnet,24,2,0.7559050917625427,3
4_encoder_matrix,LFP,tcn__rtdl_resnet,37,2,1.893336296081543,3
4_encoder_matrix,LFP,tcn__rtdl_resnet,40,2,0.8192040324211121,3
4_encoder_matrix,LFP,tcn__rtdl_resnet,43,2,1.0141997337341309,3
4_encoder_matrix,LFP,tcn__rtdl_resnet,49,2,1.336427927017212,3
4_encoder_matrix,LFP,tcn__rtdl_resnet,50,2,1.8185551166534424,3
4_encoder_matrix,LFP,tcn__rtdl_resnet,51,2,2.1847727298736572,3
4_encoder_matrix,LFP,tcn__rtdl_resnet,54,2,0.8472893238067627,3
4_encoder_matrix,LFP,tcn__rtdl_resnet,59,2,1.6741766929626465,3
4_encoder_matrix,LFP,tcn__rtdl_resnet,3,0,3.990861415863037,4
4_encoder_matrix,LFP,tcn__rtdl_resnet,4,0,1.4002952575683594,4
4_encoder_matrix,LFP,tcn__rtdl_resnet,10,0,1.5611439943313599,4
4_encoder_matrix,LFP,tcn__rtdl_resnet,14,0,2.6614575386047363,4
4_encoder_matrix,LFP,tcn__rtdl_resnet,15,0,3.102294445037842,4
4_encoder_matrix,LFP,tcn__rtdl_resnet,16,0,2.672511100769043,4
4_encoder_matrix,LFP,tcn__rtdl_resnet,35,0,2.149538040161133,4
4_encoder_matrix,LFP,tcn__rtdl_resnet,38,0,0.9263419508934021,4
4_encoder_matrix,LFP,tcn__rtdl_resnet,45,0,1.4663970470428467,4
4_encoder_matrix,LFP,tcn__rtdl_resnet,47,0,1.3254133462905884,4
4_encoder_matrix,LFP,tcn__rtdl_resnet,55,0,2.2670822143554688,4
4_encoder_matrix,LFP,tcn__rtdl_resnet,64,0,0.6636770367622375,4
4_encoder_matrix,LFP,tcn__rtdl_resnet,3,1,3.893040418624878,4
4_encoder_matrix,LFP,tcn__rtdl_resnet,4,1,1.2791330814361572,4
4_encoder_matrix,LFP,tcn__rtdl_resnet,10,1,1.4825403690338135,4
4_encoder_matrix,LFP,tcn__rtdl_resnet,14,1,2.5339114665985107,4
4_encoder_matrix,LFP,tcn__rtdl_resnet,15,1,3.0434482097625732,4
4_encoder_matrix,LFP,tcn__rtdl_resnet,16,1,2.7843940258026123,4
4_encoder_matrix,LFP,tcn__rtdl_resnet,35,1,2.0885751247406006,4
4_encoder_matrix,LFP,tcn__rtdl_resnet,38,1,1.1066333055496216,4
4_encoder_matrix,LFP,tcn__rtdl_resnet,45,1,1.7013494968414307,4
4_encoder_matrix,LFP,tcn__rtdl_resnet,47,1,1.4301650524139404,4
4_encoder_matrix,LFP,tcn__rtdl_resnet,55,1,2.3285841941833496,4
4_encoder_matrix,LFP,tcn__rtdl_resnet,64,1,1.0256590843200684,4
4_encoder_matrix,LFP,tcn__rtdl_resnet,3,2,3.478834629058838,4
4_encoder_matrix,LFP,tcn__rtdl_resnet,4,2,1.3389819860458374,4
4_encoder_matrix,LFP,tcn__rtdl_resnet,10,2,1.6811128854751587,4
4_encoder_matrix,LFP,tcn__rtdl_resnet,14,2,2.488703727722168,4
4_encoder_matrix,LFP,tcn__rtdl_resnet,15,2,3.007697582244873,4
4_encoder_matrix,LFP,tcn__rtdl_resnet,16,2,2.527132511138916,4
4_encoder_matrix,LFP,tcn__rtdl_resnet,35,2,2.1532955169677734,4
4_encoder_matrix,LFP,tcn__rtdl_resnet,38,2,0.8526419401168823,4
4_encoder_matrix,LFP,tcn__rtdl_resnet,45,2,1.3018351793289185,4
4_encoder_matrix,LFP,tcn__rtdl_resnet,47,2,1.2116198539733887,4
4_encoder_matrix,LFP,tcn__rtdl_resnet,55,2,1.9451369047164917,4
4_encoder_matrix,LFP,tcn__rtdl_resnet,64,2,0.7283141613006592,4
4_encoder_matrix,LFP,tcn__rtdl_ft_transformer,7,0,1.0803990364074707,0
4_encoder_matrix,LFP,tcn__rtdl_ft_transformer,9,0,1.0886905193328857,0
4_encoder_matrix,LFP,tcn__rtdl_ft_transformer,19,0,2.7368032932281494,0
4_encoder_matrix,LFP,tcn__rtdl_ft_transformer,20,0,0.9383752942085266,0
4_encoder_matrix,LFP,tcn__rtdl_ft_transformer,26,0,0.7224662899971008,0
4_encoder_matrix,LFP,tcn__rtdl_ft_transformer,29,0,1.3460781574249268,0
4_encoder_matrix,LFP,tcn__rtdl_ft_transformer,31,0,1.8376325368881226,0
4_encoder_matrix,LFP,tcn__rtdl_ft_transformer,44,0,1.7073075771331787,0
4_encoder_matrix,LFP,tcn__rtdl_ft_transformer,46,0,2.876600503921509,0
4_encoder_matrix,LFP,tcn__rtdl_ft_transformer,48,0,1.8888556957244873,0
4_encoder_matrix,LFP,tcn__rtdl_ft_transformer,56,0,0.8322449326515198,0
4_encoder_matrix,LFP,tcn__rtdl_ft_transformer,63,0,0.8503447771072388,0
4_encoder_matrix,LFP,tcn__rtdl_ft_transformer,65,0,1.753697156906128,0
4_encoder_matrix,LFP,tcn__rtdl_ft_transformer,7,1,1.2379150390625,0
4_encoder_matrix,LFP,tcn__rtdl_ft_transformer,9,1,0.8436077237129211,0
4_encoder_matrix,LFP,tcn__rtdl_ft_transformer,19,1,2.8103020191192627,0
4_encoder_matrix,LFP,tcn__rtdl_ft_transformer,20,1,1.1513702869415283,0
4_encoder_matrix,LFP,tcn__rtdl_ft_transformer,26,1,0.8145002722740173,0
4_encoder_matrix,LFP,tcn__rtdl_ft_transformer,29,1,0.8924142122268677,0
4_encoder_matrix,LFP,tcn__rtdl_ft_transformer,31,1,1.1416704654693604,0
4_encoder_matrix,LFP,tcn__rtdl_ft_transformer,44,1,1.6936532258987427,0
4_encoder_matrix,LFP,tcn__rtdl_ft_transformer,46,1,2.8621912002563477,0
4_encoder_matrix,LFP,tcn__rtdl_ft_transformer,48,1,1.9170465469360352,0
4_encoder_matrix,LFP,tcn__rtdl_ft_transformer,56,1,0.9241147041320801,0
4_encoder_matrix,LFP,tcn__rtdl_ft_transformer,63,1,0.9321320056915283,0
4_encoder_matrix,LFP,tcn__rtdl_ft_transformer,65,1,1.8010058403015137,0
4_encoder_matrix,LFP,tcn__rtdl_ft_transformer,7,2,1.1952847242355347,0
4_encoder_matrix,LFP,tcn__rtdl_ft_transformer,9,2,0.7732954621315002,0
4_encoder_matrix,LFP,tcn__rtdl_ft_transformer,19,2,2.706787347793579,0
4_encoder_matrix,LFP,tcn__rtdl_ft_transformer,20,2,1.1569838523864746,0
4_encoder_matrix,LFP,tcn__rtdl_ft_transformer,26,2,0.7906126976013184,0
4_encoder_matrix,LFP,tcn__rtdl_ft_transformer,29,2,0.8363317251205444,0
4_encoder_matrix,LFP,tcn__rtdl_ft_transformer,31,2,1.1408064365386963,0
4_encoder_matrix,LFP,tcn__rtdl_ft_transformer,44,2,1.6156234741210938,0
4_encoder_matrix,LFP,tcn__rtdl_ft_transformer,46,2,2.684541702270508,0
4_encoder_matrix,LFP,tcn__rtdl_ft_transformer,48,2,1.7524458169937134,0
4_encoder_matrix,LFP,tcn__rtdl_ft_transformer,56,2,0.8960505127906799,0
4_encoder_matrix,LFP,tcn__rtdl_ft_transformer,63,2,1.068393588066101,0
4_encoder_matrix,LFP,tcn__rtdl_ft_transformer,65,2,1.7751489877700806,0
4_encoder_matrix,LFP,tcn__rtdl_ft_transformer,6,0,1.1031330823898315,1
4_encoder_matrix,LFP,tcn__rtdl_ft_transformer,17,0,2.4320149421691895,1
4_encoder_matrix,LFP,tcn__rtdl_ft_transformer,22,0,1.1156351566314697,1
4_encoder_matrix,LFP,tcn__rtdl_ft_transformer,23,0,0.9817443490028381,1
4_encoder_matrix,LFP,tcn__rtdl_ft_transformer,27,0,0.7627813220024109,1
4_encoder_matrix,LFP,tcn__rtdl_ft_transformer,28,0,1.4853335618972778,1
4_encoder_matrix,LFP,tcn__rtdl_ft_transformer,34,0,1.8436030149459839,1
4_encoder_matrix,LFP,tcn__rtdl_ft_transformer,52,0,1.6547998189926147,1
4_encoder_matrix,LFP,tcn__rtdl_ft_transformer,53,0,1.4472122192382812,1
4_encoder_matrix,LFP,tcn__rtdl_ft_transformer,57,0,2.053091049194336,1
4_encoder_matrix,LFP,tcn__rtdl_ft_transformer,58,0,1.6732393503189087,1
4_encoder_matrix,LFP,tcn__rtdl_ft_transformer,60,0,1.1726603507995605,1
4_encoder_matrix,LFP,tcn__rtdl_ft_transformer,62,0,1.0281161069869995,1
4_encoder_matrix,LFP,tcn__rtdl_ft_transformer,6,1,1.2302151918411255,1
4_encoder_matrix,LFP,tcn__rtdl_ft_transformer,17,1,2.8801429271698,1
4_encoder_matrix,LFP,tcn__rtdl_ft_transformer,22,1,1.002705693244934,1
4_encoder_matrix,LFP,tcn__rtdl_ft_transformer,23,1,0.900649905204773,1
4_encoder_matrix,LFP,tcn__rtdl_ft_transformer,27,1,0.7823948860168457,1
4_encoder_matrix,LFP,tcn__rtdl_ft_transformer,28,1,1.3133976459503174,1
4_encoder_matrix,LFP,tcn__rtdl_ft_transformer,34,1,2.0169765949249268,1
4_encoder_matrix,LFP,tcn__rtdl_ft_transformer,52,1,1.4465826749801636,1
4_encoder_matrix,LFP,tcn__rtdl_ft_transformer,53,1,1.4186210632324219,1
4_encoder_matrix,LFP,tcn__rtdl_ft_transformer,57,1,2.3607542514801025,1
4_encoder_matrix,LFP,tcn__rtdl_ft_transformer,58,1,1.890743613243103,1
4_encoder_matrix,LFP,tcn__rtdl_ft_transformer,60,1,1.184783697128296,1
4_encoder_matrix,LFP,tcn__rtdl_ft_transformer,62,1,1.0025761127471924,1
4_encoder_matrix,LFP,tcn__rtdl_ft_transformer,6,2,1.2240631580352783,1
4_encoder_matrix,LFP,tcn__rtdl_ft_transformer,17,2,2.693413019180298,1
4_encoder_matrix,LFP,tcn__rtdl_ft_transformer,22,2,0.9786221385002136,1
4_encoder_matrix,LFP,tcn__rtdl_ft_transformer,23,2,0.8913540840148926,1
4_encoder_matrix,LFP,tcn__rtdl_ft_transformer,27,2,0.6663696765899658,1
4_encoder_matrix,LFP,tcn__rtdl_ft_transformer,28,2,1.4831109046936035,1
4_encoder_matrix,LFP,tcn__rtdl_ft_transformer,34,2,1.9374858140945435,1
4_encoder_matrix,LFP,tcn__rtdl_ft_transformer,52,2,1.6591352224349976,1
4_encoder_matrix,LFP,tcn__rtdl_ft_transformer,53,2,1.3516427278518677,1
4_encoder_matrix,LFP,tcn__rtdl_ft_transformer,57,2,2.02925968170166,1
4_encoder_matrix,LFP,tcn__rtdl_ft_transformer,58,2,1.6160513162612915,1
4_encoder_matrix,LFP,tcn__rtdl_ft_transformer,60,2,1.1385074853897095,1
4_encoder_matrix,LFP,tcn__rtdl_ft_transformer,62,2,0.8284706473350525,1
4_encoder_matrix,LFP,tcn__rtdl_ft_transformer,5,0,2.1253037452697754,2
4_encoder_matrix,LFP,tcn__rtdl_ft_transformer,11,0,1.4767996072769165,2
4_encoder_matrix,LFP,tcn__rtdl_ft_transformer,12,0,0.904217541217804,2
4_encoder_matrix,LFP,tcn__rtdl_ft_transformer,18,0,2.737466335296631,2
4_encoder_matrix,LFP,tcn__rtdl_ft_transformer,25,0,0.9179967641830444,2
4_encoder_matrix,LFP,tcn__rtdl_ft_transformer,30,0,1.0885307788848877,2
4_encoder_matrix,LFP,tcn__rtdl_ft_transformer,32,0,2.262526273727417,2
4_encoder_matrix,LFP,tcn__rtdl_ft_transformer,33,0,2.9826602935791016,2
4_encoder_matrix,LFP,tcn__rtdl_ft_transformer,36,0,1.663923978805542,2
4_encoder_matrix,LFP,tcn__rtdl_ft_transformer,39,0,0.9308750629425049,2
4_encoder_matrix,LFP,tcn__rtdl_ft_transformer,41,0,1.001881718635559,2
4_encoder_matrix,LFP,tcn__rtdl_ft_transformer,42,0,1.266107201576233,2
4_encoder_matrix,LFP,tcn__rtdl_ft_transformer,61,0,1.0767431259155273,2
4_encoder_matrix,LFP,tcn__rtdl_ft_transformer,5,1,2.145256996154785,2
4_encoder_matrix,LFP,tcn__rtdl_ft_transformer,11,1,1.4369169473648071,2
4_encoder_matrix,LFP,tcn__rtdl_ft_transformer,12,1,0.7821832895278931,2
4_encoder_matrix,LFP,tcn__rtdl_ft_transformer,18,1,2.889613389968872,2
4_encoder_matrix,LFP,tcn__rtdl_ft_transformer,25,1,0.942365825176239,2
4_encoder_matrix,LFP,tcn__rtdl_ft_transformer,30,1,1.156647801399231,2
4_encoder_matrix,LFP,tcn__rtdl_ft_transformer,32,1,2.2514162063598633,2
4_encoder_matrix,LFP,tcn__rtdl_ft_transformer,33,1,2.8983263969421387,2
4_encoder_matrix,LFP,tcn__rtdl_ft_transformer,36,1,1.5987322330474854,2
4_encoder_matrix,LFP,tcn__rtdl_ft_transformer,39,1,0.9317320585250854,2
4_encoder_matrix,LFP,tcn__rtdl_ft_transformer,41,1,0.9255589842796326,2
4_encoder_matrix,LFP,tcn__rtdl_ft_transformer,42,1,1.1782442331314087,2
4_encoder_matrix,LFP,tcn__rtdl_ft_transformer,61,1,1.178968906402588,2
4_encoder_matrix,LFP,tcn__rtdl_ft_transformer,5,2,2.035640001296997,2
4_encoder_matrix,LFP,tcn__rtdl_ft_transformer,11,2,1.3647428750991821,2
4_encoder_matrix,LFP,tcn__rtdl_ft_transformer,12,2,0.7072353363037109,2
4_encoder_matrix,LFP,tcn__rtdl_ft_transformer,18,2,2.7774698734283447,2
4_encoder_matrix,LFP,tcn__rtdl_ft_transformer,25,2,1.015987753868103,2
4_encoder_matrix,LFP,tcn__rtdl_ft_transformer,30,2,1.1929062604904175,2
4_encoder_matrix,LFP,tcn__rtdl_ft_transformer,32,2,2.216590404510498,2
4_encoder_matrix,LFP,tcn__rtdl_ft_transformer,33,2,2.8483517169952393,2
4_encoder_matrix,LFP,tcn__rtdl_ft_transformer,36,2,1.5862773656845093,2
4_encoder_matrix,LFP,tcn__rtdl_ft_transformer,39,2,1.013820767402649,2
4_encoder_matrix,LFP,tcn__rtdl_ft_transformer,41,2,0.9408371448516846,2
4_encoder_matrix,LFP,tcn__rtdl_ft_transformer,42,2,1.2038564682006836,2
4_encoder_matrix,LFP,tcn__rtdl_ft_transformer,61,2,1.266910195350647,2
4_encoder_matrix,LFP,tcn__rtdl_ft_transformer,2,0,1.6223130226135254,3
4_encoder_matrix,LFP,tcn__rtdl_ft_transformer,8,0,0.8223648071289062,3
4_encoder_matrix,LFP,tcn__rtdl_ft_transformer,13,0,0.9717318415641785,3
4_encoder_matrix,LFP,tcn__rtdl_ft_transformer,21,0,1.0915616750717163,3
4_encoder_matrix,LFP,tcn__rtdl_ft_transformer,24,0,1.0222265720367432,3
4_encoder_matrix,LFP,tcn__rtdl_ft_transformer,37,0,2.224306583404541,3
4_encoder_matrix,LFP,tcn__rtdl_ft_transformer,40,0,1.0267643928527832,3
4_encoder_matrix,LFP,tcn__rtdl_ft_transformer,43,0,1.038315773010254,3
4_encoder_matrix,LFP,tcn__rtdl_ft_transformer,49,0,1.579991340637207,3
4_encoder_matrix,LFP,tcn__rtdl_ft_transformer,50,0,1.6427483558654785,3
4_encoder_matrix,LFP,tcn__rtdl_ft_transformer,51,0,2.152949810028076,3
4_encoder_matrix,LFP,tcn__rtdl_ft_transformer,54,0,1.1025944948196411,3
4_encoder_matrix,LFP,tcn__rtdl_ft_transformer,59,0,1.6268881559371948,3
4_encoder_matrix,LFP,tcn__rtdl_ft_transformer,2,1,1.6891744136810303,3
4_encoder_matrix,LFP,tcn__rtdl_ft_transformer,8,1,0.9226595759391785,3
4_encoder_matrix,LFP,tcn__rtdl_ft_transformer,13,1,1.0843615531921387,3
4_encoder_matrix,LFP,tcn__rtdl_ft_transformer,21,1,1.2504591941833496,3
4_encoder_matrix,LFP,tcn__rtdl_ft_transformer,24,1,1.1150206327438354,3
4_encoder_matrix,LFP,tcn__rtdl_ft_transformer,37,1,2.2758803367614746,3
4_encoder_matrix,LFP,tcn__rtdl_ft_transformer,40,1,1.1748636960983276,3
4_encoder_matrix,LFP,tcn__rtdl_ft_transformer,43,1,1.1575167179107666,3
4_encoder_matrix,LFP,tcn__rtdl_ft_transformer,49,1,1.7576572895050049,3
4_encoder_matrix,LFP,tcn__rtdl_ft_transformer,50,1,1.7489582300186157,3
4_encoder_matrix,LFP,tcn__rtdl_ft_transformer,51,1,2.17789888381958,3
4_encoder_matrix,LFP,tcn__rtdl_ft_transformer,54,1,1.1830568313598633,3
4_encoder_matrix,LFP,tcn__rtdl_ft_transformer,59,1,1.8219512701034546,3
4_encoder_matrix,LFP,tcn__rtdl_ft_transformer,2,2,2.0685901641845703,3
4_encoder_matrix,LFP,tcn__rtdl_ft_transformer,8,2,1.1628756523132324,3
4_encoder_matrix,LFP,tcn__rtdl_ft_transformer,13,2,1.3126024007797241,3
4_encoder_matrix,LFP,tcn__rtdl_ft_transformer,21,2,1.0842784643173218,3
4_encoder_matrix,LFP,tcn__rtdl_ft_transformer,24,2,0.9889063835144043,3
4_encoder_matrix,LFP,tcn__rtdl_ft_transformer,37,2,2.4510483741760254,3
4_encoder_matrix,LFP,tcn__rtdl_ft_transformer,40,2,1.0209211111068726,3
4_encoder_matrix,LFP,tcn__rtdl_ft_transformer,43,2,1.0531867742538452,3
4_encoder_matrix,LFP,tcn__rtdl_ft_transformer,49,2,1.579860806465149,3
4_encoder_matrix,LFP,tcn__rtdl_ft_transformer,50,2,1.8643081188201904,3
4_encoder_matrix,LFP,tcn__rtdl_ft_transformer,51,2,2.2811663150787354,3
4_encoder_matrix,LFP,tcn__rtdl_ft_transformer,54,2,1.1961580514907837,3
4_encoder_matrix,LFP,tcn__rtdl_ft_transformer,59,2,1.7358951568603516,3
4_encoder_matrix,LFP,tcn__rtdl_ft_transformer,3,0,4.419114112854004,4
4_encoder_matrix,LFP,tcn__rtdl_ft_transformer,4,0,1.4271668195724487,4
4_encoder_matrix,LFP,tcn__rtdl_ft_transformer,10,0,1.6087160110473633,4
4_encoder_matrix,LFP,tcn__rtdl_ft_transformer,14,0,2.5960702896118164,4
4_encoder_matrix,LFP,tcn__rtdl_ft_transformer,15,0,3.035590887069702,4
4_encoder_matrix,LFP,tcn__rtdl_ft_transformer,16,0,2.599348306655884,4
4_encoder_matrix,LFP,tcn__rtdl_ft_transformer,35,0,2.2005043029785156,4
4_encoder_matrix,LFP,tcn__rtdl_ft_transformer,38,0,0.9754781126976013,4
4_encoder_matrix,LFP,tcn__rtdl_ft_transformer,45,0,1.5523545742034912,4
4_encoder_matrix,LFP,tcn__rtdl_ft_transformer,47,0,1.4583944082260132,4
4_encoder_matrix,LFP,tcn__rtdl_ft_transformer,55,0,2.345158576965332,4
4_encoder_matrix,LFP,tcn__rtdl_ft_transformer,64,0,0.8237667083740234,4
4_encoder_matrix,LFP,tcn__rtdl_ft_transformer,3,1,3.1241369247436523,4
4_encoder_matrix,LFP,tcn__rtdl_ft_transformer,4,1,1.6042001247406006,4
4_encoder_matrix,LFP,tcn__rtdl_ft_transformer,10,1,1.8011301755905151,4
4_encoder_matrix,LFP,tcn__rtdl_ft_transformer,14,1,2.9268109798431396,4
4_encoder_matrix,LFP,tcn__rtdl_ft_transformer,15,1,3.4915947914123535,4
4_encoder_matrix,LFP,tcn__rtdl_ft_transformer,16,1,3.1086959838867188,4
4_encoder_matrix,LFP,tcn__rtdl_ft_transformer,35,1,2.5029971599578857,4
4_encoder_matrix,LFP,tcn__rtdl_ft_transformer,38,1,1.0562753677368164,4
4_encoder_matrix,LFP,tcn__rtdl_ft_transformer,45,1,1.519525408744812,4
4_encoder_matrix,LFP,tcn__rtdl_ft_transformer,47,1,1.3344050645828247,4
4_encoder_matrix,LFP,tcn__rtdl_ft_transformer,55,1,1.6910619735717773,4
4_encoder_matrix,LFP,tcn__rtdl_ft_transformer,64,1,1.1479474306106567,4
4_encoder_matrix,LFP,tcn__rtdl_ft_transformer,3,2,3.3291728496551514,4
4_encoder_matrix,LFP,tcn__rtdl_ft_transformer,4,2,1.4984720945358276,4
4_encoder_matrix,LFP,tcn__rtdl_ft_transformer,10,2,1.7804819345474243,4
4_encoder_matrix,LFP,tcn__rtdl_ft_transformer,14,2,2.540754556655884,4
4_encoder_matrix,LFP,tcn__rtdl_ft_transformer,15,2,3.2123303413391113,4
4_encoder_matrix,LFP,tcn__rtdl_ft_transformer,16,2,2.762523889541626,4
4_encoder_matrix,LFP,tcn__rtdl_ft_transformer,35,2,2.2821385860443115,4
4_encoder_matrix,LFP,tcn__rtdl_ft_transformer,38,2,1.1207849979400635,4
4_encoder_matrix,LFP,tcn__rtdl_ft_transformer,45,2,1.5831847190856934,4
4_encoder_matrix,LFP,tcn__rtdl_ft_transformer,47,2,1.3140569925308228,4
4_encoder_matrix,LFP,tcn__rtdl_ft_transformer,55,2,2.0165624618530273,4
4_encoder_matrix,LFP,tcn__rtdl_ft_transformer,64,2,1.120900273323059,4
4_encoder_matrix,LFP,transformer__current_mlp,7,0,1.0511490106582642,0
4_encoder_matrix,LFP,transformer__current_mlp,9,0,0.8471172451972961,0
4_encoder_matrix,LFP,transformer__current_mlp,19,0,2.4926347732543945,0
4_encoder_matrix,LFP,transformer__current_mlp,20,0,1.1338090896606445,0
4_encoder_matrix,LFP,transformer__current_mlp,26,0,0.9816623330116272,0
4_encoder_matrix,LFP,transformer__current_mlp,29,0,1.238113522529602,0
4_encoder_matrix,LFP,transformer__current_mlp,31,0,1.339720606803894,0
4_encoder_matrix,LFP,transformer__current_mlp,44,0,1.5338596105575562,0
4_encoder_matrix,LFP,transformer__current_mlp,46,0,2.610700845718384,0
4_encoder_matrix,LFP,transformer__current_mlp,48,0,1.674039602279663,0
4_encoder_matrix,LFP,transformer__current_mlp,56,0,0.7835561037063599,0
4_encoder_matrix,LFP,transformer__current_mlp,63,0,0.9275289177894592,0
4_encoder_matrix,LFP,transformer__current_mlp,65,0,1.5843454599380493,0
4_encoder_matrix,LFP,transformer__current_mlp,7,1,1.149675965309143,0
4_encoder_matrix,LFP,transformer__current_mlp,9,1,0.7176539301872253,0
4_encoder_matrix,LFP,transformer__current_mlp,19,1,2.2951931953430176,0
4_encoder_matrix,LFP,transformer__current_mlp,20,1,1.161106824874878,0
4_encoder_matrix,LFP,transformer__current_mlp,26,1,0.8228177428245544,0
4_encoder_matrix,LFP,transformer__current_mlp,29,1,1.0385429859161377,0
4_encoder_matrix,LFP,transformer__current_mlp,31,1,1.2025740146636963,0
4_encoder_matrix,LFP,transformer__current_mlp,44,1,1.4765008687973022,0
4_encoder_matrix,LFP,transformer__current_mlp,46,1,2.543473243713379,0
4_encoder_matrix,LFP,transformer__current_mlp,48,1,1.6456212997436523,0
4_encoder_matrix,LFP,transformer__current_mlp,56,1,0.740566074848175,0
4_encoder_matrix,LFP,transformer__current_mlp,63,1,0.9739665985107422,0
4_encoder_matrix,LFP,transformer__current_mlp,65,1,1.5791953802108765,0
4_encoder_matrix,LFP,transformer__current_mlp,7,2,1.2798627614974976,0
4_encoder_matrix,LFP,transformer__current_mlp,9,2,0.6715734601020813,0
4_encoder_matrix,LFP,transformer__current_mlp,19,2,2.445183753967285,0
4_encoder_matrix,LFP,transformer__current_mlp,20,2,1.2464524507522583,0
4_encoder_matrix,LFP,transformer__current_mlp,26,2,0.8995165228843689,0
4_encoder_matrix,LFP,transformer__current_mlp,29,2,1.0764882564544678,0
4_encoder_matrix,LFP,transformer__current_mlp,31,2,1.2713205814361572,0
4_encoder_matrix,LFP,transformer__current_mlp,44,2,1.3866407871246338,0
4_encoder_matrix,LFP,transformer__current_mlp,46,2,2.4131455421447754,0
4_encoder_matrix,LFP,transformer__current_mlp,48,2,1.5097681283950806,0
4_encoder_matrix,LFP,transformer__current_mlp,56,2,0.798237144947052,0
4_encoder_matrix,LFP,transformer__current_mlp,63,2,0.9032995104789734,0
4_encoder_matrix,LFP,transformer__current_mlp,65,2,1.2960281372070312,0
4_encoder_matrix,LFP,transformer__current_mlp,6,0,1.1034270524978638,1
4_encoder_matrix,LFP,transformer__current_mlp,17,0,2.3803458213806152,1
4_encoder_matrix,LFP,transformer__current_mlp,22,0,0.9737999439239502,1
4_encoder_matrix,LFP,transformer__current_mlp,23,0,0.9334509372711182,1
4_encoder_matrix,LFP,transformer__current_mlp,27,0,0.6473332643508911,1
4_encoder_matrix,LFP,transformer__current_mlp,28,0,1.4670718908309937,1
4_encoder_matrix,LFP,transformer__current_mlp,34,0,1.6621780395507812,1
4_encoder_matrix,LFP,transformer__current_mlp,52,0,1.3566429615020752,1
4_encoder_matrix,LFP,transformer__current_mlp,53,0,1.336045503616333,1
4_encoder_matrix,LFP,transformer__current_mlp,57,0,1.7588779926300049,1
4_encoder_matrix,LFP,transformer__current_mlp,58,0,1.3805253505706787,1
4_encoder_matrix,LFP,transformer__current_mlp,60,0,1.006367802619934,1
4_encoder_matrix,LFP,transformer__current_mlp,62,0,1.012183427810669,1
4_encoder_matrix,LFP,transformer__current_mlp,6,1,1.062959909439087,1
4_encoder_matrix,LFP,transformer__current_mlp,17,1,2.2243213653564453,1
4_encoder_matrix,LFP,transformer__current_mlp,22,1,1.100464940071106,1
4_encoder_matrix,LFP,transformer__current_mlp,23,1,1.1109037399291992,1
4_encoder_matrix,LFP,transformer__current_mlp,27,1,0.9398078918457031,1
4_encoder_matrix,LFP,transformer__current_mlp,28,1,1.14569091796875,1
4_encoder_matrix,LFP,transformer__current_mlp,34,1,1.7916561365127563,1
4_encoder_matrix,LFP,transformer__current_mlp,52,1,0.7873292565345764,1
4_encoder_matrix,LFP,transformer__current_mlp,53,1,1.7152471542358398,1
4_encoder_matrix,LFP,transformer__current_mlp,57,1,1.9968280792236328,1
4_encoder_matrix,LFP,transformer__current_mlp,58,1,1.661136269569397,1
4_encoder_matrix,LFP,transformer__current_mlp,60,1,1.0597683191299438,1
4_encoder_matrix,LFP,transformer__current_mlp,62,1,1.323014497756958,1
4_encoder_matrix,LFP,transformer__current_mlp,6,2,1.04514479637146,1
4_encoder_matrix,LFP,transformer__current_mlp,17,2,2.219428062438965,1
4_encoder_matrix,LFP,transformer__current_mlp,22,2,1.099874496459961,1
4_encoder_matrix,LFP,transformer__current_mlp,23,2,1.2163211107254028,1
4_encoder_matrix,LFP,transformer__current_mlp,27,2,1.0878632068634033,1
4_encoder_matrix,LFP,transformer__current_mlp,28,2,1.261268973350525,1
4_encoder_matrix,LFP,transformer__current_mlp,34,2,1.754497766494751,1
4_encoder_matrix,LFP,transformer__current_mlp,52,2,0.8379797339439392,1
4_encoder_matrix,LFP,transformer__current_mlp,53,2,1.7540358304977417,1
4_encoder_matrix,LFP,transformer__current_mlp,57,2,1.9961200952529907,1
4_encoder_matrix,LFP,transformer__current_mlp,58,2,1.678948998451233,1
4_encoder_matrix,LFP,transformer__current_mlp,60,2,1.1473278999328613,1
4_encoder_matrix,LFP,transformer__current_mlp,62,2,1.3597369194030762,1
4_encoder_matrix,LFP,transformer__current_mlp,5,0,1.7068259716033936,2
4_encoder_matrix,LFP,transformer__current_mlp,11,0,1.1123954057693481,2
4_encoder_matrix,LFP,transformer__current_mlp,12,0,0.6086130738258362,2
4_encoder_matrix,LFP,transformer__current_mlp,18,0,2.0354390144348145,2
4_encoder_matrix,LFP,transformer__current_mlp,25,0,0.7878453135490417,2
4_encoder_matrix,LFP,transformer__current_mlp,30,0,1.453363060951233,2
4_encoder_matrix,LFP,transformer__current_mlp,32,0,1.6379832029342651,2
4_encoder_matrix,LFP,transformer__current_mlp,33,0,2.4602808952331543,2
4_encoder_matrix,LFP,transformer__current_mlp,36,0,1.061684250831604,2
4_encoder_matrix,LFP,transformer__current_mlp,39,0,0.874087929725647,2
4_encoder_matrix,LFP,transformer__current_mlp,41,0,0.8885270357131958,2
4_encoder_matrix,LFP,transformer__current_mlp,42,0,1.0922874212265015,2
4_encoder_matrix,LFP,transformer__current_mlp,61,0,0.7333912253379822,2
4_encoder_matrix,LFP,transformer__current_mlp,5,1,1.5069215297698975,2
4_encoder_matrix,LFP,transformer__current_mlp,11,1,1.0655937194824219,2
4_encoder_matrix,LFP,transformer__current_mlp,12,1,0.5953101515769958,2
4_encoder_matrix,LFP,transformer__current_mlp,18,1,1.7899309396743774,2
4_encoder_matrix,LFP,transformer__current_mlp,25,1,0.9433892965316772,2
4_encoder_matrix,LFP,transformer__current_mlp,30,1,1.4138679504394531,2
4_encoder_matrix,LFP,transformer__current_mlp,32,1,1.5723645687103271,2
4_encoder_matrix,LFP,transformer__current_mlp,33,1,2.406357526779175,2
4_encoder_matrix,LFP,transformer__current_mlp,36,1,0.8534533977508545,2
4_encoder_matrix,LFP,transformer__current_mlp,39,1,1.0278557538986206,2
4_encoder_matrix,LFP,transformer__current_mlp,41,1,1.0023010969161987,2
4_encoder_matrix,LFP,transformer__current_mlp,42,1,1.2451303005218506,2
4_encoder_matrix,LFP,transformer__current_mlp,61,1,0.8333588242530823,2
4_encoder_matrix,LFP,transformer__current_mlp,5,2,1.7825642824172974,2
4_encoder_matrix,LFP,transformer__current_mlp,11,2,1.248375415802002,2
4_encoder_matrix,LFP,transformer__current_mlp,12,2,0.5458946228027344,2
4_encoder_matrix,LFP,transformer__current_mlp,18,2,2.144779920578003,2
4_encoder_matrix,LFP,transformer__current_mlp,25,2,0.8736825585365295,2
4_encoder_matrix,LFP,transformer__current_mlp,30,2,1.334373950958252,2
4_encoder_matrix,LFP,transformer__current_mlp,32,2,1.8345472812652588,2
4_encoder_matrix,LFP,transformer__current_mlp,33,2,2.610830783843994,2
4_encoder_matrix,LFP,transformer__current_mlp,36,2,1.1659247875213623,2
4_encoder_matrix,LFP,transformer__current_mlp,39,2,0.8855674862861633,2
4_encoder_matrix,LFP,transformer__current_mlp,41,2,0.8543940782546997,2
4_encoder_matrix,LFP,transformer__current_mlp,42,2,1.091753363609314,2
4_encoder_matrix,LFP,transformer__current_mlp,61,2,0.8385688066482544,2
4_encoder_matrix,LFP,transformer__current_mlp,2,0,1.460456132888794,3
4_encoder_matrix,LFP,transformer__current_mlp,8,0,0.5377563834190369,3
4_encoder_matrix,LFP,transformer__current_mlp,13,0,0.858900785446167,3
4_encoder_matrix,LFP,transformer__current_mlp,21,0,0.9704356789588928,3
4_encoder_matrix,LFP,transformer__current_mlp,24,0,0.662729799747467,3
4_encoder_matrix,LFP,transformer__current_mlp,37,0,1.8176943063735962,3
4_encoder_matrix,LFP,transformer__current_mlp,40,0,0.8103846907615662,3
4_encoder_matrix,LFP,transformer__current_mlp,43,0,0.8384044170379639,3
4_encoder_matrix,LFP,transformer__current_mlp,49,0,1.45198392868042,3
4_encoder_matrix,LFP,transformer__current_mlp,50,0,1.6323224306106567,3
4_encoder_matrix,LFP,transformer__current_mlp,51,0,2.0871143341064453,3
4_encoder_matrix,LFP,transformer__current_mlp,54,0,0.7166247367858887,3
4_encoder_matrix,LFP,transformer__current_mlp,59,0,1.4680854082107544,3
4_encoder_matrix,LFP,transformer__current_mlp,2,1,1.50757896900177,3
4_encoder_matrix,LFP,transformer__current_mlp,8,1,0.6770931482315063,3
4_encoder_matrix,LFP,transformer__current_mlp,13,1,0.8558205962181091,3
4_encoder_matrix,LFP,transformer__current_mlp,21,1,1.0838088989257812,3
4_encoder_matrix,LFP,transformer__current_mlp,24,1,0.8450204730033875,3
4_encoder_matrix,LFP,transformer__current_mlp,37,1,1.7524888515472412,3
4_encoder_matrix,LFP,transformer__current_mlp,40,1,0.9283959269523621,3
4_encoder_matrix,LFP,transformer__current_mlp,43,1,0.9939287900924683,3
4_encoder_matrix,LFP,transformer__current_mlp,49,1,1.4909611940383911,3
4_encoder_matrix,LFP,transformer__current_mlp,50,1,1.6534911394119263,3
4_encoder_matrix,LFP,transformer__current_mlp,51,1,2.201653480529785,3
4_encoder_matrix,LFP,transformer__current_mlp,54,1,0.8183901906013489,3
4_encoder_matrix,LFP,transformer__current_mlp,59,1,1.5137382745742798,3
4_encoder_matrix,LFP,transformer__current_mlp,2,2,1.4935858249664307,3
4_encoder_matrix,LFP,transformer__current_mlp,8,2,0.5864109992980957,3
4_encoder_matrix,LFP,transformer__current_mlp,13,2,0.8483237028121948,3
4_encoder_matrix,LFP,transformer__current_mlp,21,2,1.0367087125778198,3
4_encoder_matrix,LFP,transformer__current_mlp,24,2,0.6901421546936035,3
4_encoder_matrix,LFP,transformer__current_mlp,37,2,1.943325400352478,3
4_encoder_matrix,LFP,transformer__current_mlp,40,2,0.8224722743034363,3
4_encoder_matrix,LFP,transformer__current_mlp,43,2,0.9195638298988342,3
4_encoder_matrix,LFP,transformer__current_mlp,49,2,1.4286513328552246,3
4_encoder_matrix,LFP,transformer__current_mlp,50,2,1.7824937105178833,3
4_encoder_matrix,LFP,transformer__current_mlp,51,2,2.1150543689727783,3
4_encoder_matrix,LFP,transformer__current_mlp,54,2,0.7812052965164185,3
4_encoder_matrix,LFP,transformer__current_mlp,59,2,1.5472251176834106,3
4_encoder_matrix,LFP,transformer__current_mlp,3,0,3.746884822845459,4
4_encoder_matrix,LFP,transformer__current_mlp,4,0,1.4210535287857056,4
4_encoder_matrix,LFP,transformer__current_mlp,10,0,1.678269863128662,4
4_encoder_matrix,LFP,transformer__current_mlp,14,0,2.4275615215301514,4
4_encoder_matrix,LFP,transformer__current_mlp,15,0,2.9208171367645264,4
4_encoder_matrix,LFP,transformer__current_mlp,16,0,2.39805006980896,4
4_encoder_matrix,LFP,transformer__current_mlp,35,0,2.1373002529144287,4
4_encoder_matrix,LFP,transformer__current_mlp,38,0,0.833716869354248,4
4_encoder_matrix,LFP,transformer__current_mlp,45,0,1.3479468822479248,4
4_encoder_matrix,LFP,transformer__current_mlp,47,0,1.229630947113037,4
4_encoder_matrix,LFP,transformer__current_mlp,55,0,1.7139803171157837,4
4_encoder_matrix,LFP,transformer__current_mlp,64,0,0.7486057281494141,4
4_encoder_matrix,LFP,transformer__current_mlp,3,1,3.411714792251587,4
4_encoder_matrix,LFP,transformer__current_mlp,4,1,1.4611635208129883,4
4_encoder_matrix,LFP,transformer__current_mlp,10,1,1.6280345916748047,4
4_encoder_matrix,LFP,transformer__current_mlp,14,1,2.371695041656494,4
4_encoder_matrix,LFP,transformer__current_mlp,15,1,2.963787317276001,4
4_encoder_matrix,LFP,transformer__current_mlp,16,1,2.4923062324523926,4
4_encoder_matrix,LFP,transformer__current_mlp,35,1,2.06746244430542,4
4_encoder_matrix,LFP,transformer__current_mlp,38,1,0.9611926078796387,4
4_encoder_matrix,LFP,transformer__current_mlp,45,1,1.5561035871505737,4
4_encoder_matrix,LFP,transformer__current_mlp,47,1,1.2823024988174438,4
4_encoder_matrix,LFP,transformer__current_mlp,55,1,1.6899938583374023,4
4_encoder_matrix,LFP,transformer__current_mlp,64,1,0.9620726704597473,4
4_encoder_matrix,LFP,transformer__current_mlp,3,2,3.0517194271087646,4
4_encoder_matrix,LFP,transformer__current_mlp,4,2,1.3545758724212646,4
4_encoder_matrix,LFP,transformer__current_mlp,10,2,1.6011862754821777,4
4_encoder_matrix,LFP,transformer__current_mlp,14,2,2.3745877742767334,4
4_encoder_matrix,LFP,transformer__current_mlp,15,2,3.040508508682251,4
4_encoder_matrix,LFP,transformer__current_mlp,16,2,2.4531402587890625,4
4_encoder_matrix,LFP,transformer__current_mlp,35,2,2.0291049480438232,4
4_encoder_matrix,LFP,transformer__current_mlp,38,2,0.7919273972511292,4
4_encoder_matrix,LFP,transformer__current_mlp,45,2,1.4496015310287476,4
4_encoder_matrix,LFP,transformer__current_mlp,47,2,1.248127818107605,4
4_encoder_matrix,LFP,transformer__current_mlp,55,2,1.4790838956832886,4
4_encoder_matrix,LFP,transformer__current_mlp,64,2,0.8717305660247803,4
4_encoder_matrix,LFP,transformer__rtdl_resnet,7,0,1.2625408172607422,0
4_encoder_matrix,LFP,transformer__rtdl_resnet,9,0,0.586047351360321,0
4_encoder_matrix,LFP,transformer__rtdl_resnet,19,0,2.334836483001709,0
4_encoder_matrix,LFP,transformer__rtdl_resnet,20,0,1.3025404214859009,0
4_encoder_matrix,LFP,transformer__rtdl_resnet,26,0,0.8119361996650696,0
4_encoder_matrix,LFP,transformer__rtdl_resnet,29,0,0.982560396194458,0
4_encoder_matrix,LFP,transformer__rtdl_resnet,31,0,1.2128432989120483,0
4_encoder_matrix,LFP,transformer__rtdl_resnet,44,0,1.424151062965393,0
4_encoder_matrix,LFP,transformer__rtdl_resnet,46,0,2.629488706588745,0
4_encoder_matrix,LFP,transformer__rtdl_resnet,48,0,1.5605512857437134,0
4_encoder_matrix,LFP,transformer__rtdl_resnet,56,0,0.8689975142478943,0
4_encoder_matrix,LFP,transformer__rtdl_resnet,63,0,0.8144064545631409,0
4_encoder_matrix,LFP,transformer__rtdl_resnet,65,0,1.5299789905548096,0
4_encoder_matrix,LFP,transformer__rtdl_resnet,7,1,1.148422360420227,0
4_encoder_matrix,LFP,transformer__rtdl_resnet,9,1,0.7202597260475159,0
4_encoder_matrix,LFP,transformer__rtdl_resnet,19,1,2.2235283851623535,0
4_encoder_matrix,LFP,transformer__rtdl_resnet,20,1,1.1973919868469238,0
4_encoder_matrix,LFP,transformer__rtdl_resnet,26,1,0.8131707310676575,0
4_encoder_matrix,LFP,transformer__rtdl_resnet,29,1,1.0248692035675049,0
4_encoder_matrix,LFP,transformer__rtdl_resnet,31,1,1.280660629272461,0
4_encoder_matrix,LFP,transformer__rtdl_resnet,44,1,1.6294091939926147,0
4_encoder_matrix,LFP,transformer__rtdl_resnet,46,1,2.6178364753723145,0
4_encoder_matrix,LFP,transformer__rtdl_resnet,48,1,1.8151768445968628,0
4_encoder_matrix,LFP,transformer__rtdl_resnet,56,1,0.7351025342941284,0
4_encoder_matrix,LFP,transformer__rtdl_resnet,63,1,0.9849175810813904,0
4_encoder_matrix,LFP,transformer__rtdl_resnet,65,1,1.639769196510315,0
4_encoder_matrix,LFP,transformer__rtdl_resnet,7,2,1.0621540546417236,0
4_encoder_matrix,LFP,transformer__rtdl_resnet,9,2,0.7044530510902405,0
4_encoder_matrix,LFP,transformer__rtdl_resnet,19,2,2.2369377613067627,0
4_encoder_matrix,LFP,transformer__rtdl_resnet,20,2,1.1251722574234009,0
4_encoder_matrix,LFP,transformer__rtdl_resnet,26,2,0.8261059522628784,0
4_encoder_matrix,LFP,transformer__rtdl_resnet,29,2,1.1614454984664917,0
4_encoder_matrix,LFP,transformer__rtdl_resnet,31,2,1.4183882474899292,0
4_encoder_matrix,LFP,transformer__rtdl_resnet,44,2,1.56998872756958,0
4_encoder_matrix,LFP,transformer__rtdl_resnet,46,2,2.7750041484832764,0
4_encoder_matrix,LFP,transformer__rtdl_resnet,48,2,1.726995825767517,0
4_encoder_matrix,LFP,transformer__rtdl_resnet,56,2,0.6074740886688232,0
4_encoder_matrix,LFP,transformer__rtdl_resnet,63,2,0.8670803308486938,0
4_encoder_matrix,LFP,transformer__rtdl_resnet,65,2,1.590832233428955,0
4_encoder_matrix,LFP,transformer__rtdl_resnet,6,0,1.3462597131729126,1
4_encoder_matrix,LFP,transformer__rtdl_resnet,17,0,2.6138663291931152,1
4_encoder_matrix,LFP,transformer__rtdl_resnet,22,0,0.9044148921966553,1
4_encoder_matrix,LFP,transformer__rtdl_resnet,23,0,1.036531686782837,1
4_encoder_matrix,LFP,transformer__rtdl_resnet,27,0,0.7644877433776855,1
4_encoder_matrix,LFP,transformer__rtdl_resnet,28,0,1.3779470920562744,1
4_encoder_matrix,LFP,transformer__rtdl_resnet,34,0,2.1660823822021484,1
4_encoder_matrix,LFP,transformer__rtdl_resnet,52,0,1.5755376815795898,1
4_encoder_matrix,LFP,transformer__rtdl_resnet,53,0,1.7006525993347168,1
4_encoder_matrix,LFP,transformer__rtdl_resnet,57,0,1.9422739744186401,1
4_encoder_matrix,LFP,transformer__rtdl_resnet,58,0,1.6072583198547363,1
4_encoder_matrix,LFP,transformer__rtdl_resnet,60,0,0.9975012540817261,1
4_encoder_matrix,LFP,transformer__rtdl_resnet,62,0,1.0535622835159302,1
4_encoder_matrix,LFP,transformer__rtdl_resnet,6,1,0.9133309125900269,1
4_encoder_matrix,LFP,transformer__rtdl_resnet,17,1,2.2105276584625244,1
4_encoder_matrix,LFP,transformer__rtdl_resnet,22,1,1.0860601663589478,1
4_encoder_matrix,LFP,transformer__rtdl_resnet,23,1,1.1537814140319824,1
4_encoder_matrix,LFP,transformer__rtdl_resnet,27,1,0.8735228776931763,1
4_encoder_matrix,LFP,transformer__rtdl_resnet,28,1,1.285312533378601,1
4_encoder_matrix,LFP,transformer__rtdl_resnet,34,1,1.7809149026870728,1
4_encoder_matrix,LFP,transformer__rtdl_resnet,52,1,0.8947571516036987,1
4_encoder_matrix,LFP,transformer__rtdl_resnet,53,1,1.6703948974609375,1
4_encoder_matrix,LFP,transformer__rtdl_resnet,57,1,1.8944156169891357,1
4_encoder_matrix,LFP,transformer__rtdl_resnet,58,1,1.5788776874542236,1
4_encoder_matrix,LFP,transformer__rtdl_resnet,60,1,0.9233290553092957,1
4_encoder_matrix,LFP,transformer__rtdl_resnet,62,1,1.3560386896133423,1
4_encoder_matrix,LFP,transformer__rtdl_resnet,6,2,0.9401942491531372,1
4_encoder_matrix,LFP,transformer__rtdl_resnet,17,2,2.1831040382385254,1
4_encoder_matrix,LFP,transformer__rtdl_resnet,22,2,0.8962881565093994,1
4_encoder_matrix,LFP,transformer__rtdl_resnet,23,2,0.8925519585609436,1
4_encoder_matrix,LFP,transformer__rtdl_resnet,27,2,0.6614767909049988,1
4_encoder_matrix,LFP,transformer__rtdl_resnet,28,2,1.2068840265274048,1
4_encoder_matrix,LFP,transformer__rtdl_resnet,34,2,1.6993433237075806,1
4_encoder_matrix,LFP,transformer__rtdl_resnet,52,2,0.8706744909286499,1
4_encoder_matrix,LFP,transformer__rtdl_resnet,53,2,1.4591032266616821,1
4_encoder_matrix,LFP,transformer__rtdl_resnet,57,2,1.7425544261932373,1
4_encoder_matrix,LFP,transformer__rtdl_resnet,58,2,1.4183716773986816,1
4_encoder_matrix,LFP,transformer__rtdl_resnet,60,2,0.8065671920776367,1
4_encoder_matrix,LFP,transformer__rtdl_resnet,62,2,1.0012164115905762,1
4_encoder_matrix,LFP,transformer__rtdl_resnet,5,0,1.991146445274353,2
4_encoder_matrix,LFP,transformer__rtdl_resnet,11,0,1.475259780883789,2
4_encoder_matrix,LFP,transformer__rtdl_resnet,12,0,0.7075205445289612,2
4_encoder_matrix,LFP,transformer__rtdl_resnet,18,0,2.3836653232574463,2
4_encoder_matrix,LFP,transformer__rtdl_resnet,25,0,0.9291300773620605,2
4_encoder_matrix,LFP,transformer__rtdl_resnet,30,0,1.1570992469787598,2
4_encoder_matrix,LFP,transformer__rtdl_resnet,32,0,2.1059839725494385,2
4_encoder_matrix,LFP,transformer__rtdl_resnet,33,0,2.9612393379211426,2
4_encoder_matrix,LFP,transformer__rtdl_resnet,36,0,1.4293467998504639,2
4_encoder_matrix,LFP,transformer__rtdl_resnet,39,0,0.8854694962501526,2
4_encoder_matrix,LFP,transformer__rtdl_resnet,41,0,0.7686212062835693,2
4_encoder_matrix,LFP,transformer__rtdl_resnet,42,0,1.256692886352539,2
4_encoder_matrix,LFP,transformer__rtdl_resnet,61,0,1.0773813724517822,2
4_encoder_matrix,LFP,transformer__rtdl_resnet,5,1,2.0053131580352783,2
4_encoder_matrix,LFP,transformer__rtdl_resnet,11,1,1.3657606840133667,2
4_encoder_matrix,LFP,transformer__rtdl_resnet,12,1,0.8098225593566895,2
4_encoder_matrix,LFP,transformer__rtdl_resnet,18,1,2.5282154083251953,2
4_encoder_matrix,LFP,transformer__rtdl_resnet,25,1,0.995822012424469,2
4_encoder_matrix,LFP,transformer__rtdl_resnet,30,1,1.2761468887329102,2
4_encoder_matrix,LFP,transformer__rtdl_resnet,32,1,2.1184308528900146,2
4_encoder_matrix,LFP,transformer__rtdl_resnet,33,1,2.80320405960083,2
4_encoder_matrix,LFP,transformer__rtdl_resnet,36,1,1.5550657510757446,2
4_encoder_matrix,LFP,transformer__rtdl_resnet,39,1,0.9756571054458618,2
4_encoder_matrix,LFP,transformer__rtdl_resnet,41,1,1.0229666233062744,2
4_encoder_matrix,LFP,transformer__rtdl_resnet,42,1,1.163098692893982,2
4_encoder_matrix,LFP,transformer__rtdl_resnet,61,1,1.0349472761154175,2
4_encoder_matrix,LFP,transformer__rtdl_resnet,5,2,1.6174952983856201,2
4_encoder_matrix,LFP,transformer__rtdl_resnet,11,2,1.1772749423980713,2
4_encoder_matrix,LFP,transformer__rtdl_resnet,12,2,0.552291750907898,2
4_encoder_matrix,LFP,transformer__rtdl_resnet,18,2,2.0189597606658936,2
4_encoder_matrix,LFP,transformer__rtdl_resnet,25,2,0.7707390785217285,2
4_encoder_matrix,LFP,transformer__rtdl_resnet,30,2,1.270081877708435,2
4_encoder_matrix,LFP,transformer__rtdl_resnet,32,2,1.7877006530761719,2
4_encoder_matrix,LFP,transformer__rtdl_resnet,33,2,2.652998924255371,2
4_encoder_matrix,LFP,transformer__rtdl_resnet,36,2,0.9175617694854736,2
4_encoder_matrix,LFP,transformer__rtdl_resnet,39,2,0.7960625290870667,2
4_encoder_matrix,LFP,transformer__rtdl_resnet,41,2,0.8326027393341064,2
4_encoder_matrix,LFP,transformer__rtdl_resnet,42,2,1.0892798900604248,2
4_encoder_matrix,LFP,transformer__rtdl_resnet,61,2,0.7952610850334167,2
4_encoder_matrix,LFP,transformer__rtdl_resnet,2,0,1.567995548248291,3
4_encoder_matrix,LFP,transformer__rtdl_resnet,8,0,0.7380348443984985,3
4_encoder_matrix,LFP,transformer__rtdl_resnet,13,0,0.9541619420051575,3
4_encoder_matrix,LFP,transformer__rtdl_resnet,21,0,1.0336631536483765,3
4_encoder_matrix,LFP,transformer__rtdl_resnet,24,0,0.7944825887680054,3
4_encoder_matrix,LFP,transformer__rtdl_resnet,37,0,1.9337753057479858,3
4_encoder_matrix,LFP,transformer__rtdl_resnet,40,0,0.8631718158721924,3
4_encoder_matrix,LFP,transformer__rtdl_resnet,43,0,0.9340537786483765,3
4_encoder_matrix,LFP,transformer__rtdl_resnet,49,0,1.3287659883499146,3
4_encoder_matrix,LFP,transformer__rtdl_resnet,50,0,1.6346685886383057,3
4_encoder_matrix,LFP,transformer__rtdl_resnet,51,0,2.1408135890960693,3
4_encoder_matrix,LFP,transformer__rtdl_resnet,54,0,0.8229625821113586,3
4_encoder_matrix,LFP,transformer__rtdl_resnet,59,0,1.5603829622268677,3
4_encoder_matrix,LFP,transformer__rtdl_resnet,2,1,1.5654460191726685,3
4_encoder_matrix,LFP,transformer__rtdl_resnet,8,1,0.8703082799911499,3
4_encoder_matrix,LFP,transformer__rtdl_resnet,13,1,1.0628999471664429,3
4_encoder_matrix,LFP,transformer__rtdl_resnet,21,1,1.2499793767929077,3
4_encoder_matrix,LFP,transformer__rtdl_resnet,24,1,1.043156385421753,3
4_encoder_matrix,LFP,transformer__rtdl_resnet,37,1,1.9379233121871948,3
4_encoder_matrix,LFP,transformer__rtdl_resnet,40,1,1.1636096239089966,3
4_encoder_matrix,LFP,transformer__rtdl_resnet,43,1,1.1642149686813354,3
4_encoder_matrix,LFP,transformer__rtdl_resnet,49,1,1.525619626045227,3
4_encoder_matrix,LFP,transformer__rtdl_resnet,50,1,1.8234024047851562,3
4_encoder_matrix,LFP,transformer__rtdl_resnet,51,1,2.38813853263855,3
4_encoder_matrix,LFP,transformer__rtdl_resnet,54,1,1.0853230953216553,3
4_encoder_matrix,LFP,transformer__rtdl_resnet,59,1,1.7699899673461914,3
4_encoder_matrix,LFP,transformer__rtdl_resnet,2,2,1.4601126909255981,3
4_encoder_matrix,LFP,transformer__rtdl_resnet,8,2,0.5923686027526855,3
4_encoder_matrix,LFP,transformer__rtdl_resnet,13,2,0.7192542552947998,3
4_encoder_matrix,LFP,transformer__rtdl_resnet,21,2,0.9576313495635986,3
4_encoder_matrix,LFP,transformer__rtdl_resnet,24,2,0.7397405505180359,3
4_encoder_matrix,LFP,transformer__rtdl_resnet,37,2,1.8458188772201538,3
4_encoder_matrix,LFP,transformer__rtdl_resnet,40,2,0.9030311703681946,3
4_encoder_matrix,LFP,transformer__rtdl_resnet,43,2,0.9479049444198608,3
4_encoder_matrix,LFP,transformer__rtdl_resnet,49,2,1.5640108585357666,3
4_encoder_matrix,LFP,transformer__rtdl_resnet,50,2,1.68904709815979,3
4_encoder_matrix,LFP,transformer__rtdl_resnet,51,2,1.9787935018539429,3
4_encoder_matrix,LFP,transformer__rtdl_resnet,54,2,0.828298807144165,3
4_encoder_matrix,LFP,transformer__rtdl_resnet,59,2,1.430738091468811,3
4_encoder_matrix,LFP,transformer__rtdl_resnet,3,0,3.5118348598480225,4
4_encoder_matrix,LFP,transformer__rtdl_resnet,4,0,1.2335376739501953,4
4_encoder_matrix,LFP,transformer__rtdl_resnet,10,0,1.5704643726348877,4
4_encoder_matrix,LFP,transformer__rtdl_resnet,14,0,2.353095769882202,4
4_encoder_matrix,LFP,transformer__rtdl_resnet,15,0,2.8437604904174805,4
4_encoder_matrix,LFP,transformer__rtdl_resnet,16,0,2.3795790672302246,4
4_encoder_matrix,LFP,transformer__rtdl_resnet,35,0,2.009377956390381,4
4_encoder_matrix,LFP,transformer__rtdl_resnet,38,0,0.834309458732605,4
4_encoder_matrix,LFP,transformer__rtdl_resnet,45,0,1.3175708055496216,4
4_encoder_matrix,LFP,transformer__rtdl_resnet,47,0,1.2485530376434326,4
4_encoder_matrix,LFP,transformer__rtdl_resnet,55,0,1.7673958539962769,4
4_encoder_matrix,LFP,transformer__rtdl_resnet,64,0,0.6919590830802917,4
4_encoder_matrix,LFP,transformer__rtdl_resnet,3,1,3.2872865200042725,4
4_encoder_matrix,LFP,transformer__rtdl_resnet,4,1,1.224613070487976,4
4_encoder_matrix,LFP,transformer__rtdl_resnet,10,1,1.5306438207626343,4
4_encoder_matrix,LFP,transformer__rtdl_resnet,14,1,2.2853338718414307,4
4_encoder_matrix,LFP,transformer__rtdl_resnet,15,1,2.949249267578125,4
4_encoder_matrix,LFP,transformer__rtdl_resnet,16,1,2.3783843517303467,4
4_encoder_matrix,LFP,transformer__rtdl_resnet,35,1,2.014984607696533,4
4_encoder_matrix,LFP,transformer__rtdl_resnet,38,1,0.9946656823158264,4
4_encoder_matrix,LFP,transformer__rtdl_resnet,45,1,1.5379629135131836,4
4_encoder_matrix,LFP,transformer__rtdl_resnet,47,1,1.4340406656265259,4
4_encoder_matrix,LFP,transformer__rtdl_resnet,55,1,1.895626425743103,4
4_encoder_matrix,LFP,transformer__rtdl_resnet,64,1,1.077357292175293,4
4_encoder_matrix,LFP,transformer__rtdl_resnet,3,2,3.4685471057891846,4
4_encoder_matrix,LFP,transformer__rtdl_resnet,4,2,1.2080063819885254,4
4_encoder_matrix,LFP,transformer__rtdl_resnet,10,2,1.5155413150787354,4
4_encoder_matrix,LFP,transformer__rtdl_resnet,14,2,2.1488678455352783,4
4_encoder_matrix,LFP,transformer__rtdl_resnet,15,2,2.7715866565704346,4
4_encoder_matrix,LFP,transformer__rtdl_resnet,16,2,2.244507312774658,4
4_encoder_matrix,LFP,transformer__rtdl_resnet,35,2,1.9777178764343262,4
4_encoder_matrix,LFP,transformer__rtdl_resnet,38,2,0.7821447253227234,4
4_encoder_matrix,LFP,transformer__rtdl_resnet,45,2,1.407576084136963,4
4_encoder_matrix,LFP,transformer__rtdl_resnet,47,2,1.3845067024230957,4
4_encoder_matrix,LFP,transformer__rtdl_resnet,55,2,1.5949982404708862,4
4_encoder_matrix,LFP,transformer__rtdl_resnet,64,2,0.8248782157897949,4
4_encoder_matrix,LFP,transformer__rtdl_ft_transformer,7,0,1.343942642211914,0
4_encoder_matrix,LFP,transformer__rtdl_ft_transformer,9,0,0.6492224931716919,0
4_encoder_matrix,LFP,transformer__rtdl_ft_transformer,19,0,3.0001132488250732,0
4_encoder_matrix,LFP,transformer__rtdl_ft_transformer,20,0,1.2491674423217773,0
4_encoder_matrix,LFP,transformer__rtdl_ft_transformer,26,0,0.9073880910873413,0
4_encoder_matrix,LFP,transformer__rtdl_ft_transformer,29,0,0.9042330980300903,0
4_encoder_matrix,LFP,transformer__rtdl_ft_transformer,31,0,1.0282845497131348,0
4_encoder_matrix,LFP,transformer__rtdl_ft_transformer,44,0,1.4893604516983032,0
4_encoder_matrix,LFP,transformer__rtdl_ft_transformer,46,0,2.4559357166290283,0
4_encoder_matrix,LFP,transformer__rtdl_ft_transformer,48,0,1.648712396621704,0
4_encoder_matrix,LFP,transformer__rtdl_ft_transformer,56,0,0.9162172079086304,0
4_encoder_matrix,LFP,transformer__rtdl_ft_transformer,63,0,0.9669008851051331,0
4_encoder_matrix,LFP,transformer__rtdl_ft_transformer,65,0,1.5264841318130493,0
4_encoder_matrix,LFP,transformer__rtdl_ft_transformer,7,1,0.959007978439331,0
4_encoder_matrix,LFP,transformer__rtdl_ft_transformer,9,1,1.1306849718093872,0
4_encoder_matrix,LFP,transformer__rtdl_ft_transformer,19,1,2.744943618774414,0
4_encoder_matrix,LFP,transformer__rtdl_ft_transformer,20,1,0.9215219616889954,0
4_encoder_matrix,LFP,transformer__rtdl_ft_transformer,26,1,0.7578197121620178,0
4_encoder_matrix,LFP,transformer__rtdl_ft_transformer,29,1,1.2867920398712158,0
4_encoder_matrix,LFP,transformer__rtdl_ft_transformer,31,1,1.817145586013794,0
4_encoder_matrix,LFP,transformer__rtdl_ft_transformer,44,1,1.5709894895553589,0
4_encoder_matrix,LFP,transformer__rtdl_ft_transformer,46,1,2.7085108757019043,0
4_encoder_matrix,LFP,transformer__rtdl_ft_transformer,48,1,1.8429946899414062,0
4_encoder_matrix,LFP,transformer__rtdl_ft_transformer,56,1,0.8722531199455261,0
4_encoder_matrix,LFP,transformer__rtdl_ft_transformer,63,1,0.8688536286354065,0
4_encoder_matrix,LFP,transformer__rtdl_ft_transformer,65,1,1.7591861486434937,0
4_encoder_matrix,LFP,transformer__rtdl_ft_transformer,7,2,1.1144088506698608,0
4_encoder_matrix,LFP,transformer__rtdl_ft_transformer,9,2,0.9867742657661438,0
4_encoder_matrix,LFP,transformer__rtdl_ft_transformer,19,2,2.915030002593994,0
4_encoder_matrix,LFP,transformer__rtdl_ft_transformer,20,2,1.0969475507736206,0
4_encoder_matrix,LFP,transformer__rtdl_ft_transformer,26,2,0.7857450246810913,0
4_encoder_matrix,LFP,transformer__rtdl_ft_transformer,29,2,1.05046808719635,0
4_encoder_matrix,LFP,transformer__rtdl_ft_transformer,31,2,1.3017783164978027,0
4_encoder_matrix,LFP,transformer__rtdl_ft_transformer,44,2,1.592450499534607,0
4_encoder_matrix,LFP,transformer__rtdl_ft_transformer,46,2,2.5857322216033936,0
4_encoder_matrix,LFP,transformer__rtdl_ft_transformer,48,2,1.825136423110962,0
4_encoder_matrix,LFP,transformer__rtdl_ft_transformer,56,2,0.89230877161026,0
4_encoder_matrix,LFP,transformer__rtdl_ft_transformer,63,2,1.0205892324447632,0
4_encoder_matrix,LFP,transformer__rtdl_ft_transformer,65,2,1.651938557624817,0
4_encoder_matrix,LFP,transformer__rtdl_ft_transformer,6,0,1.1835447549819946,1
4_encoder_matrix,LFP,transformer__rtdl_ft_transformer,17,0,2.6119678020477295,1
4_encoder_matrix,LFP,transformer__rtdl_ft_transformer,22,0,1.0306649208068848,1
4_encoder_matrix,LFP,transformer__rtdl_ft_transformer,23,0,0.948991060256958,1
4_encoder_matrix,LFP,transformer__rtdl_ft_transformer,27,0,0.7743387222290039,1
4_encoder_matrix,LFP,transformer__rtdl_ft_transformer,28,0,1.5710368156433105,1
4_encoder_matrix,LFP,transformer__rtdl_ft_transformer,34,0,2.0833311080932617,1
4_encoder_matrix,LFP,transformer__rtdl_ft_transformer,52,0,2.13004994392395,1
4_encoder_matrix,LFP,transformer__rtdl_ft_transformer,53,0,1.5258944034576416,1
4_encoder_matrix,LFP,transformer__rtdl_ft_transformer,57,0,1.9791756868362427,1
4_encoder_matrix,LFP,transformer__rtdl_ft_transformer,58,0,1.47844660282135,1
4_encoder_matrix,LFP,transformer__rtdl_ft_transformer,60,0,1.054059624671936,1
4_encoder_matrix,LFP,transformer__rtdl_ft_transformer,62,0,0.9004161357879639,1
4_encoder_matrix,LFP,transformer__rtdl_ft_transformer,6,1,0.9693892598152161,1
4_encoder_matrix,LFP,transformer__rtdl_ft_transformer,17,1,2.4484360218048096,1
4_encoder_matrix,LFP,transformer__rtdl_ft_transformer,22,1,1.0393993854522705,1
4_encoder_matrix,LFP,transformer__rtdl_ft_transformer,23,1,0.902445375919342,1
4_encoder_matrix,LFP,transformer__rtdl_ft_transformer,27,1,0.6348656415939331,1
4_encoder_matrix,LFP,transformer__rtdl_ft_transformer,28,1,1.6214945316314697,1
4_encoder_matrix,LFP,transformer__rtdl_ft_transformer,34,1,1.7298409938812256,1
4_encoder_matrix,LFP,transformer__rtdl_ft_transformer,52,1,1.792168378829956,1
4_encoder_matrix,LFP,transformer__rtdl_ft_transformer,53,1,1.2795740365982056,1
4_encoder_matrix,LFP,transformer__rtdl_ft_transformer,57,1,2.0243802070617676,1
4_encoder_matrix,LFP,transformer__rtdl_ft_transformer,58,1,1.5661413669586182,1
4_encoder_matrix,LFP,transformer__rtdl_ft_transformer,60,1,0.9603024125099182,1
4_encoder_matrix,LFP,transformer__rtdl_ft_transformer,62,1,0.9004268050193787,1
4_encoder_matrix,LFP,transformer__rtdl_ft_transformer,6,2,1.2521549463272095,1
4_encoder_matrix,LFP,transformer__rtdl_ft_transformer,17,2,2.610121488571167,1
4_encoder_matrix,LFP,transformer__rtdl_ft_transformer,22,2,0.9595561027526855,1
4_encoder_matrix,LFP,transformer__rtdl_ft_transformer,23,2,0.9529678821563721,1
4_encoder_matrix,LFP,transformer__rtdl_ft_transformer,27,2,0.7506065964698792,1
4_encoder_matrix,LFP,transformer__rtdl_ft_transformer,28,2,1.3789881467819214,1
4_encoder_matrix,LFP,transformer__rtdl_ft_transformer,34,2,2.0906240940093994,1
4_encoder_matrix,LFP,transformer__rtdl_ft_transformer,52,2,1.6804126501083374,1
4_encoder_matrix,LFP,transformer__rtdl_ft_transformer,53,2,1.6068624258041382,1
4_encoder_matrix,LFP,transformer__rtdl_ft_transformer,57,2,1.9561659097671509,1
4_encoder_matrix,LFP,transformer__rtdl_ft_transformer,58,2,1.5171904563903809,1
4_encoder_matrix,LFP,transformer__rtdl_ft_transformer,60,2,0.9887676239013672,1
4_encoder_matrix,LFP,transformer__rtdl_ft_transformer,62,2,0.9863239526748657,1
4_encoder_matrix,LFP,transformer__rtdl_ft_transformer,5,0,2.183469772338867,2
4_encoder_matrix,LFP,transformer__rtdl_ft_transformer,11,0,1.620152473449707,2
4_encoder_matrix,LFP,transformer__rtdl_ft_transformer,12,0,0.8872062563896179,2
4_encoder_matrix,LFP,transformer__rtdl_ft_transformer,18,0,2.9585115909576416,2
4_encoder_matrix,LFP,transformer__rtdl_ft_transformer,25,0,1.034947156906128,2
4_encoder_matrix,LFP,transformer__rtdl_ft_transformer,30,0,0.9343051314353943,2
4_encoder_matrix,LFP,transformer__rtdl_ft_transformer,32,0,2.5008857250213623,2
4_encoder_matrix,LFP,transformer__rtdl_ft_transformer,33,0,3.0746264457702637,2
4_encoder_matrix,LFP,transformer__rtdl_ft_transformer,36,0,1.7813853025436401,2
4_encoder_matrix,LFP,transformer__rtdl_ft_transformer,39,0,0.9339278936386108,2
4_encoder_matrix,LFP,transformer__rtdl_ft_transformer,41,0,0.7979519367218018,2
4_encoder_matrix,LFP,transformer__rtdl_ft_transformer,42,0,1.4385216236114502,2
4_encoder_matrix,LFP,transformer__rtdl_ft_transformer,61,0,1.3138842582702637,2
4_encoder_matrix,LFP,transformer__rtdl_ft_transformer,5,1,1.9684120416641235,2
4_encoder_matrix,LFP,transformer__rtdl_ft_transformer,11,1,1.158823847770691,2
4_encoder_matrix,LFP,transformer__rtdl_ft_transformer,12,1,0.6555777788162231,2
4_encoder_matrix,LFP,transformer__rtdl_ft_transformer,18,1,2.7409636974334717,2
4_encoder_matrix,LFP,transformer__rtdl_ft_transformer,25,1,0.7908779382705688,2
4_encoder_matrix,LFP,transformer__rtdl_ft_transformer,30,1,1.7373143434524536,2
4_encoder_matrix,LFP,transformer__rtdl_ft_transformer,32,1,2.0919084548950195,2
4_encoder_matrix,LFP,transformer__rtdl_ft_transformer,33,1,2.641646385192871,2
4_encoder_matrix,LFP,transformer__rtdl_ft_transformer,36,1,1.4612826108932495,2
4_encoder_matrix,LFP,transformer__rtdl_ft_transformer,39,1,0.7561902403831482,2
4_encoder_matrix,LFP,transformer__rtdl_ft_transformer,41,1,0.8110389113426208,2
4_encoder_matrix,LFP,transformer__rtdl_ft_transformer,42,1,1.0039558410644531,2
4_encoder_matrix,LFP,transformer__rtdl_ft_transformer,61,1,0.7120545506477356,2
4_encoder_matrix,LFP,transformer__rtdl_ft_transformer,5,2,2.0121214389801025,2
4_encoder_matrix,LFP,transformer__rtdl_ft_transformer,11,2,1.2424932718276978,2
4_encoder_matrix,LFP,transformer__rtdl_ft_transformer,12,2,0.7284218072891235,2
4_encoder_matrix,LFP,transformer__rtdl_ft_transformer,18,2,2.770019054412842,2
4_encoder_matrix,LFP,transformer__rtdl_ft_transformer,25,2,0.973057210445404,2
4_encoder_matrix,LFP,transformer__rtdl_ft_transformer,30,2,1.3729833364486694,2
4_encoder_matrix,LFP,transformer__rtdl_ft_transformer,32,2,2.1160736083984375,2
4_encoder_matrix,LFP,transformer__rtdl_ft_transformer,33,2,2.7085232734680176,2
4_encoder_matrix,LFP,transformer__rtdl_ft_transformer,36,2,1.4721331596374512,2
4_encoder_matrix,LFP,transformer__rtdl_ft_transformer,39,2,0.9916786551475525,2
4_encoder_matrix,LFP,transformer__rtdl_ft_transformer,41,2,1.0082992315292358,2
4_encoder_matrix,LFP,transformer__rtdl_ft_transformer,42,2,1.0994433164596558,2
4_encoder_matrix,LFP,transformer__rtdl_ft_transformer,61,2,1.0948845148086548,2
4_encoder_matrix,LFP,transformer__rtdl_ft_transformer,2,0,2.0023655891418457,3
4_encoder_matrix,LFP,transformer__rtdl_ft_transformer,8,0,1.0773687362670898,3
4_encoder_matrix,LFP,transformer__rtdl_ft_transformer,13,0,1.3195669651031494,3
4_encoder_matrix,LFP,transformer__rtdl_ft_transformer,21,0,1.2727454900741577,3
4_encoder_matrix,LFP,transformer__rtdl_ft_transformer,24,0,0.9848165512084961,3
4_encoder_matrix,LFP,transformer__rtdl_ft_transformer,37,0,2.4773097038269043,3
4_encoder_matrix,LFP,transformer__rtdl_ft_transformer,40,0,1.0514994859695435,3
4_encoder_matrix,LFP,transformer__rtdl_ft_transformer,43,0,1.1154371500015259,3
4_encoder_matrix,LFP,transformer__rtdl_ft_transformer,49,0,1.2646944522857666,3
4_encoder_matrix,LFP,transformer__rtdl_ft_transformer,50,0,1.9087189435958862,3
4_encoder_matrix,LFP,transformer__rtdl_ft_transformer,51,0,2.3611834049224854,3
4_encoder_matrix,LFP,transformer__rtdl_ft_transformer,54,0,1.1385464668273926,3
4_encoder_matrix,LFP,transformer__rtdl_ft_transformer,59,0,1.9863866567611694,3
4_encoder_matrix,LFP,transformer__rtdl_ft_transformer,2,1,1.5180325508117676,3
4_encoder_matrix,LFP,transformer__rtdl_ft_transformer,8,1,0.5751540660858154,3
4_encoder_matrix,LFP,transformer__rtdl_ft_transformer,13,1,0.7258467674255371,3
4_encoder_matrix,LFP,transformer__rtdl_ft_transformer,21,1,0.9385119676589966,3
4_encoder_matrix,LFP,transformer__rtdl_ft_transformer,24,1,1.0032404661178589,3
4_encoder_matrix,LFP,transformer__rtdl_ft_transformer,37,1,2.0949084758758545,3
4_encoder_matrix,LFP,transformer__rtdl_ft_transformer,40,1,1.0040967464447021,3
4_encoder_matrix,LFP,transformer__rtdl_ft_transformer,43,1,0.8629817962646484,3
4_encoder_matrix,LFP,transformer__rtdl_ft_transformer,49,1,1.6676830053329468,3
4_encoder_matrix,LFP,transformer__rtdl_ft_transformer,50,1,1.4410395622253418,3
4_encoder_matrix,LFP,transformer__rtdl_ft_transformer,51,1,1.971792221069336,3
4_encoder_matrix,LFP,transformer__rtdl_ft_transformer,54,1,1.1159701347351074,3
4_encoder_matrix,LFP,transformer__rtdl_ft_transformer,59,1,1.4885997772216797,3
4_encoder_matrix,LFP,transformer__rtdl_ft_transformer,2,2,1.6980855464935303,3
4_encoder_matrix,LFP,transformer__rtdl_ft_transformer,8,2,0.7655645608901978,3
4_encoder_matrix,LFP,transformer__rtdl_ft_transformer,13,2,0.9415606260299683,3
4_encoder_matrix,LFP,transformer__rtdl_ft_transformer,21,2,0.9663416147232056,3
4_encoder_matrix,LFP,transformer__rtdl_ft_transformer,24,2,0.9011460542678833,3
4_encoder_matrix,LFP,transformer__rtdl_ft_transformer,37,2,2.3632397651672363,3
4_encoder_matrix,LFP,transformer__rtdl_ft_transformer,40,2,0.9253594279289246,3
4_encoder_matrix,LFP,transformer__rtdl_ft_transformer,43,2,0.7958402037620544,3
4_encoder_matrix,LFP,transformer__rtdl_ft_transformer,49,2,1.5657522678375244,3
4_encoder_matrix,LFP,transformer__rtdl_ft_transformer,50,2,1.409105658531189,3
4_encoder_matrix,LFP,transformer__rtdl_ft_transformer,51,2,1.8526027202606201,3
4_encoder_matrix,LFP,transformer__rtdl_ft_transformer,54,2,1.0915895700454712,3
4_encoder_matrix,LFP,transformer__rtdl_ft_transformer,59,2,1.7413346767425537,3
4_encoder_matrix,LFP,transformer__rtdl_ft_transformer,3,0,3.198899507522583,4
4_encoder_matrix,LFP,transformer__rtdl_ft_transformer,4,0,1.5634056329727173,4
4_encoder_matrix,LFP,transformer__rtdl_ft_transformer,10,0,1.7639498710632324,4
4_encoder_matrix,LFP,transformer__rtdl_ft_transformer,14,0,2.932492256164551,4
4_encoder_matrix,LFP,transformer__rtdl_ft_transformer,15,0,3.427886486053467,4
4_encoder_matrix,LFP,transformer__rtdl_ft_transformer,16,0,3.0370020866394043,4
4_encoder_matrix,LFP,transformer__rtdl_ft_transformer,35,0,2.487732172012329,4
4_encoder_matrix,LFP,transformer__rtdl_ft_transformer,38,0,1.076939582824707,4
4_encoder_matrix,LFP,transformer__rtdl_ft_transformer,45,0,1.4955110549926758,4
4_encoder_matrix,LFP,transformer__rtdl_ft_transformer,47,0,1.3212138414382935,4
4_encoder_matrix,LFP,transformer__rtdl_ft_transformer,55,0,1.8133150339126587,4
4_encoder_matrix,LFP,transformer__rtdl_ft_transformer,64,0,1.1097248792648315,4
4_encoder_matrix,LFP,transformer__rtdl_ft_transformer,3,1,3.5973408222198486,4
4_encoder_matrix,LFP,transformer__rtdl_ft_transformer,4,1,1.3363780975341797,4
4_encoder_matrix,LFP,transformer__rtdl_ft_transformer,10,1,1.5271179676055908,4
4_encoder_matrix,LFP,transformer__rtdl_ft_transformer,14,1,2.6698787212371826,4
4_encoder_matrix,LFP,transformer__rtdl_ft_transformer,15,1,3.1405365467071533,4
4_encoder_matrix,LFP,transformer__rtdl_ft_transformer,16,1,2.673570156097412,4
4_encoder_matrix,LFP,transformer__rtdl_ft_transformer,35,1,2.195586681365967,4
4_encoder_matrix,LFP,transformer__rtdl_ft_transformer,38,1,1.0225964784622192,4
4_encoder_matrix,LFP,transformer__rtdl_ft_transformer,45,1,1.5106412172317505,4
4_encoder_matrix,LFP,transformer__rtdl_ft_transformer,47,1,1.4031445980072021,4
4_encoder_matrix,LFP,transformer__rtdl_ft_transformer,55,1,2.124300479888916,4
4_encoder_matrix,LFP,transformer__rtdl_ft_transformer,64,1,0.8076425194740295,4
4_encoder_matrix,LFP,transformer__rtdl_ft_transformer,3,2,3.438775062561035,4
4_encoder_matrix,LFP,transformer__rtdl_ft_transformer,4,2,1.2104638814926147,4
4_encoder_matrix,LFP,transformer__rtdl_ft_transformer,10,2,1.3999943733215332,4
4_encoder_matrix,LFP,transformer__rtdl_ft_transformer,14,2,2.6064748764038086,4
4_encoder_matrix,LFP,transformer__rtdl_ft_transformer,15,2,3.1048340797424316,4
4_encoder_matrix,LFP,transformer__rtdl_ft_transformer,16,2,2.6826319694519043,4
4_encoder_matrix,LFP,transformer__rtdl_ft_transformer,35,2,2.0928807258605957,4
4_encoder_matrix,LFP,transformer__rtdl_ft_transformer,38,2,1.2718758583068848,4
4_encoder_matrix,LFP,transformer__rtdl_ft_transformer,45,2,1.6963508129119873,4
4_encoder_matrix,LFP,transformer__rtdl_ft_transformer,47,2,1.606019377708435,4
4_encoder_matrix,LFP,transformer__rtdl_ft_transformer,55,2,2.189791440963745,4
4_encoder_matrix,LFP,transformer__rtdl_ft_transformer,64,2,1.0268687009811401,4
4_encoder_matrix,LFP,patchtst__current_mlp,7,0,1.0755934715270996,0
4_encoder_matrix,LFP,patchtst__current_mlp,9,0,0.6820836067199707,0
4_encoder_matrix,LFP,patchtst__current_mlp,19,0,2.315469741821289,0
4_encoder_matrix,LFP,patchtst__current_mlp,20,0,1.0817853212356567,0
4_encoder_matrix,LFP,patchtst__current_mlp,26,0,0.8346023559570312,0
4_encoder_matrix,LFP,patchtst__current_mlp,29,0,1.1071449518203735,0
4_encoder_matrix,LFP,patchtst__current_mlp,31,0,1.3173762559890747,0
4_encoder_matrix,LFP,patchtst__current_mlp,44,0,1.480922818183899,0
4_encoder_matrix,LFP,patchtst__current_mlp,46,0,2.6301510334014893,0
4_encoder_matrix,LFP,patchtst__current_mlp,48,0,1.6398661136627197,0
4_encoder_matrix,LFP,patchtst__current_mlp,56,0,0.6747673153877258,0
4_encoder_matrix,LFP,patchtst__current_mlp,63,0,0.7786725163459778,0
4_encoder_matrix,LFP,patchtst__current_mlp,65,0,1.5563442707061768,0
4_encoder_matrix,LFP,patchtst__current_mlp,7,1,1.0767900943756104,0
4_encoder_matrix,LFP,patchtst__current_mlp,9,1,0.9231990575790405,0
4_encoder_matrix,LFP,patchtst__current_mlp,19,1,2.3380000591278076,0
4_encoder_matrix,LFP,patchtst__current_mlp,20,1,1.1909990310668945,0
4_encoder_matrix,LFP,patchtst__current_mlp,26,1,0.9767228364944458,0
4_encoder_matrix,LFP,patchtst__current_mlp,29,1,1.2979260683059692,0
4_encoder_matrix,LFP,patchtst__current_mlp,31,1,1.5401018857955933,0
4_encoder_matrix,LFP,patchtst__current_mlp,44,1,1.712937355041504,0
4_encoder_matrix,LFP,patchtst__current_mlp,46,1,2.890082836151123,0
4_encoder_matrix,LFP,patchtst__current_mlp,48,1,1.856513261795044,0
4_encoder_matrix,LFP,patchtst__current_mlp,56,1,0.802581787109375,0
4_encoder_matrix,LFP,patchtst__current_mlp,63,1,1.0472720861434937,0
4_encoder_matrix,LFP,patchtst__current_mlp,65,1,1.8239692449569702,0
4_encoder_matrix,LFP,patchtst__current_mlp,7,2,1.1102367639541626,0
4_encoder_matrix,LFP,patchtst__current_mlp,9,2,0.7470747232437134,0
4_encoder_matrix,LFP,patchtst__current_mlp,19,2,2.255676507949829,0
4_encoder_matrix,LFP,patchtst__current_mlp,20,2,1.112203598022461,0
4_encoder_matrix,LFP,patchtst__current_mlp,26,2,0.7655100226402283,0
4_encoder_matrix,LFP,patchtst__current_mlp,29,2,1.0839290618896484,0
4_encoder_matrix,LFP,patchtst__current_mlp,31,2,1.2863335609436035,0
4_encoder_matrix,LFP,patchtst__current_mlp,44,2,1.3623754978179932,0
4_encoder_matrix,LFP,patchtst__current_mlp,46,2,2.7339141368865967,0
4_encoder_matrix,LFP,patchtst__current_mlp,48,2,1.6452513933181763,0
4_encoder_matrix,LFP,patchtst__current_mlp,56,2,0.636993408203125,0
4_encoder_matrix,LFP,patchtst__current_mlp,63,2,0.7572023868560791,0
4_encoder_matrix,LFP,patchtst__current_mlp,65,2,1.6166542768478394,0
4_encoder_matrix,LFP,patchtst__current_mlp,6,0,1.01295804977417,1
4_encoder_matrix,LFP,patchtst__current_mlp,17,0,2.2708258628845215,1
4_encoder_matrix,LFP,patchtst__current_mlp,22,0,0.787588357925415,1
4_encoder_matrix,LFP,patchtst__current_mlp,23,0,0.7344778180122375,1
4_encoder_matrix,LFP,patchtst__current_mlp,27,0,0.6804443001747131,1
4_encoder_matrix,LFP,patchtst__current_mlp,28,0,1.1792880296707153,1
4_encoder_matrix,LFP,patchtst__current_mlp,34,0,1.7087008953094482,1
4_encoder_matrix,LFP,patchtst__current_mlp,52,0,0.8106211423873901,1
4_encoder_matrix,LFP,patchtst__current_mlp,53,0,1.4010097980499268,1
4_encoder_matrix,LFP,patchtst__current_mlp,57,0,1.7746816873550415,1
4_encoder_matrix,LFP,patchtst__current_mlp,58,0,1.4278314113616943,1
4_encoder_matrix,LFP,patchtst__current_mlp,60,0,0.8494434952735901,1
4_encoder_matrix,LFP,patchtst__current_mlp,62,0,0.9755434393882751,1
4_encoder_matrix,LFP,patchtst__current_mlp,6,1,0.8820361495018005,1
4_encoder_matrix,LFP,patchtst__current_mlp,17,1,2.0547118186950684,1
4_encoder_matrix,LFP,patchtst__current_mlp,22,1,1.094637393951416,1
4_encoder_matrix,LFP,patchtst__current_mlp,23,1,1.0165910720825195,1
4_encoder_matrix,LFP,patchtst__current_mlp,27,1,0.7615372538566589,1
4_encoder_matrix,LFP,patchtst__current_mlp,28,1,1.3219141960144043,1
4_encoder_matrix,LFP,patchtst__current_mlp,34,1,1.554279088973999,1
4_encoder_matrix,LFP,patchtst__current_mlp,52,1,1.0256743431091309,1
4_encoder_matrix,LFP,patchtst__current_mlp,53,1,1.516798973083496,1
4_encoder_matrix,LFP,patchtst__current_mlp,57,1,1.7550853490829468,1
4_encoder_matrix,LFP,patchtst__current_mlp,58,1,1.4519286155700684,1
4_encoder_matrix,LFP,patchtst__current_mlp,60,1,0.8952836990356445,1
4_encoder_matrix,LFP,patchtst__current_mlp,62,1,1.141080379486084,1
4_encoder_matrix,LFP,patchtst__current_mlp,6,2,0.9891490340232849,1
4_encoder_matrix,LFP,patchtst__current_mlp,17,2,2.2221219539642334,1
4_encoder_matrix,LFP,patchtst__current_mlp,22,2,1.0428448915481567,1
4_encoder_matrix,LFP,patchtst__current_mlp,23,2,1.0173301696777344,1
4_encoder_matrix,LFP,patchtst__current_mlp,27,2,0.8352606892585754,1
4_encoder_matrix,LFP,patchtst__current_mlp,28,2,1.2095379829406738,1
4_encoder_matrix,LFP,patchtst__current_mlp,34,2,1.668761968612671,1
4_encoder_matrix,LFP,patchtst__current_mlp,52,2,0.8758170008659363,1
4_encoder_matrix,LFP,patchtst__current_mlp,53,2,1.5310919284820557,1
4_encoder_matrix,LFP,patchtst__current_mlp,57,2,1.8791537284851074,1
4_encoder_matrix,LFP,patchtst__current_mlp,58,2,1.5406992435455322,1
4_encoder_matrix,LFP,patchtst__current_mlp,60,2,0.9782461524009705,1
4_encoder_matrix,LFP,patchtst__current_mlp,62,2,1.2018650770187378,1
4_encoder_matrix,LFP,patchtst__current_mlp,5,0,1.792481780052185,2
4_encoder_matrix,LFP,patchtst__current_mlp,11,0,1.2032828330993652,2
4_encoder_matrix,LFP,patchtst__current_mlp,12,0,0.5198806524276733,2
4_encoder_matrix,LFP,patchtst__current_mlp,18,0,2.1264865398406982,2
4_encoder_matrix,LFP,patchtst__current_mlp,25,0,0.8053442239761353,2
4_encoder_matrix,LFP,patchtst__current_mlp,30,0,1.2934015989303589,2
4_encoder_matrix,LFP,patchtst__current_mlp,32,0,1.8022634983062744,2
4_encoder_matrix,LFP,patchtst__current_mlp,33,0,2.51526141166687,2
4_encoder_matrix,LFP,patchtst__current_mlp,36,0,1.138513207435608,2
4_encoder_matrix,LFP,patchtst__current_mlp,39,0,0.7559447884559631,2
4_encoder_matrix,LFP,patchtst__current_mlp,41,0,0.7255331873893738,2
4_encoder_matrix,LFP,patchtst__current_mlp,42,0,1.0225633382797241,2
4_encoder_matrix,LFP,patchtst__current_mlp,61,0,0.8816832304000854,2
4_encoder_matrix,LFP,patchtst__current_mlp,5,1,1.4613664150238037,2
4_encoder_matrix,LFP,patchtst__current_mlp,11,1,0.8734884858131409,2
4_encoder_matrix,LFP,patchtst__current_mlp,12,1,0.5266611576080322,2
4_encoder_matrix,LFP,patchtst__current_mlp,18,1,1.8797242641448975,2
4_encoder_matrix,LFP,patchtst__current_mlp,25,1,1.0389461517333984,2
4_encoder_matrix,LFP,patchtst__current_mlp,30,1,1.621599555015564,2
4_encoder_matrix,LFP,patchtst__current_mlp,32,1,1.4839980602264404,2
4_encoder_matrix,LFP,patchtst__current_mlp,33,1,2.255793809890747,2
4_encoder_matrix,LFP,patchtst__current_mlp,36,1,0.9015163779258728,2
4_encoder_matrix,LFP,patchtst__current_mlp,39,1,1.0513880252838135,2
4_encoder_matrix,LFP,patchtst__current_mlp,41,1,1.0067503452301025,2
4_encoder_matrix,LFP,patchtst__current_mlp,42,1,1.0248310565948486,2
4_encoder_matrix,LFP,patchtst__current_mlp,61,1,0.8209194540977478,2
4_encoder_matrix,LFP,patchtst__current_mlp,5,2,1.5440672636032104,2
4_encoder_matrix,LFP,patchtst__current_mlp,11,2,1.0763685703277588,2
4_encoder_matrix,LFP,patchtst__current_mlp,12,2,0.5319972634315491,2
4_encoder_matrix,LFP,patchtst__current_mlp,18,2,1.8091835975646973,2
4_encoder_matrix,LFP,patchtst__current_mlp,25,2,0.8953335881233215,2
4_encoder_matrix,LFP,patchtst__current_mlp,30,2,1.2743161916732788,2
4_encoder_matrix,LFP,patchtst__current_mlp,32,2,1.5585607290267944,2
4_encoder_matrix,LFP,patchtst__current_mlp,33,2,2.409677505493164,2
4_encoder_matrix,LFP,patchtst__current_mlp,36,2,0.9115224480628967,2
4_encoder_matrix,LFP,patchtst__current_mlp,39,2,0.8625470399856567,2
4_encoder_matrix,LFP,patchtst__current_mlp,41,2,0.8990945816040039,2
4_encoder_matrix,LFP,patchtst__current_mlp,42,2,1.116609811782837,2
4_encoder_matrix,LFP,patchtst__current_mlp,61,2,0.8990715146064758,2
4_encoder_matrix,LFP,patchtst__current_mlp,2,0,1.582858681678772,3
4_encoder_matrix,LFP,patchtst__current_mlp,8,0,0.6143967509269714,3
4_encoder_matrix,LFP,patchtst__current_mlp,13,0,0.8544759154319763,3
4_encoder_matrix,LFP,patchtst__current_mlp,21,0,0.9851207733154297,3
4_encoder_matrix,LFP,patchtst__current_mlp,24,0,0.638566255569458,3
4_encoder_matrix,LFP,patchtst__current_mlp,37,0,1.9127734899520874,3
4_encoder_matrix,LFP,patchtst__current_mlp,40,0,0.6908020973205566,3
4_encoder_matrix,LFP,patchtst__current_mlp,43,0,0.796417236328125,3
4_encoder_matrix,LFP,patchtst__current_mlp,49,0,1.3323512077331543,3
4_encoder_matrix,LFP,patchtst__current_mlp,50,0,1.7641582489013672,3
4_encoder_matrix,LFP,patchtst__current_mlp,51,0,1.9497981071472168,3
4_encoder_matrix,LFP,patchtst__current_mlp,54,0,0.7425400018692017,3
4_encoder_matrix,LFP,patchtst__current_mlp,59,0,1.477919101715088,3
4_encoder_matrix,LFP,patchtst__current_mlp,2,1,1.313758134841919,3
4_encoder_matrix,LFP,patchtst__current_mlp,8,1,0.5716286897659302,3
4_encoder_matrix,LFP,patchtst__current_mlp,13,1,0.7660998106002808,3
4_encoder_matrix,LFP,patchtst__current_mlp,21,1,1.0637160539627075,3
4_encoder_matrix,LFP,patchtst__current_mlp,24,1,0.9112396836280823,3
4_encoder_matrix,LFP,patchtst__current_mlp,37,1,1.6777149438858032,3
4_encoder_matrix,LFP,patchtst__current_mlp,40,1,0.9791656732559204,3
4_encoder_matrix,LFP,patchtst__current_mlp,43,1,1.0060935020446777,3
4_encoder_matrix,LFP,patchtst__current_mlp,49,1,1.5774492025375366,3
4_encoder_matrix,LFP,patchtst__current_mlp,50,1,1.6736319065093994,3
4_encoder_matrix,LFP,patchtst__current_mlp,51,1,2.030880928039551,3
4_encoder_matrix,LFP,patchtst__current_mlp,54,1,0.9004270434379578,3
4_encoder_matrix,LFP,patchtst__current_mlp,59,1,1.4556306600570679,3
4_encoder_matrix,LFP,patchtst__current_mlp,2,2,1.2440732717514038,3
4_encoder_matrix,LFP,patchtst__current_mlp,8,2,0.5142272710800171,3
4_encoder_matrix,LFP,patchtst__current_mlp,13,2,0.6443402171134949,3
4_encoder_matrix,LFP,patchtst__current_mlp,21,2,1.02090585231781,3
4_encoder_matrix,LFP,patchtst__current_mlp,24,2,0.7233041524887085,3
4_encoder_matrix,LFP,patchtst__current_mlp,37,2,1.5771607160568237,3
4_encoder_matrix,LFP,patchtst__current_mlp,40,2,0.8809003233909607,3
4_encoder_matrix,LFP,patchtst__current_mlp,43,2,0.9549764394760132,3
4_encoder_matrix,LFP,patchtst__current_mlp,49,2,1.6375339031219482,3
4_encoder_matrix,LFP,patchtst__current_mlp,50,2,1.5096628665924072,3
4_encoder_matrix,LFP,patchtst__current_mlp,51,2,1.946907639503479,3
4_encoder_matrix,LFP,patchtst__current_mlp,54,2,0.7266086339950562,3
4_encoder_matrix,LFP,patchtst__current_mlp,59,2,1.449557900428772,3
4_encoder_matrix,LFP,patchtst__current_mlp,3,0,3.164409637451172,4
4_encoder_matrix,LFP,patchtst__current_mlp,4,0,1.3869097232818604,4
4_encoder_matrix,LFP,patchtst__current_mlp,10,0,1.6559693813323975,4
4_encoder_matrix,LFP,patchtst__current_mlp,14,0,2.443253755569458,4
4_encoder_matrix,LFP,patchtst__current_mlp,15,0,3.0141866207122803,4
4_encoder_matrix,LFP,patchtst__current_mlp,16,0,2.446733236312866,4
4_encoder_matrix,LFP,patchtst__current_mlp,35,0,2.0764527320861816,4
4_encoder_matrix,LFP,patchtst__current_mlp,38,0,0.7211360335350037,4
4_encoder_matrix,LFP,patchtst__current_mlp,45,0,1.3291813135147095,4
4_encoder_matrix,LFP,patchtst__current_mlp,47,0,1.2380949258804321,4
4_encoder_matrix,LFP,patchtst__current_mlp,55,0,1.466198205947876,4
4_encoder_matrix,LFP,patchtst__current_mlp,64,0,0.7859047651290894,4
4_encoder_matrix,LFP,patchtst__current_mlp,3,1,3.9042654037475586,4
4_encoder_matrix,LFP,patchtst__current_mlp,4,1,1.349363923072815,4
4_encoder_matrix,LFP,patchtst__current_mlp,10,1,1.5186738967895508,4
4_encoder_matrix,LFP,patchtst__current_mlp,14,1,2.3547003269195557,4
4_encoder_matrix,LFP,patchtst__current_mlp,15,1,2.7988641262054443,4
4_encoder_matrix,LFP,patchtst__current_mlp,16,1,2.32110333442688,4
4_encoder_matrix,LFP,patchtst__current_mlp,35,1,1.9491227865219116,4
4_encoder_matrix,LFP,patchtst__current_mlp,38,1,0.9457324743270874,4
4_encoder_matrix,LFP,patchtst__current_mlp,45,1,1.610234260559082,4
4_encoder_matrix,LFP,patchtst__current_mlp,47,1,1.4379428625106812,4
4_encoder_matrix,LFP,patchtst__current_mlp,55,1,2.052614450454712,4
4_encoder_matrix,LFP,patchtst__current_mlp,64,1,0.8821549415588379,4
4_encoder_matrix,LFP,patchtst__current_mlp,3,2,3.634758234024048,4
4_encoder_matrix,LFP,patchtst__current_mlp,4,2,1.293213963508606,4
4_encoder_matrix,LFP,patchtst__current_mlp,10,2,1.5734858512878418,4
4_encoder_matrix,LFP,patchtst__current_mlp,14,2,2.317704916000366,4
4_encoder_matrix,LFP,patchtst__current_mlp,15,2,2.8068363666534424,4
4_encoder_matrix,LFP,patchtst__current_mlp,16,2,2.2085676193237305,4
4_encoder_matrix,LFP,patchtst__current_mlp,35,2,1.9928507804870605,4
4_encoder_matrix,LFP,patchtst__current_mlp,38,2,0.8838617205619812,4
4_encoder_matrix,LFP,patchtst__current_mlp,45,2,1.499031901359558,4
4_encoder_matrix,LFP,patchtst__current_mlp,47,2,1.4017897844314575,4
4_encoder_matrix,LFP,patchtst__current_mlp,55,2,1.784285545349121,4
4_encoder_matrix,LFP,patchtst__current_mlp,64,2,0.94483482837677,4
4_encoder_matrix,LFP,patchtst__rtdl_resnet,7,0,1.0811998844146729,0
4_encoder_matrix,LFP,patchtst__rtdl_resnet,9,0,0.7344366908073425,0
4_encoder_matrix,LFP,patchtst__rtdl_resnet,19,0,1.900599479675293,0
4_encoder_matrix,LFP,patchtst__rtdl_resnet,20,0,1.3756020069122314,0
4_encoder_matrix,LFP,patchtst__rtdl_resnet,26,0,0.940761387348175,0
4_encoder_matrix,LFP,patchtst__rtdl_resnet,29,0,1.167521357536316,0
4_encoder_matrix,LFP,patchtst__rtdl_resnet,31,0,1.4647600650787354,0
4_encoder_matrix,LFP,patchtst__rtdl_resnet,44,0,1.7377378940582275,0
4_encoder_matrix,LFP,patchtst__rtdl_resnet,46,0,2.9253854751586914,0
4_encoder_matrix,LFP,patchtst__rtdl_resnet,48,0,1.8980844020843506,0
4_encoder_matrix,LFP,patchtst__rtdl_resnet,56,0,0.8397640585899353,0
4_encoder_matrix,LFP,patchtst__rtdl_resnet,63,0,1.1883926391601562,0
4_encoder_matrix,LFP,patchtst__rtdl_resnet,65,0,1.8646330833435059,0
4_encoder_matrix,LFP,patchtst__rtdl_resnet,7,1,1.1628758907318115,0
4_encoder_matrix,LFP,patchtst__rtdl_resnet,9,1,0.7590362429618835,0
4_encoder_matrix,LFP,patchtst__rtdl_resnet,19,1,2.3827996253967285,0
4_encoder_matrix,LFP,patchtst__rtdl_resnet,20,1,1.0481910705566406,0
4_encoder_matrix,LFP,patchtst__rtdl_resnet,26,1,0.7157257795333862,0
4_encoder_matrix,LFP,patchtst__rtdl_resnet,29,1,1.0167683362960815,0
4_encoder_matrix,LFP,patchtst__rtdl_resnet,31,1,1.3797677755355835,0
4_encoder_matrix,LFP,patchtst__rtdl_resnet,44,1,1.4215912818908691,0
4_encoder_matrix,LFP,patchtst__rtdl_resnet,46,1,2.7228684425354004,0
4_encoder_matrix,LFP,patchtst__rtdl_resnet,48,1,1.7362583875656128,0
4_encoder_matrix,LFP,patchtst__rtdl_resnet,56,1,0.7301313281059265,0
4_encoder_matrix,LFP,patchtst__rtdl_resnet,63,1,0.6924489736557007,0
4_encoder_matrix,LFP,patchtst__rtdl_resnet,65,1,1.8090617656707764,0
4_encoder_matrix,LFP,patchtst__rtdl_resnet,7,2,1.2468425035476685,0
4_encoder_matrix,LFP,patchtst__rtdl_resnet,9,2,0.6090134978294373,0
4_encoder_matrix,LFP,patchtst__rtdl_resnet,19,2,2.4082391262054443,0
4_encoder_matrix,LFP,patchtst__rtdl_resnet,20,2,1.3058639764785767,0
4_encoder_matrix,LFP,patchtst__rtdl_resnet,26,2,0.7316105365753174,0
4_encoder_matrix,LFP,patchtst__rtdl_resnet,29,2,0.9563044309616089,0
4_encoder_matrix,LFP,patchtst__rtdl_resnet,31,2,1.1815423965454102,0
4_encoder_matrix,LFP,patchtst__rtdl_resnet,44,2,1.3444148302078247,0
4_encoder_matrix,LFP,patchtst__rtdl_resnet,46,2,2.4675652980804443,0
4_encoder_matrix,LFP,patchtst__rtdl_resnet,48,2,1.4699029922485352,0
4_encoder_matrix,LFP,patchtst__rtdl_resnet,56,2,0.670647382736206,0
4_encoder_matrix,LFP,patchtst__rtdl_resnet,63,2,0.8401848673820496,0
4_encoder_matrix,LFP,patchtst__rtdl_resnet,65,2,1.296524167060852,0
4_encoder_matrix,LFP,patchtst__rtdl_resnet,6,0,1.064217448234558,1
4_encoder_matrix,LFP,patchtst__rtdl_resnet,17,0,2.3146796226501465,1
4_encoder_matrix,LFP,patchtst__rtdl_resnet,22,0,0.8824602365493774,1
4_encoder_matrix,LFP,patchtst__rtdl_resnet,23,0,0.9645470380783081,1
4_encoder_matrix,LFP,patchtst__rtdl_resnet,27,0,0.7836151123046875,1
4_encoder_matrix,LFP,patchtst__rtdl_resnet,28,0,1.0473953485488892,1
4_encoder_matrix,LFP,patchtst__rtdl_resnet,34,0,1.7956312894821167,1
4_encoder_matrix,LFP,patchtst__rtdl_resnet,52,0,0.6958750486373901,1
4_encoder_matrix,LFP,patchtst__rtdl_resnet,53,0,1.57969069480896,1
4_encoder_matrix,LFP,patchtst__rtdl_resnet,57,0,1.9473010301589966,1
4_encoder_matrix,LFP,patchtst__rtdl_resnet,58,0,1.6090075969696045,1
4_encoder_matrix,LFP,patchtst__rtdl_resnet,60,0,0.8166368007659912,1
4_encoder_matrix,LFP,patchtst__rtdl_resnet,62,0,1.1104539632797241,1
4_encoder_matrix,LFP,patchtst__rtdl_resnet,6,1,1.0878829956054688,1
4_encoder_matrix,LFP,patchtst__rtdl_resnet,17,1,2.3893239498138428,1
4_encoder_matrix,LFP,patchtst__rtdl_resnet,22,1,0.858138382434845,1
4_encoder_matrix,LFP,patchtst__rtdl_resnet,23,1,0.9888508319854736,1
4_encoder_matrix,LFP,patchtst__rtdl_resnet,27,1,0.73692387342453,1
4_encoder_matrix,LFP,patchtst__rtdl_resnet,28,1,1.226855993270874,1
4_encoder_matrix,LFP,patchtst__rtdl_resnet,34,1,1.8230435848236084,1
4_encoder_matrix,LFP,patchtst__rtdl_resnet,52,1,0.9827581644058228,1
4_encoder_matrix,LFP,patchtst__rtdl_resnet,53,1,1.5376771688461304,1
4_encoder_matrix,LFP,patchtst__rtdl_resnet,57,1,1.9282710552215576,1
4_encoder_matrix,LFP,patchtst__rtdl_resnet,58,1,1.5992114543914795,1
4_encoder_matrix,LFP,patchtst__rtdl_resnet,60,1,0.9965586066246033,1
4_encoder_matrix,LFP,patchtst__rtdl_resnet,62,1,1.068686604499817,1
4_encoder_matrix,LFP,patchtst__rtdl_resnet,6,2,0.9292834997177124,1
4_encoder_matrix,LFP,patchtst__rtdl_resnet,17,2,2.026310920715332,1
4_encoder_matrix,LFP,patchtst__rtdl_resnet,22,2,1.0574233531951904,1
4_encoder_matrix,LFP,patchtst__rtdl_resnet,23,2,1.0948973894119263,1
4_encoder_matrix,LFP,patchtst__rtdl_resnet,27,2,0.8131334185600281,1
4_encoder_matrix,LFP,patchtst__rtdl_resnet,28,2,1.3465405702590942,1
4_encoder_matrix,LFP,patchtst__rtdl_resnet,34,2,1.6885950565338135,1
4_encoder_matrix,LFP,patchtst__rtdl_resnet,52,2,0.725250780582428,1
4_encoder_matrix,LFP,patchtst__rtdl_resnet,53,2,1.6471648216247559,1
4_encoder_matrix,LFP,patchtst__rtdl_resnet,57,2,1.9727213382720947,1
4_encoder_matrix,LFP,patchtst__rtdl_resnet,58,2,1.62348473072052,1
4_encoder_matrix,LFP,patchtst__rtdl_resnet,60,2,1.00307035446167,1
4_encoder_matrix,LFP,patchtst__rtdl_resnet,62,2,1.1910377740859985,1
4_encoder_matrix,LFP,patchtst__rtdl_resnet,5,0,1.7716686725616455,2
4_encoder_matrix,LFP,patchtst__rtdl_resnet,11,0,1.3642429113388062,2
4_encoder_matrix,LFP,patchtst__rtdl_resnet,12,0,0.7412904500961304,2
4_encoder_matrix,LFP,patchtst__rtdl_resnet,18,0,2.18855357170105,2
4_encoder_matrix,LFP,patchtst__rtdl_resnet,25,0,1.0747288465499878,2
4_encoder_matrix,LFP,patchtst__rtdl_resnet,30,0,1.1660536527633667,2
4_encoder_matrix,LFP,patchtst__rtdl_resnet,32,0,1.894564151763916,2
4_encoder_matrix,LFP,patchtst__rtdl_resnet,33,0,2.6953063011169434,2
4_encoder_matrix,LFP,patchtst__rtdl_resnet,36,0,1.1707334518432617,2
4_encoder_matrix,LFP,patchtst__rtdl_resnet,39,0,1.0726076364517212,2
4_encoder_matrix,LFP,patchtst__rtdl_resnet,41,0,1.086607813835144,2
4_encoder_matrix,LFP,patchtst__rtdl_resnet,42,0,1.3516558408737183,2
4_encoder_matrix,LFP,patchtst__rtdl_resnet,61,0,1.1295883655548096,2
4_encoder_matrix,LFP,patchtst__rtdl_resnet,5,1,1.7126781940460205,2
4_encoder_matrix,LFP,patchtst__rtdl_resnet,11,1,1.2458966970443726,2
4_encoder_matrix,LFP,patchtst__rtdl_resnet,12,1,0.6118584275245667,2
4_encoder_matrix,LFP,patchtst__rtdl_resnet,18,1,2.1359992027282715,2
4_encoder_matrix,LFP,patchtst__rtdl_resnet,25,1,0.8755614161491394,2
4_encoder_matrix,LFP,patchtst__rtdl_resnet,30,1,1.3243343830108643,2
4_encoder_matrix,LFP,patchtst__rtdl_resnet,32,1,1.8377642631530762,2
4_encoder_matrix,LFP,patchtst__rtdl_resnet,33,1,2.715756416320801,2
4_encoder_matrix,LFP,patchtst__rtdl_resnet,36,1,1.0874154567718506,2
4_encoder_matrix,LFP,patchtst__rtdl_resnet,39,1,0.9652305245399475,2
4_encoder_matrix,LFP,patchtst__rtdl_resnet,41,1,0.9448065161705017,2
4_encoder_matrix,LFP,patchtst__rtdl_resnet,42,1,1.2630057334899902,2
4_encoder_matrix,LFP,patchtst__rtdl_resnet,61,1,0.8518781661987305,2
4_encoder_matrix,LFP,patchtst__rtdl_resnet,5,2,1.6013691425323486,2
4_encoder_matrix,LFP,patchtst__rtdl_resnet,11,2,1.2237350940704346,2
4_encoder_matrix,LFP,patchtst__rtdl_resnet,12,2,0.6733453273773193,2
4_encoder_matrix,LFP,patchtst__rtdl_resnet,18,2,1.9658492803573608,2
4_encoder_matrix,LFP,patchtst__rtdl_resnet,25,2,0.9933719038963318,2
4_encoder_matrix,LFP,patchtst__rtdl_resnet,30,2,1.2280148267745972,2
4_encoder_matrix,LFP,patchtst__rtdl_resnet,32,2,1.7285653352737427,2
4_encoder_matrix,LFP,patchtst__rtdl_resnet,33,2,2.5817737579345703,2
4_encoder_matrix,LFP,patchtst__rtdl_resnet,36,2,0.9901891946792603,2
4_encoder_matrix,LFP,patchtst__rtdl_resnet,39,2,0.995271623134613,2
4_encoder_matrix,LFP,patchtst__rtdl_resnet,41,2,0.9278902411460876,2
4_encoder_matrix,LFP,patchtst__rtdl_resnet,42,2,1.2811534404754639,2
4_encoder_matrix,LFP,patchtst__rtdl_resnet,61,2,0.9760786890983582,2
4_encoder_matrix,LFP,patchtst__rtdl_resnet,2,0,1.529853105545044,3
4_encoder_matrix,LFP,patchtst__rtdl_resnet,8,0,0.6387195587158203,3
4_encoder_matrix,LFP,patchtst__rtdl_resnet,13,0,0.8909335732460022,3
4_encoder_matrix,LFP,patchtst__rtdl_resnet,21,0,0.9699313044548035,3
4_encoder_matrix,LFP,patchtst__rtdl_resnet,24,0,0.772666871547699,3
4_encoder_matrix,LFP,patchtst__rtdl_resnet,37,0,1.883872628211975,3
4_encoder_matrix,LFP,patchtst__rtdl_resnet,40,0,0.8000915050506592,3
4_encoder_matrix,LFP,patchtst__rtdl_resnet,43,0,0.968924880027771,3
4_encoder_matrix,LFP,patchtst__rtdl_resnet,49,0,1.4250816106796265,3
4_encoder_matrix,LFP,patchtst__rtdl_resnet,50,0,1.5823990106582642,3
4_encoder_matrix,LFP,patchtst__rtdl_resnet,51,0,2.0586607456207275,3
4_encoder_matrix,LFP,patchtst__rtdl_resnet,54,0,0.7934890389442444,3
4_encoder_matrix,LFP,patchtst__rtdl_resnet,59,0,1.575830340385437,3
4_encoder_matrix,LFP,patchtst__rtdl_resnet,2,1,1.5433284044265747,3
4_encoder_matrix,LFP,patchtst__rtdl_resnet,8,1,0.692343533039093,3
4_encoder_matrix,LFP,patchtst__rtdl_resnet,13,1,0.9530270099639893,3
4_encoder_matrix,LFP,patchtst__rtdl_resnet,21,1,0.9920212626457214,3
4_encoder_matrix,LFP,patchtst__rtdl_resnet,24,1,0.8626758456230164,3
4_encoder_matrix,LFP,patchtst__rtdl_resnet,37,1,1.9267714023590088,3
4_encoder_matrix,LFP,patchtst__rtdl_resnet,40,1,0.9468938112258911,3
4_encoder_matrix,LFP,patchtst__rtdl_resnet,43,1,1.0334687232971191,3
4_encoder_matrix,LFP,patchtst__rtdl_resnet,49,1,1.4782694578170776,3
4_encoder_matrix,LFP,patchtst__rtdl_resnet,50,1,1.5867226123809814,3
4_encoder_matrix,LFP,patchtst__rtdl_resnet,51,1,2.060549020767212,3
4_encoder_matrix,LFP,patchtst__rtdl_resnet,54,1,0.9230617880821228,3
4_encoder_matrix,LFP,patchtst__rtdl_resnet,59,1,1.5846656560897827,3
4_encoder_matrix,LFP,patchtst__rtdl_resnet,2,2,1.6701831817626953,3
4_encoder_matrix,LFP,patchtst__rtdl_resnet,8,2,0.6966404914855957,3
4_encoder_matrix,LFP,patchtst__rtdl_resnet,13,2,0.9202250838279724,3
4_encoder_matrix,LFP,patchtst__rtdl_resnet,21,2,1.056930661201477,3
4_encoder_matrix,LFP,patchtst__rtdl_resnet,24,2,0.8365898132324219,3
4_encoder_matrix,LFP,patchtst__rtdl_resnet,37,2,1.9221018552780151,3
4_encoder_matrix,LFP,patchtst__rtdl_resnet,40,2,0.933288037776947,3
4_encoder_matrix,LFP,patchtst__rtdl_resnet,43,2,0.9483944177627563,3
4_encoder_matrix,LFP,patchtst__rtdl_resnet,49,2,1.4364348649978638,3
4_encoder_matrix,LFP,patchtst__rtdl_resnet,50,2,1.667981505393982,3
4_encoder_matrix,LFP,patchtst__rtdl_resnet,51,2,2.0536532402038574,3
4_encoder_matrix,LFP,patchtst__rtdl_resnet,54,2,0.9476123452186584,3
4_encoder_matrix,LFP,patchtst__rtdl_resnet,59,2,1.6154435873031616,3
4_encoder_matrix,LFP,patchtst__rtdl_resnet,3,0,3.7033019065856934,4
4_encoder_matrix,LFP,patchtst__rtdl_resnet,4,0,1.3795033693313599,4
4_encoder_matrix,LFP,patchtst__rtdl_resnet,10,0,1.6969813108444214,4
4_encoder_matrix,LFP,patchtst__rtdl_resnet,14,0,2.4488062858581543,4
4_encoder_matrix,LFP,patchtst__rtdl_resnet,15,0,2.9710540771484375,4
4_encoder_matrix,LFP,patchtst__rtdl_resnet,16,0,2.53356671333313,4
4_encoder_matrix,LFP,patchtst__rtdl_resnet,35,0,2.105515480041504,4
4_encoder_matrix,LFP,patchtst__rtdl_resnet,38,0,0.9859585762023926,4
4_encoder_matrix,LFP,patchtst__rtdl_resnet,45,0,1.5227742195129395,4
4_encoder_matrix,LFP,patchtst__rtdl_resnet,47,0,1.293275237083435,4
4_encoder_matrix,LFP,patchtst__rtdl_resnet,55,0,2.130371570587158,4
4_encoder_matrix,LFP,patchtst__rtdl_resnet,64,0,1.0291008949279785,4
4_encoder_matrix,LFP,patchtst__rtdl_resnet,3,1,4.110604763031006,4
4_encoder_matrix,LFP,patchtst__rtdl_resnet,4,1,1.3329507112503052,4
4_encoder_matrix,LFP,patchtst__rtdl_resnet,10,1,1.59787118434906,4
4_encoder_matrix,LFP,patchtst__rtdl_resnet,14,1,2.4014055728912354,4
4_encoder_matrix,LFP,patchtst__rtdl_resnet,15,1,2.874513864517212,4
4_encoder_matrix,LFP,patchtst__rtdl_resnet,16,1,2.3839056491851807,4
4_encoder_matrix,LFP,patchtst__rtdl_resnet,35,1,2.0153393745422363,4
4_encoder_matrix,LFP,patchtst__rtdl_resnet,38,1,0.8626794815063477,4
4_encoder_matrix,LFP,patchtst__rtdl_resnet,45,1,1.4606385231018066,4
4_encoder_matrix,LFP,patchtst__rtdl_resnet,47,1,1.3175994157791138,4
4_encoder_matrix,LFP,patchtst__rtdl_resnet,55,1,2.194499969482422,4
4_encoder_matrix,LFP,patchtst__rtdl_resnet,64,1,0.6531002521514893,4
4_encoder_matrix,LFP,patchtst__rtdl_resnet,3,2,3.2419331073760986,4
4_encoder_matrix,LFP,patchtst__rtdl_resnet,4,2,1.3917309045791626,4
4_encoder_matrix,LFP,patchtst__rtdl_resnet,10,2,1.6602777242660522,4
4_encoder_matrix,LFP,patchtst__rtdl_resnet,14,2,2.6690285205841064,4
4_encoder_matrix,LFP,patchtst__rtdl_resnet,15,2,3.2349746227264404,4
4_encoder_matrix,LFP,patchtst__rtdl_resnet,16,2,2.796386241912842,4
4_encoder_matrix,LFP,patchtst__rtdl_resnet,35,2,2.1461756229400635,4
4_encoder_matrix,LFP,patchtst__rtdl_resnet,38,2,1.0208476781845093,4
4_encoder_matrix,LFP,patchtst__rtdl_resnet,45,2,1.4796817302703857,4
4_encoder_matrix,LFP,patchtst__rtdl_resnet,47,2,1.23080313205719,4
4_encoder_matrix,LFP,patchtst__rtdl_resnet,55,2,1.9110980033874512,4
4_encoder_matrix,LFP,patchtst__rtdl_resnet,64,2,0.8938362002372742,4
4_encoder_matrix,LFP,patchtst__rtdl_ft_transformer,7,0,1.2037996053695679,0
4_encoder_matrix,LFP,patchtst__rtdl_ft_transformer,9,0,0.8894050717353821,0
4_encoder_matrix,LFP,patchtst__rtdl_ft_transformer,19,0,2.779064893722534,0
4_encoder_matrix,LFP,patchtst__rtdl_ft_transformer,20,0,1.1288825273513794,0
4_encoder_matrix,LFP,patchtst__rtdl_ft_transformer,26,0,0.7191864252090454,0
4_encoder_matrix,LFP,patchtst__rtdl_ft_transformer,29,0,0.9323605298995972,0
4_encoder_matrix,LFP,patchtst__rtdl_ft_transformer,31,0,1.265055775642395,0
4_encoder_matrix,LFP,patchtst__rtdl_ft_transformer,44,0,1.6136583089828491,0
4_encoder_matrix,LFP,patchtst__rtdl_ft_transformer,46,0,2.743722915649414,0
4_encoder_matrix,LFP,patchtst__rtdl_ft_transformer,48,0,1.8609167337417603,0
4_encoder_matrix,LFP,patchtst__rtdl_ft_transformer,56,0,0.8367737531661987,0
4_encoder_matrix,LFP,patchtst__rtdl_ft_transformer,63,0,1.0007123947143555,0
4_encoder_matrix,LFP,patchtst__rtdl_ft_transformer,65,0,1.8062758445739746,0
4_encoder_matrix,LFP,patchtst__rtdl_ft_transformer,7,1,1.414859652519226,0
4_encoder_matrix,LFP,patchtst__rtdl_ft_transformer,9,1,0.7114939093589783,0
4_encoder_matrix,LFP,patchtst__rtdl_ft_transformer,19,1,2.931490421295166,0
4_encoder_matrix,LFP,patchtst__rtdl_ft_transformer,20,1,1.1555238962173462,0
4_encoder_matrix,LFP,patchtst__rtdl_ft_transformer,26,1,0.8147280812263489,0
4_encoder_matrix,LFP,patchtst__rtdl_ft_transformer,29,1,0.9158905148506165,0
4_encoder_matrix,LFP,patchtst__rtdl_ft_transformer,31,1,1.1484121084213257,0
4_encoder_matrix,LFP,patchtst__rtdl_ft_transformer,44,1,1.495144248008728,0
4_encoder_matrix,LFP,patchtst__rtdl_ft_transformer,46,1,2.5448291301727295,0
4_encoder_matrix,LFP,patchtst__rtdl_ft_transformer,48,1,1.7078688144683838,0
4_encoder_matrix,LFP,patchtst__rtdl_ft_transformer,56,1,0.9513998627662659,0
4_encoder_matrix,LFP,patchtst__rtdl_ft_transformer,63,1,0.8497440218925476,0
4_encoder_matrix,LFP,patchtst__rtdl_ft_transformer,65,1,1.6593215465545654,0
4_encoder_matrix,LFP,patchtst__rtdl_ft_transformer,7,2,1.3532994985580444,0
4_encoder_matrix,LFP,patchtst__rtdl_ft_transformer,9,2,0.9275984764099121,0
4_encoder_matrix,LFP,patchtst__rtdl_ft_transformer,19,2,2.845700979232788,0
4_encoder_matrix,LFP,patchtst__rtdl_ft_transformer,20,2,1.1468887329101562,0
4_encoder_matrix,LFP,patchtst__rtdl_ft_transformer,26,2,0.7513236403465271,0
4_encoder_matrix,LFP,patchtst__rtdl_ft_transformer,29,2,1.0585377216339111,0
4_encoder_matrix,LFP,patchtst__rtdl_ft_transformer,31,2,1.356997013092041,0
4_encoder_matrix,LFP,patchtst__rtdl_ft_transformer,44,2,1.662602186203003,0
4_encoder_matrix,LFP,patchtst__rtdl_ft_transformer,46,2,2.686208724975586,0
4_encoder_matrix,LFP,patchtst__rtdl_ft_transformer,48,2,1.8166708946228027,0
4_encoder_matrix,LFP,patchtst__rtdl_ft_transformer,56,2,0.9092022180557251,0
4_encoder_matrix,LFP,patchtst__rtdl_ft_transformer,63,2,1.0512462854385376,0
4_encoder_matrix,LFP,patchtst__rtdl_ft_transformer,65,2,1.8318413496017456,0
4_encoder_matrix,LFP,patchtst__rtdl_ft_transformer,6,0,1.218748688697815,1
4_encoder_matrix,LFP,patchtst__rtdl_ft_transformer,17,0,2.6183688640594482,1
4_encoder_matrix,LFP,patchtst__rtdl_ft_transformer,22,0,1.0947405099868774,1
4_encoder_matrix,LFP,patchtst__rtdl_ft_transformer,23,0,1.1129761934280396,1
4_encoder_matrix,LFP,patchtst__rtdl_ft_transformer,27,0,0.8877266645431519,1
4_encoder_matrix,LFP,patchtst__rtdl_ft_transformer,28,0,1.3317439556121826,1
4_encoder_matrix,LFP,patchtst__rtdl_ft_transformer,34,0,1.9989261627197266,1
4_encoder_matrix,LFP,patchtst__rtdl_ft_transformer,52,0,1.4576338529586792,1
4_encoder_matrix,LFP,patchtst__rtdl_ft_transformer,53,0,1.727013111114502,1
4_encoder_matrix,LFP,patchtst__rtdl_ft_transformer,57,0,2.348541259765625,1
4_encoder_matrix,LFP,patchtst__rtdl_ft_transformer,58,0,1.8881746530532837,1
4_encoder_matrix,LFP,patchtst__rtdl_ft_transformer,60,0,1.0611644983291626,1
4_encoder_matrix,LFP,patchtst__rtdl_ft_transformer,62,0,1.272780179977417,1
4_encoder_matrix,LFP,patchtst__rtdl_ft_transformer,6,1,1.3149534463882446,1
4_encoder_matrix,LFP,patchtst__rtdl_ft_transformer,17,1,2.8094959259033203,1
4_encoder_matrix,LFP,patchtst__rtdl_ft_transformer,22,1,0.9252631664276123,1
4_encoder_matrix,LFP,patchtst__rtdl_ft_transformer,23,1,0.9284306168556213,1
4_encoder_matrix,LFP,patchtst__rtdl_ft_transformer,27,1,0.8155145645141602,1
4_encoder_matrix,LFP,patchtst__rtdl_ft_transformer,28,1,1.4010941982269287,1
4_encoder_matrix,LFP,patchtst__rtdl_ft_transformer,34,1,2.1850674152374268,1
4_encoder_matrix,LFP,patchtst__rtdl_ft_transformer,52,1,1.6002675294876099,1
4_encoder_matrix,LFP,patchtst__rtdl_ft_transformer,53,1,1.5597797632217407,1
4_encoder_matrix,LFP,patchtst__rtdl_ft_transformer,57,1,1.9810142517089844,1
4_encoder_matrix,LFP,patchtst__rtdl_ft_transformer,58,1,1.5700150728225708,1
4_encoder_matrix,LFP,patchtst__rtdl_ft_transformer,60,1,1.1283018589019775,1
4_encoder_matrix,LFP,patchtst__rtdl_ft_transformer,62,1,0.8301035165786743,1
4_encoder_matrix,LFP,patchtst__rtdl_ft_transformer,6,2,1.2668930292129517,1
4_encoder_matrix,LFP,patchtst__rtdl_ft_transformer,17,2,2.7404465675354004,1
4_encoder_matrix,LFP,patchtst__rtdl_ft_transformer,22,2,1.1515038013458252,1
4_encoder_matrix,LFP,patchtst__rtdl_ft_transformer,23,2,1.1649800539016724,1
4_encoder_matrix,LFP,patchtst__rtdl_ft_transformer,27,2,1.0493121147155762,1
4_encoder_matrix,LFP,patchtst__rtdl_ft_transformer,28,2,1.2668882608413696,1
4_encoder_matrix,LFP,patchtst__rtdl_ft_transformer,34,2,2.177696466445923,1
4_encoder_matrix,LFP,patchtst__rtdl_ft_transformer,52,2,1.3960609436035156,1
4_encoder_matrix,LFP,patchtst__rtdl_ft_transformer,53,2,1.8266642093658447,1
4_encoder_matrix,LFP,patchtst__rtdl_ft_transformer,57,2,2.528101921081543,1
4_encoder_matrix,LFP,patchtst__rtdl_ft_transformer,58,2,2.109539270401001,1
4_encoder_matrix,LFP,patchtst__rtdl_ft_transformer,60,2,1.3261607885360718,1
4_encoder_matrix,LFP,patchtst__rtdl_ft_transformer,62,2,1.247972011566162,1
4_encoder_matrix,LFP,patchtst__rtdl_ft_transformer,5,0,1.7959367036819458,2
4_encoder_matrix,LFP,patchtst__rtdl_ft_transformer,11,0,1.1036255359649658,2
4_encoder_matrix,LFP,patchtst__rtdl_ft_transformer,12,0,0.623127818107605,2
4_encoder_matrix,LFP,patchtst__rtdl_ft_transformer,18,0,2.5236921310424805,2
4_encoder_matrix,LFP,patchtst__rtdl_ft_transformer,25,0,1.176003336906433,2
4_encoder_matrix,LFP,patchtst__rtdl_ft_transformer,30,0,1.6963673830032349,2
4_encoder_matrix,LFP,patchtst__rtdl_ft_transformer,32,0,1.9510419368743896,2
4_encoder_matrix,LFP,patchtst__rtdl_ft_transformer,33,0,2.590365409851074,2
4_encoder_matrix,LFP,patchtst__rtdl_ft_transformer,36,0,1.2546963691711426,2
4_encoder_matrix,LFP,patchtst__rtdl_ft_transformer,39,0,1.1563342809677124,2
4_encoder_matrix,LFP,patchtst__rtdl_ft_transformer,41,0,1.1701301336288452,2
4_encoder_matrix,LFP,patchtst__rtdl_ft_transformer,42,0,1.0843746662139893,2
4_encoder_matrix,LFP,patchtst__rtdl_ft_transformer,61,0,1.056588888168335,2
4_encoder_matrix,LFP,patchtst__rtdl_ft_transformer,5,1,2.188615560531616,2
4_encoder_matrix,LFP,patchtst__rtdl_ft_transformer,11,1,1.4859979152679443,2
4_encoder_matrix,LFP,patchtst__rtdl_ft_transformer,12,1,0.7375349998474121,2
4_encoder_matrix,LFP,patchtst__rtdl_ft_transformer,18,1,3.0075902938842773,2
4_encoder_matrix,LFP,patchtst__rtdl_ft_transformer,25,1,1.005090355873108,2
4_encoder_matrix,LFP,patchtst__rtdl_ft_transformer,30,1,1.0548042058944702,2
4_encoder_matrix,LFP,patchtst__rtdl_ft_transformer,32,1,2.393500328063965,2
4_encoder_matrix,LFP,patchtst__rtdl_ft_transformer,33,1,2.9081802368164062,2
4_encoder_matrix,LFP,patchtst__rtdl_ft_transformer,36,1,1.7522928714752197,2
4_encoder_matrix,LFP,patchtst__rtdl_ft_transformer,39,1,0.8872761726379395,2
4_encoder_matrix,LFP,patchtst__rtdl_ft_transformer,41,1,0.7828377485275269,2
4_encoder_matrix,LFP,patchtst__rtdl_ft_transformer,42,1,1.177064299583435,2
4_encoder_matrix,LFP,patchtst__rtdl_ft_transformer,61,1,1.278998613357544,2
4_encoder_matrix,LFP,patchtst__rtdl_ft_transformer,5,2,2.0984184741973877,2
4_encoder_matrix,LFP,patchtst__rtdl_ft_transformer,11,2,1.3856462240219116,2
4_encoder_matrix,LFP,patchtst__rtdl_ft_transformer,12,2,0.6770253777503967,2
4_encoder_matrix,LFP,patchtst__rtdl_ft_transformer,18,2,2.858415365219116,2
4_encoder_matrix,LFP,patchtst__rtdl_ft_transformer,25,2,0.848287045955658,2
4_encoder_matrix,LFP,patchtst__rtdl_ft_transformer,30,2,1.4118149280548096,2
4_encoder_matrix,LFP,patchtst__rtdl_ft_transformer,32,2,2.339796304702759,2
4_encoder_matrix,LFP,patchtst__rtdl_ft_transformer,33,2,2.9211459159851074,2
4_encoder_matrix,LFP,patchtst__rtdl_ft_transformer,36,2,1.5947920083999634,2
4_encoder_matrix,LFP,patchtst__rtdl_ft_transformer,39,2,0.9001428484916687,2
4_encoder_matrix,LFP,patchtst__rtdl_ft_transformer,41,2,0.8994540572166443,2
4_encoder_matrix,LFP,patchtst__rtdl_ft_transformer,42,2,1.2382627725601196,2
4_encoder_matrix,LFP,patchtst__rtdl_ft_transformer,61,2,0.9230514764785767,2
4_encoder_matrix,LFP,patchtst__rtdl_ft_transformer,2,0,1.7855805158615112,3
4_encoder_matrix,LFP,patchtst__rtdl_ft_transformer,8,0,0.8528856635093689,3
4_encoder_matrix,LFP,patchtst__rtdl_ft_transformer,13,0,1.0190446376800537,3
4_encoder_matrix,LFP,patchtst__rtdl_ft_transformer,21,0,1.033372402191162,3
4_encoder_matrix,LFP,patchtst__rtdl_ft_transformer,24,0,0.9679631590843201,3
4_encoder_matrix,LFP,patchtst__rtdl_ft_transformer,37,0,2.4316153526306152,3
4_encoder_matrix,LFP,patchtst__rtdl_ft_transformer,40,0,0.9789438247680664,3
4_encoder_matrix,LFP,patchtst__rtdl_ft_transformer,43,0,0.9263418316841125,3
4_encoder_matrix,LFP,patchtst__rtdl_ft_transformer,49,0,1.47437584400177,3
4_encoder_matrix,LFP,patchtst__rtdl_ft_transformer,50,0,1.4883407354354858,3
4_encoder_matrix,LFP,patchtst__rtdl_ft_transformer,51,0,2.088691473007202,3
4_encoder_matrix,LFP,patchtst__rtdl_ft_transformer,54,0,1.1004024744033813,3
4_encoder_matrix,LFP,patchtst__rtdl_ft_transformer,59,0,1.7003554105758667,3
4_encoder_matrix,LFP,patchtst__rtdl_ft_transformer,2,1,1.733263373374939,3
4_encoder_matrix,LFP,patchtst__rtdl_ft_transformer,8,1,0.9376623034477234,3
4_encoder_matrix,LFP,patchtst__rtdl_ft_transformer,13,1,1.1256366968154907,3
4_encoder_matrix,LFP,patchtst__rtdl_ft_transformer,21,1,1.1685857772827148,3
4_encoder_matrix,LFP,patchtst__rtdl_ft_transformer,24,1,1.1397483348846436,3
4_encoder_matrix,LFP,patchtst__rtdl_ft_transformer,37,1,2.364328384399414,3
4_encoder_matrix,LFP,patchtst__rtdl_ft_transformer,40,1,1.061219334602356,3
4_encoder_matrix,LFP,patchtst__rtdl_ft_transformer,43,1,0.973663866519928,3
4_encoder_matrix,LFP,patchtst__rtdl_ft_transformer,49,1,1.4028714895248413,3
4_encoder_matrix,LFP,patchtst__rtdl_ft_transformer,50,1,1.6938222646713257,3
4_encoder_matrix,LFP,patchtst__rtdl_ft_transformer,51,1,2.2195725440979004,3
4_encoder_matrix,LFP,patchtst__rtdl_ft_transformer,54,1,1.3042550086975098,3
4_encoder_matrix,LFP,patchtst__rtdl_ft_transformer,59,1,1.798288106918335,3
4_encoder_matrix,LFP,patchtst__rtdl_ft_transformer,2,2,1.879887580871582,3
4_encoder_matrix,LFP,patchtst__rtdl_ft_transformer,8,2,0.9923851490020752,3
4_encoder_matrix,LFP,patchtst__rtdl_ft_transformer,13,2,1.2328667640686035,3
4_encoder_matrix,LFP,patchtst__rtdl_ft_transformer,21,2,1.0845474004745483,3
4_encoder_matrix,LFP,patchtst__rtdl_ft_transformer,24,2,0.962998628616333,3
4_encoder_matrix,LFP,patchtst__rtdl_ft_transformer,37,2,2.3949971199035645,3
4_encoder_matrix,LFP,patchtst__rtdl_ft_transformer,40,2,0.9687903523445129,3
4_encoder_matrix,LFP,patchtst__rtdl_ft_transformer,43,2,0.9485612511634827,3
4_encoder_matrix,LFP,patchtst__rtdl_ft_transformer,49,2,1.3702800273895264,3
4_encoder_matrix,LFP,patchtst__rtdl_ft_transformer,50,2,1.656506896018982,3
4_encoder_matrix,LFP,patchtst__rtdl_ft_transformer,51,2,2.2467458248138428,3
4_encoder_matrix,LFP,patchtst__rtdl_ft_transformer,54,2,1.1491624116897583,3
4_encoder_matrix,LFP,patchtst__rtdl_ft_transformer,59,2,1.8488705158233643,3
4_encoder_matrix,LFP,patchtst__rtdl_ft_transformer,3,0,3.4574639797210693,4
4_encoder_matrix,LFP,patchtst__rtdl_ft_transformer,4,0,1.4158226251602173,4
4_encoder_matrix,LFP,patchtst__rtdl_ft_transformer,10,0,1.657537817955017,4
4_encoder_matrix,LFP,patchtst__rtdl_ft_transformer,14,0,2.704768419265747,4
4_encoder_matrix,LFP,patchtst__rtdl_ft_transformer,15,0,3.198944091796875,4
4_encoder_matrix,LFP,patchtst__rtdl_ft_transformer,16,0,2.7787952423095703,4
4_encoder_matrix,LFP,patchtst__rtdl_ft_transformer,35,0,2.3102900981903076,4
4_encoder_matrix,LFP,patchtst__rtdl_ft_transformer,38,0,1.1056597232818604,4
4_encoder_matrix,LFP,patchtst__rtdl_ft_transformer,45,0,1.5309711694717407,4
4_encoder_matrix,LFP,patchtst__rtdl_ft_transformer,47,0,1.4696149826049805,4
4_encoder_matrix,LFP,patchtst__rtdl_ft_transformer,55,0,2.306365966796875,4
4_encoder_matrix,LFP,patchtst__rtdl_ft_transformer,64,0,0.9205029606819153,4
4_encoder_matrix,LFP,patchtst__rtdl_ft_transformer,3,1,3.4820170402526855,4
4_encoder_matrix,LFP,patchtst__rtdl_ft_transformer,4,1,1.551242470741272,4
4_encoder_matrix,LFP,patchtst__rtdl_ft_transformer,10,1,1.9381588697433472,4
4_encoder_matrix,LFP,patchtst__rtdl_ft_transformer,14,1,2.6857974529266357,4
4_encoder_matrix,LFP,patchtst__rtdl_ft_transformer,15,1,3.1569933891296387,4
4_encoder_matrix,LFP,patchtst__rtdl_ft_transformer,16,1,2.75954532623291,4
4_encoder_matrix,LFP,patchtst__rtdl_ft_transformer,35,1,2.4282429218292236,4
4_encoder_matrix,LFP,patchtst__rtdl_ft_transformer,38,1,1.0910948514938354,4
4_encoder_matrix,LFP,patchtst__rtdl_ft_transformer,45,1,1.4849181175231934,4
4_encoder_matrix,LFP,patchtst__rtdl_ft_transformer,47,1,1.3493025302886963,4
4_encoder_matrix,LFP,patchtst__rtdl_ft_transformer,55,1,2.341931104660034,4
4_encoder_matrix,LFP,patchtst__rtdl_ft_transformer,64,1,0.9015623331069946,4
4_encoder_matrix,LFP,patchtst__rtdl_ft_transformer,3,2,3.447183132171631,4
4_encoder_matrix,LFP,patchtst__rtdl_ft_transformer,4,2,1.2822970151901245,4
4_encoder_matrix,LFP,patchtst__rtdl_ft_transformer,10,2,1.4577093124389648,4
4_encoder_matrix,LFP,patchtst__rtdl_ft_transformer,14,2,2.5839688777923584,4
4_encoder_matrix,LFP,patchtst__rtdl_ft_transformer,15,2,3.145352363586426,4
4_encoder_matrix,LFP,patchtst__rtdl_ft_transformer,16,2,2.711864709854126,4
4_encoder_matrix,LFP,patchtst__rtdl_ft_transformer,35,2,2.170532464981079,4
4_encoder_matrix,LFP,patchtst__rtdl_ft_transformer,38,2,1.2585641145706177,4
4_encoder_matrix,LFP,patchtst__rtdl_ft_transformer,45,2,1.6818512678146362,4
4_encoder_matrix,LFP,patchtst__rtdl_ft_transformer,47,2,1.5691399574279785,4
4_encoder_matrix,LFP,patchtst__rtdl_ft_transformer,55,2,2.1662068367004395,4
4_encoder_matrix,LFP,patchtst__rtdl_ft_transformer,64,2,1.0999984741210938,4
